Date,Open,High,Low,Close,Volume
1999-03-10,43.03489444130346,43.061199389005964,42.32466085333573,42.98228454589844,5232000
1999-03-11,43.297945930954896,43.547842945744726,42.35096776964604,43.192726135253906,9688600
1999-03-12,43.03487065728386,43.061175590448464,41.79853879854771,42.1405029296875,8743600
1999-03-15,42.45616101292731,43.403138581988884,42.00897716087045,43.350528717041016,6369000
1999-03-16,43.534661257453486,43.90293029528089,43.06117249453254,43.71879577636719,4905800
1999-03-17,43.718807914040305,43.77141779119318,43.27162395824085,43.40314865112305,3965000
1999-03-18,43.35055066629199,44.27122376903484,43.337398193395664,44.24491882324219,4848400
1999-03-19,44.823625249205165,44.823625249205165,43.08749891913032,43.11380386352539,7160400
1999-03-22,43.29792554736358,43.40314529352971,42.50877745111759,42.58769226074219,5024800
1999-03-23,42.350955039987795,42.50878468609955,41.009403048037875,41.08831787109375,10962400
1999-03-24,41.45659013399768,42.50878785313468,40.82527150251548,42.48248291015625,8447000
1999-03-25,43.14010911802522,44.03447723388672,42.85733096374548,44.03447723388672,8133800
1999-03-26,43.66621298490515,44.16600698894925,43.376858561511206,43.56099319458008,8256200
1999-03-29,44.087103134546524,45.165606254186386,43.82405359317095,45.13930130004883,5113800
1999-03-30,45.08666541766672,45.454934563435295,44.63948145494774,44.82361602783203,4940600
1999-03-31,45.560154508734975,45.61276438692058,44.03446804135239,44.165992736816406,8256600
1999-04-01,45.45491987515497,45.50752973612159,44.35011279485607,45.08665084838867,8715800
1999-04-05,45.81662710561409,46.78333360547418,45.533849013818276,46.71757125854492,5697200
1999-04-06,46.66495040374782,47.32257371834404,46.27037641499009,46.809627532958984,7522400
1999-04-07,47.24366314014476,47.34888287987782,45.32340289001638,46.32299041748047,11923600
1999-04-08,46.24408115870516,46.91485707994917,45.297103387537135,46.69126510620117,7952400
1999-04-09,46.6123559744601,47.08584491776726,46.48083126798589,46.98062515258789,4946800
1999-04-12,45.87582958268743,46.98063740520628,45.82321968637701,46.66497802734375,10934000
1999-04-13,46.95430686950683,47.059526604788644,45.665365112304684,46.033634185791016,9962200
1999-04-14,46.612354066386025,46.66496394682213,44.19887580137986,44.45534896850586,21253800
1999-04-15,44.61317599731374,45.13269853619755,43.03487967665406,45.060359954833984,17650600
1999-04-16,44.955128801062536,44.955128801062536,43.50835754064215,43.74510192871094,17274000
1999-04-19,44.03446040108377,44.4027294844859,41.25271357467122,41.693321228027344,19460600
1999-04-20,41.50919594314641,42.982272605260604,41.11462183722296,42.64030838012695,17413600
1999-04-21,43.03489868953465,44.7710254092836,42.45618978295166,44.744720458984375,10940400
1999-04-22,45.16557152611089,46.08624421301472,44.869641019606085,45.95471954345703,13630600
1999-04-23,45.71798018116062,46.90170233774994,45.244491318524894,46.55973815917969,7064400
1999-04-26,46.87539734367045,47.980204688470764,46.72414395717993,47.63166427612305,5421000
1999-04-27,47.98021310751718,48.21695758008716,46.303273093479774,46.901710510253906,16482800
1999-04-28,46.50711929728899,46.6649488876644,45.09322921684256,45.29709243774414,7676800
1999-04-29,45.08664731957036,45.349696603815225,43.98184032574191,44.92881774902344,19148200
1999-04-30,45.56016112677645,45.79690561300104,43.61359535115205,45.218196868896484,15295200
1999-05-03,45.08664594951429,45.27078044289037,44.22515956979049,44.98142623901367,11109800
1999-05-04,45.06035007470007,45.77058326326802,44.008152758303105,44.271202087402344,15428400
1999-05-05,44.29751925704939,45.61276626586914,42.95596730805324,45.61276626586914,12642600
1999-05-06,45.19188714840682,45.58646125040106,43.53467592003101,43.9555549621582,15173400
1999-05-07,44.35012005831288,44.718389145392585,43.403142405822216,44.58686447143555,16430400
1999-05-10,44.87623557866177,45.33657211009587,44.35013668559422,45.03406524658203,10604200
1999-05-11,45.4023327599866,45.981041520542625,45.13928332337022,45.74429702758789,8800800
1999-05-12,45.95472683973715,46.84909473472917,44.61317499724912,46.69126510620117,12507400
1999-05-13,47.05954401692895,47.13845884758898,45.61277212149514,45.823211669921875,9864000
1999-05-14,44.92882278469168,45.454921412147094,44.61316360821844,44.95512771606445,12205400
1999-05-17,44.56056430233948,45.90211612017851,44.11995659746098,45.764015197753906,9906800
1999-05-18,45.717972110105165,45.98102143179737,45.034043873705436,45.560142517089844,9267800
1999-05-19,45.74427959859236,46.2177684040982,45.03404639033359,46.191463470458984,7985600
1999-05-20,46.29012499566205,46.29012499566205,44.849929318143936,44.92226791381836,5997200
1999-05-21,45.06034573764666,45.191870389537044,44.27119782630433,44.50794219970703,10958600
1999-05-24,44.586865718325676,44.665780524906786,43.08748439328464,43.37683868408203,9569800
1999-05-25,43.32423580492552,43.95555435945995,41.772244358361704,41.95637893676758,17771200
1999-05-26,42.50877569768079,43.29792376137536,41.19352892485651,43.1269416809082,26772000
1999-05-27,42.95594256847042,43.712209162985744,42.4035391429114,43.087467193603516,23334800
1999-05-28,43.350537915845536,44.03446630529455,42.79813421667517,43.79772186279297,12969800
1999-06-01,43.718796230944136,43.92923568331932,42.58768417442753,42.82442855834961,6960200
1999-06-02,42.79814537368632,43.77142833547267,41.72621886847568,43.54783630371094,11996600
1999-06-03,43.8766386088203,43.8766386088203,42.66661140497993,42.92966079711914,11147800
1999-06-04,43.245330883121376,44.39617226154994,43.245330883121376,44.24491882324219,12987200
1999-06-07,44.55397962204717,45.448347331065385,44.45533612472899,45.16556930541992,11491800
1999-06-08,45.27080962934232,45.48124918601561,43.8043089687753,44.03447723388672,8134800
1999-06-09,44.1922838007101,44.89594070051307,44.16597886987635,44.770992279052734,8384400
1999-06-10,44.297517864346325,44.56056725784007,43.725385433497436,44.258060455322266,9392400
1999-06-11,44.560562934944556,44.60659657434016,43.192706221475184,43.5872802734375,16567600
1999-06-14,43.74510225486374,43.74510225486374,42.666600034509315,42.76524353027344,14136800
1999-06-15,42.870473644950174,43.659621802243315,42.745525186712094,43.40314865112305,9147800
1999-06-16,44.481643569007325,45.632484436035156,44.42903370080033,45.632484436035156,15060200
1999-06-17,45.03404773464224,46.349294455864275,45.03404773464224,46.13885498046875,16278200
1999-06-18,45.71798187758135,46.480825073467344,45.63906706421383,46.349300384521484,5392800
1999-06-21,46.66495514441529,47.76318619135967,46.586040338646825,47.736881256103516,10565200
1999-06-22,47.45411310195923,48.05912673906847,46.296695709228516,46.296695709228516,10862800
1999-06-23,46.30324870885594,47.13843015836946,46.00731827398894,47.026634216308594,9607000
1999-06-24,47.006919533197134,47.03322446858225,45.87580731163727,46.09282302856445,14988800
1999-06-25,46.40190325927734,46.77017233276367,45.61275524466378,46.033634185791016,8635600
1999-06-28,46.428212914558685,47.191056072928205,46.046791335373925,47.12529373168945,7666200
1999-06-29,47.085831848010095,47.95389466978905,46.84908744207038,47.76976013183594,9000400
1999-06-30,47.81578979057759,50.452859204141284,47.25023375674598,48.50629425048828,19467600
1999-07-01,48.664135243287156,49.11131918876601,47.82237722826813,48.83511734008789,6822600
1999-07-02,48.82197798059342,49.505906551442244,48.82197798059342,49.45329666137695,3302000
1999-07-06,49.71632759371968,50.216121363180356,48.874569666206966,49.13761901855469,8794800
1999-07-07,49.111317726840696,49.426976973076414,48.76935354341867,49.21653747558594,10520000
1999-07-08,49.2165373387719,50.07802402922876,48.979792904753225,49.87416076660156,11225000
1999-07-09,50.05830689870969,50.42657610342957,49.69003769398981,50.373966217041016,4206800
1999-07-12,50.558080922524766,50.82113025094581,49.821542802945835,50.110897064208984,7816200
1999-07-13,49.87416076660156,50.05829532639387,49.479586709903764,49.87416076660156,6230000
1999-07-14,50.37397455121236,50.821158659499886,49.66374096746159,50.72251510620117,6909400
1999-07-15,50.90006062820294,51.189414978027344,50.61728251360181,51.189414978027344,6539800
1999-07-16,51.215722627892276,51.95226101185785,51.19599392117891,51.662906646728516,4913800
1999-07-19,51.873333244166744,51.873333244166744,50.93293179209831,51.13679504394531,6833000
1999-07-20,50.512072731556906,50.58441133330761,49.03241951392895,49.163944244384766,14837400
1999-07-21,49.269140615249974,49.82812045405086,48.87456661139053,49.400665283203125,10980400
1999-07-22,49.400664282763465,49.400664282763465,48.006502830694,48.14460372924805,15148400
1999-07-23,48.50631528231074,48.710178592201146,47.71716698596078,48.21696090698242,12115000
1999-07-26,47.559324738163276,48.08542346314296,46.95431120443664,47.033226013183594,10720000
1999-07-27,47.980201721191406,48.71673990550794,47.5724752263019,47.980201721191406,13732800
1999-07-28,48.5589231954401,49.19024180686511,47.93418081955077,48.920616149902344,10161800
1999-07-29,48.006528550451925,48.40110275771592,47.40151476598048,47.875003814697266,13033800
1999-07-30,48.08541319081956,48.61151180341058,47.56589081088592,47.63822937011719,10947400
1999-08-02,47.71716484754188,48.66414276072353,47.32259071704953,47.5067253112793,9642400
1999-08-03,48.157762008439505,48.164338242497735,46.50712725982305,47.1976318359375,13005000
1999-08-04,47.1976382040514,47.552754891109885,46.30327025145965,46.34272766113281,13227600
1999-08-05,46.349311032530345,47.07927322387695,45.244503391573325,47.07927322387695,18695200
1999-08-06,46.74388098427213,47.611944052635096,46.244087096426796,46.572898864746094,12392200
1999-08-09,46.74387624699949,46.8754009409978,45.882389501310556,45.974456787109375,7983400
1999-08-10,45.84949677095127,46.18488465610883,44.56055509465946,45.560142517089844,16767200
1999-08-11,46.375615083151786,47.13845843959614,45.678534085021596,47.05954360961914,13101400
1999-08-12,47.24368342231302,47.5593427770278,46.40192514307358,46.507144927978516,12715000
1999-08-13,47.48041056811325,48.58521790543223,47.401495758304755,48.53260803222656,14342600
1999-08-16,48.506313311154685,49.08502203829427,48.19065400544218,48.920616149902344,11470600
1999-08-17,49.34807886702291,49.40068875920524,48.26957607728521,49.163944244384766,11408400
1999-08-18,48.92716655483493,49.532179904706545,48.42737291798447,48.611507415771484,7035200
1999-08-19,48.16433488317283,48.506299030349915,47.72372723200235,48.03281021118164,10157800
1999-08-20,48.08542105373989,48.795654296875,47.822371704430594,48.795654296875,6920800
1999-08-23,49.242856208059855,50.34766387939453,49.13106019369861,50.34766387939453,9652000
1999-08-24,49.97939885312186,51.24203629783231,49.880755302753855,50.689632415771484,13891400
1999-08-25,51.00526906610504,51.97855166303433,50.45286543001004,51.76811218261719,11352000
1999-08-26,51.76811043419374,51.95224497333975,50.82770903784088,50.90662384033203,9753000
1999-08-27,51.28803316835073,51.29460940032513,50.26871721231863,50.40024185180664,9635400
1999-08-30,50.61068645616635,50.76851603970949,49.558489232545426,49.69001388549805,10141600
1999-08-31,50.03199213637107,50.55809089700589,48.92718473903796,50.242431640625,14590400
1999-09-01,50.55809614492593,51.03158507864532,50.24243685577967,50.604129791259766,10752000
1999-09-02,49.66372761853238,50.689620297093164,49.55850785662871,50.426570892333984,14583200
1999-09-03,51.87333495028298,52.76112656010654,51.68920039417143,52.741397857666016,14195400
1999-09-07,52.63618243911223,53.16228121411585,52.42574292911078,52.50465774536133,9009000
1999-09-08,52.18901158880619,52.71511049595141,51.37355828273109,51.794437408447266,14303400
1999-09-09,51.820723008799085,52.66248094599786,51.55767365342447,52.53095626831055,12677600
1999-09-10,53.24119463627882,53.65549741074591,52.636181060866555,53.1359748840332,10251000
1999-09-13,53.08335066217984,53.188570385989905,52.21528794074677,52.49806594848633,7240800
1999-09-14,52.294197148101716,53.155683544781965,52.188977435530084,52.78741455078125,10022600
1999-09-15,53.44505179219129,53.44505179219129,51.715502312512896,51.76811218261719,16096000
1999-09-16,51.7418327331543,52.215321797311276,50.669906101798915,51.7418327331543,15371000
1999-09-17,52.21531292763773,53.39903538695446,52.13639809701662,53.29381561279297,14506400
1999-09-20,53.45163956824949,53.66207909410874,53.0570654572634,53.418758392333984,6187200
1999-09-21,52.95185544295941,53.05707522526038,51.98514869306932,52.13640213012695,12265800
1999-09-22,52.2153004966732,52.96499120909395,51.5839820020031,52.68878936767578,12441800
1999-09-23,53.241207377115884,53.34642715454102,50.19641006787618,50.5054931640625,19766000
1999-09-24,50.189795183794395,50.768503514005864,49.34803761257772,50.57121658325195,23570800
1999-09-27,51.294634066337395,51.662903233993156,50.7685352554006,50.92636489868164,12608800
1999-09-28,50.669887417692756,51.34723957914926,49.5848087124469,51.16310501098633,20622000
1999-09-29,51.163099515100335,51.53136861186713,50.13720703125,50.13720703125,15557000
1999-09-30,50.61068969599802,51.18939820603542,49.97937132141176,50.663299560546875,17604200
1999-10-01,49.9793609385517,50.68301773071289,49.45326240235642,50.68301773071289,19607400
1999-10-04,50.95265033741288,52.00484755656441,50.663296102146205,51.82071304321289,12434200
1999-10-05,52.00485699984335,52.820309992759455,51.08418426590581,52.18899154663086,19526400
1999-10-06,52.504649574510694,53.31352631520017,51.70892530114949,53.23461151123047,19098200
1999-10-07,53.53055157597671,53.78702473463311,52.7150984561461,53.10967254638672,22013600
1999-10-08,52.89923587813563,53.819908804905765,52.18900247748437,53.66865539550781,22523200
1999-10-11,53.819920616832086,54.45123933374507,53.688395884141876,54.42493438720703,13016000
1999-10-12,54.2407691985752,54.674800571890664,53.03074233963511,53.18857192993164,20182800
1999-10-13,52.58356550101962,53.21488394625447,51.39984341620427,51.61028289794922,22570600
1999-10-14,51.79442851006328,52.29422238598568,50.95267040324661,51.93252944946289,22130400
1999-10-15,50.610681274987456,51.34721925612033,50.09115894900981,50.40024185180664,33703000
1999-10-18,50.45287188195609,50.63700645086834,48.328748104861226,49.762367248535156,24714800
1999-10-19,50.30161565485813,50.55808878997899,49.1902320693344,50.03199005126953,26657200
1999-10-20,50.79482750795326,51.97197330338614,50.29503376240633,51.55767059326172,22486400
1999-10-21,50.71592090407529,52.399436950683594,50.34765176887972,52.399436950683594,22454800
1999-10-22,52.70851664271429,53.24119160816156,51.978554653027295,52.162689208984375,16589400
1999-10-25,51.92594219407727,52.7611238884349,51.71550271203441,52.18899154663086,13855400
1999-10-26,52.8203095847029,53.10966387027647,51.66289244240861,51.76811218261719,13542400
1999-10-27,51.63659910245706,51.87334357108779,50.88033204988669,51.689208984375,15225200
1999-10-28,52.50465688785191,53.66207417395686,52.0311679980817,53.47793960571289,14103800
1999-10-29,54.71426263961502,55.76645999806915,54.530128101885545,55.3455810546875,19000000
1999-11-01,55.345579086281845,56.00320241192683,54.983886257177105,55.05622482299805,9681800
1999-11-02,55.34560744472402,56.029536053831826,54.87869464427542,55.089134216308594,12834800
1999-11-03,55.87166539738688,56.50298365046469,55.71383583411742,56.18732452392578,18752600
1999-11-04,56.969917940210415,57.081713923701535,56.2136509930646,56.81866455078125,20048600
1999-11-05,57.97608182017242,58.26543613052718,57.39737319946289,57.39737319946289,15134600
1999-11-08,57.60780149393004,58.75864227719919,57.42366696860698,58.554779052734375,10890800
1999-11-09,59.02831120277519,59.13353100884074,57.660453723923,58.160247802734375,14629800
1999-11-10,58.186511802673344,59.422843653815136,57.92346247264317,58.92304992675781,16561000
1999-11-11,59.554409174333536,60.05420324425948,59.02831015335886,59.97528839111328,18501400
1999-11-12,60.29093057211343,60.81702944272524,58.396974637910915,60.76441955566406,28646600
1999-11-15,60.81700103501647,61.02744048496462,60.34351227263312,60.646018981933594,10909400
1999-11-16,60.86962481077552,62.474225983401844,60.60657543821383,62.184871673583984,19126400
1999-11-17,62.1848709276569,62.454496531298396,61.02745370226904,61.34311294555664,21683600
1999-11-18,61.76401720548931,63.223941802978516,61.39574793765419,63.223941802978516,17738400
1999-11-19,62.94773905960555,63.89471716497363,62.71099453326353,63.78949737548828,17939400
1999-11-22,63.92098838959507,65.23623506427809,62.81618118286133,62.81618118286133,18841800
1999-11-23,64.34186932721602,64.39447919584006,62.50052392537418,63.10553741455078,24047600
1999-11-24,63.28965426761359,65.44008204665657,62.63203109359433,65.18360900878906,18617800
1999-11-26,65.99909473827358,66.31475401960451,65.13103171461356,65.39408111572266,8045200
1999-11-29,65.26253694873647,65.8149405262953,64.23664459041292,64.31555938720703,20485200
1999-11-30,64.44712082544962,64.55234061455239,61.86923599243164,61.86923599243164,23702400
1999-12-01,62.55319146558339,63.526474932457475,62.079702211428426,63.2108154296875,23205800
1999-12-02,63.44750016445088,65.34145539324045,63.40804276385109,65.21650695800781,17229200
1999-12-03,66.76191742160309,67.49845551766491,66.41995330557438,66.60408782958984,21444600
1999-12-06,66.8605812490803,67.76152544413527,66.23583892404217,67.20912170410156,16018400
1999-12-07,67.4195612241144,67.68261062413046,66.36078738904979,67.20912170410156,23397000
1999-12-08,67.22882007910219,67.75491864178713,66.23580904203436,66.39363861083984,19563000
1999-12-09,67.34063855481072,67.70890767190734,65.02580410448911,66.70932006835938,28445400
1999-12-10,67.26176452636719,67.49850910233016,65.76238221193508,67.26176452636719,20428400
1999-12-13,67.03150964742274,68.46512772876662,66.73557930953065,68.17577362060547,16209200
1999-12-14,67.97196814756262,68.36654226606628,66.49889143848232,66.94607543945312,27760200
1999-12-15,66.1832231037784,68.2350082397461,65.60451447568495,68.2350082397461,31797200
1999-12-16,69.12935492039803,70.07633238506102,68.81369576551037,69.91850280761719,27219600
1999-12-17,71.12857332268743,71.44423267175262,70.2276289305639,70.5235595703125,23892400
1999-12-20,71.0496473719691,71.75988079627238,70.44463371422927,71.44422149658203,15392000
1999-12-21,71.65465499270137,75.28473663330078,71.24692843161955,75.28473663330078,26003800
1999-12-22,75.07425566953064,75.17947536913755,73.60117987503389,75.0479507446289,22313600
1999-12-23,75.64640655755419,76.3895208704294,74.91644471039358,75.94233703613281,17543600
1999-12-27,76.02126934304054,76.04757428052949,73.99578915639206,75.49517059326172,19281800
1999-12-28,75.5478045448849,76.17912324581708,74.54821660174227,75.0217056274414,15346400
1999-12-29,75.75824469489021,77.86264038085938,75.65302491059174,77.86264038085938,16512600
1999-12-30,78.80958674905078,78.91480649103885,77.0208511352539,77.0208511352539,21887000
1999-12-31,77.96783934670174,78.44132824961693,76.91564178466797,76.91564178466797,14464400
2000-01-03,80.96659600954887,80.96659600954887,76.38953697587066,79.7565689086914,36345200
2000-01-04,77.4417254310154,78.704362258695,74.02208402271648,74.2851333618164,33786600
2000-01-05,73.65384212760038,75.4425782935564,70.91812799143237,72.39120483398438,42496600
2000-01-06,73.12769407226943,74.0746714055794,67.13017096130633,67.41952514648438,37134800
2000-01-07,69.81324498388501,75.7581558227539,69.44497617085774,75.7581558227539,28138200
2000-01-10,76.60000296927787,79.07266790029165,75.70563480274097,77.86264038085938,29675600
2000-01-11,77.23133147846569,78.17830965735695,73.23297916759144,74.07473754882812,32546600
2000-01-12,74.91646614157816,75.12032941847326,72.3911920019744,72.44380187988281,29050000
2000-01-13,74.49556788614352,77.0208413738094,73.29869347271854,76.8104019165039,25165200
2000-01-14,78.28348476915474,78.80958345711949,77.44172686841114,78.5991439819336,21898600
2000-01-18,77.49435584808634,79.49353135536896,76.9682570303804,79.0200424194336,16752400
2000-01-19,78.69776823930442,80.8087387084961,77.80340068849424,80.8087387084961,19006000
2000-01-20,80.38786894768809,81.5452859089768,79.13180849538047,80.01959991455078,25958000
2000-01-21,81.22964267483006,81.28225254702878,80.01961561425941,81.01920318603516,18698200
2000-01-24,82.01878594246274,82.1766155497927,76.57366448957956,77.12606811523438,28340400
2000-01-25,77.33652284068445,79.22390226715353,75.25843260108783,78.28350067138672,33276200
2000-01-26,78.49392366810005,78.54653353651031,74.91645261620273,75.12689208984375,23095600
2000-01-27,77.23127682345583,77.86259516261215,73.7590259580961,76.231689453125,30739200
2000-01-28,75.75823761696039,76.1528117712154,71.33900708930437,72.39120483398438,35313800
2000-01-31,72.28596821961088,75.75821996815114,70.28679297045133,75.49517059326172,36014600
2000-02-01,75.36365525860846,77.86262463018535,74.44298233223803,77.52066040039062,26417600
2000-02-02,77.65217729981784,79.73026741048369,77.52065260926936,78.17827606201172,26169200
2000-02-03,79.38828428792212,81.33484924395468,77.67846371843407,81.22962951660156,30579800
2000-02-04,81.65051116403485,82.69613223966964,80.99288784602555,81.78203582763672,26640000
2000-02-07,81.86097980634815,83.018397258623,81.01922165923918,82.91317749023438,17761000
2000-02-08,83.64973758228223,86.59589186190979,83.64973758228223,86.38545227050781,21999400
2000-02-09,85.91191365983751,86.02370962831709,83.12359068128798,83.33403015136719,27258200
2000-02-10,84.01796298038697,86.06974792480469,82.95918933919705,86.06974792480469,26341600
2000-02-11,85.91192513801278,85.91192513801278,82.49228329234785,84.0705795288086,24876000
2000-02-14,84.16924111526413,84.17581735099468,82.2818614605973,83.96537780761719,22814600
2000-02-15,83.28141657946455,84.70188293931643,80.70353318565927,84.57035827636719,30572800
2000-02-16,84.09688169956206,85.59626307487487,83.59708790779113,84.17579650878906,25310600
2000-02-17,85.17542066072163,86.91154720908717,83.86017327559622,85.96456909179688,30080200
2000-02-18,86.3854273235987,86.70108661954364,82.86056518554688,82.86056518554688,25271200
2000-02-22,83.33405097285404,84.12319918282425,81.0192162236081,83.12361145019531,37226200
2000-02-23,83.90619042451434,88.38460688968357,83.46558263719226,87.75328826904297,32170800
2000-02-24,88.27937522852365,89.90370521075289,85.85932084204445,89.64723205566406,48868200
2000-02-25,89.38417951337568,90.48898691171641,87.43761409725155,87.59544372558594,32617600
2000-02-28,86.91152049944951,88.96330578969075,84.5966858130235,87.54283905029297,38216200
2000-02-29,89.0158777884633,90.14698971071623,88.33194964942665,89.85763549804688,23978600
2000-03-01,90.27852569473744,91.38333282736535,89.64720733323578,90.59418487548828,24468400
2000-03-02,90.96245580904107,91.06767553814349,88.17413298782697,88.49636840820312,32739200
2000-03-03,90.90986333620569,93.54035706699868,90.06810534235193,93.48774719238281,32017200
2000-03-06,94.0664669273287,95.30279912687692,92.80382978736455,94.22429656982422,23268400
2000-03-07,95.80259631928944,95.85520620194693,91.54119582403274,92.8038330078125,39471000
2000-03-08,93.4351217548499,94.2768796084972,89.46307688295173,93.64556121826172,43512600
2000-03-09,93.61925761181375,97.22303347380264,91.8305221474689,96.80215454101562,30101400
2000-03-10,96.69693054798908,98.01217715500744,95.54608976684803,96.38127136230469,29750600
2000-03-13,92.59338857881691,96.06564065052254,92.19881447975945,93.85602569580078,37544200
2000-03-14,94.90822348189437,95.43432228168314,88.38459836451361,90.38377380371094,39106800
2000-03-15,89.64720481974531,90.06808371561266,85.75407503297234,86.59583282470703,51202600
2000-03-16,88.7002501915241,91.96206247614718,85.01755890243355,91.54118347167969,55282200
2000-03-17,90.90986129838198,93.48774509677361,90.85725142494542,93.27730560302734,31422400
2000-03-20,93.43512001856772,93.85599893757028,89.43677028804343,90.64679718017578,21167200
2000-03-21,89.33156350155005,94.22428164386109,87.17455872913335,94.06645202636719,33435100
2000-03-22,95.53952447991622,97.61761435709502,93.54034940819992,95.96040344238281,24370200
2000-03-23,96.36814658189643,99.11701278028818,95.59215086081933,97.64393615722656,19227400
2000-03-24,98.89339751730822,101.43182360067576,96.81530777030268,98.95915985107422,22063000
2000-03-27,99.32745153990015,100.59008863574634,98.59091323398987,99.11701202392578,11752600
2000-03-28,98.47251564121454,99.16959635832211,95.22385645016607,96.59171295166016,18336300
2000-03-29,97.11784122640437,97.17045110789212,92.59339141845703,92.59339141845703,27189500
2000-03-30,90.27860260009766,94.9082745283078,87.12200810359074,90.27860260009766,42328700
2000-03-31,91.02823583393881,93.11947835634832,87.54283162992294,92.17250061035156,31349900
2000-04-03,90.7125970183826,91.85686205254227,84.8071372443861,86.64848327636719,31551300
2000-04-04,87.22719923401814,87.49024868888552,74.33777594551728,85.80673217773438,66213000
2000-04-05,82.07139147354869,87.49020770545607,81.01919414696472,84.281005859375,37631500
2000-04-06,86.17494691057902,87.43758349534941,83.96533288723084,86.28016662597656,30499900
2000-04-07,87.64802418001092,90.38373681948306,86.38538757717764,89.7524185180664,20645500
2000-04-10,90.59418981887875,90.64679968520794,83.54446773076623,84.281005859375,26988200
2000-04-11,81.75574633898333,85.4384376155141,80.01962045147596,82.28184509277344,34497100
2000-04-12,82.17663105674411,83.12360887942107,75.96866533030634,77.44174194335938,34824400
2000-04-13,78.12569975852966,80.8088045987216,74.07473754882812,74.07473754882812,46330500
2000-04-14,72.44382683263039,74.49561277778115,65.65715024482407,67.65632629394531,60851300
2000-04-17,65.67029424957317,75.75824051222541,65.65714177726203,75.44258117675781,55398500
2000-04-18,75.32419431209564,78.28350000796111,73.54861089457636,77.44174194335938,36260900
2000-04-19,77.8625868949008,78.80956430308203,74.96904481434706,75.07426452636719,28082500
2000-04-20,76.07387589725178,76.57366968772473,72.44379468223768,73.4433822631836,21255600
2000-04-24,70.23413683460878,71.75982220404971,67.23537593605244,71.33894348144531,31190900
2000-04-25,72.81208141900098,76.17911408577558,72.39120233565414,76.1528091430664,28663200
2000-04-26,76.28432834608873,77.796862442606,73.33817497548117,73.54861450195312,25688300
2000-04-27,70.70765765464469,77.84944673694976,69.23458145350627,76.8104019165039,37010400
2000-04-28,78.75698130363524,79.7565689086914,77.5469542027778,79.7565689086914,24828400
2000-05-01,80.59829221239278,81.54526953603707,79.33565578086704,80.49307250976562,23205700
2000-05-02,79.86175190030123,80.49307009714155,75.54774422189234,75.8634033203125,20307900
2000-05-03,75.3373649779075,75.96868367883968,71.98348437920527,75.0217056274414,26589700
2000-05-04,74.91647785205454,76.38955466375225,73.75906035714921,75.17952728271484,17750700
2000-05-05,74.17991575604829,77.70477700119383,74.10100095205249,76.9682388305664,20571200
2000-05-08,76.17909711726529,76.38953661206436,73.86426267447547,73.969482421875,13903000
2000-05-09,74.49560032334439,75.02169919568439,70.97073787866637,72.39120483398438,19825800
2000-05-10,71.02331801268001,71.53626419832715,66.91974852750295,67.13018798828125,34847500
2000-05-11,69.6554759939805,71.75987103911586,68.07717971012899,71.23377227783203,24709700
2000-05-12,71.86509079137264,73.70643645586608,70.70767351654818,71.23377227783203,17832000
2000-05-15,71.39160029903339,74.60080267061853,69.55025467599273,74.33775329589844,17950800
2000-05-16,75.75820282255462,77.02083953626386,74.12729706734684,76.44213104248047,23758800
2000-05-17,75.1269258028675,76.1791236432438,73.86428839441595,74.86387634277344,20339400
2000-05-18,74.91646938490798,75.21897619597766,71.86509633411819,72.18075561523438,19063000
2000-05-19,70.49721085213484,71.54940802903238,68.44542635718464,68.7610855102539,28178100
2000-05-22,68.70845794677734,69.23455639966231,63.61845541511524,68.70845794677734,43879800
2000-05-23,68.49802987617359,69.5502269556847,62.50050652296024,62.973995208740234,31898500
2000-05-24,63.131872213111734,67.235443906964,60.81703689863097,66.91978454589844,49476000
2000-05-25,67.55108083252739,69.23459686573679,64.39448827025976,65.44668579101562,29632700
2000-05-26,65.44668579101562,66.70932281592269,63.763169757806224,65.44668579101562,18203200
2000-05-30,67.34060417047115,72.3385396362483,67.34060417047115,72.02288055419922,31590400
2000-05-31,71.10224262897233,72.95674063316862,69.65547113633694,69.97113037109375,29675400
2000-06-01,71.7072686453234,74.390372607841,70.70768089458154,73.54861450195312,28993500
2000-06-02,77.96784274377555,79.07265023204768,69.44504211996204,78.80960083007812,31677200
2000-06-05,77.65215490375162,80.23003809500082,77.3364957374762,79.0068588256836,23784300
2000-06-06,78.44130771062146,79.96699377608626,76.49474273054567,76.8104019165039,23200500
2000-06-07,77.07345477734668,79.12523958029311,75.38993904159575,78.86219024658203,22524400
2000-06-08,79.65138286559895,79.86182245044861,77.12610784740293,78.49396514892578,19313800
2000-06-09,79.75654502360027,79.75654502360027,78.28346899414063,78.91478729248047,17014600
2000-06-12,79.38828083700385,79.38828083700385,75.758200401117,76.38951873779297,16484700
2000-06-13,76.17910811123228,79.65136027652326,75.21897777764804,79.33570098876953,25187900
2000-06-14,79.86176994665345,79.86176994665345,77.02083741890688,77.54693603515625,20274500
2000-06-15,77.33649154663087,79.02000700887045,76.49473381551107,78.91478729248047,18807800
2000-06-16,79.75658003910783,80.23006897073843,78.33611324421608,79.33570098876953,21203400
2000-06-19,79.13836312658933,82.70268029582743,78.0204038668652,82.49224090576172,20042500
2000-06-20,82.70273456256002,83.91276184941681,81.80836656792674,82.1766357421875,20988300
2000-06-21,81.49270242625934,83.93906179541432,81.38748266844622,83.22882843017578,20880600
2000-06-22,83.01840122853677,83.33406054879737,79.54614870567022,80.1774673461914,21526700
2000-06-23,79.96700391091936,80.38788287887157,76.91563139326585,77.0208511352539,24888100
2000-06-26,78.33610364731322,79.48036842523737,77.44173577491273,79.12525177001953,22169200
2000-06-27,78.92796679813802,80.01962172969033,77.75739705225661,78.17827606201172,14786000
2000-06-28,78.27034130375436,80.38788876634963,77.86261477368943,79.12525177001953,19259800
2000-06-29,78.2308837214191,78.59915284451925,76.28431835646113,77.13922882080078,21355800
2000-06-30,77.28392214567765,79.08581073212385,76.8630430597924,78.65177917480469,15153100
2000-07-03,78.70439051830863,80.1774673461914,78.49395097146822,80.1774673461914,5212000
2000-07-05,78.80958143631347,79.09893570727456,76.49474726862468,77.07345581054688,16489000
2000-07-06,77.07346665098312,79.75657026818459,75.81082965465302,79.12525177001953,23594700
2000-07-07,79.96702391782878,81.65054021083571,79.49353496042059,80.75617218017578,16603200
2000-07-10,79.70394103610262,80.70352841543327,79.12523255333222,79.532958984375,12659400
2000-07-11,79.17786236813194,80.59832900197883,78.12566486157868,79.96701049804688,14374600
2000-07-12,80.3353055547013,82.28187157010665,79.65137695469403,81.86099243164062,18252600
2000-07-13,82.43968853248558,83.9653751741206,81.75576003795953,82.91317749023438,19566700
2000-07-14,84.38625262716542,85.12279099174168,83.176225313933,84.70191192626953,17219400
2000-07-17,84.96492889647988,85.9119064321682,84.07056122388535,85.64885711669922,13140500
2000-07-18,84.49145920911626,84.8334233964508,82.79479074118724,83.75492095947266,20684000
2000-07-19,82.75536060088092,83.28145952396343,80.5194401777802,81.86099243164062,21828500
2000-07-20,82.38704530328772,84.59665954513835,81.87409914000098,84.49143981933594,19521200
2000-07-21,82.86053962314251,83.76805981901502,81.6505126953125,81.6505126953125,14411400
2000-07-24,82.43967463844702,83.33404251901727,79.33569199411492,79.96701049804688,18579200
2000-07-25,80.49309264897677,81.65050966745879,78.96740657915957,80.59831237792969,19065700
2000-07-26,80.38785280713849,80.91395132027421,78.49389815984988,80.49307250976562,20318700
2000-07-27,79.07269003731864,80.01966836111886,77.07351357596261,77.33656311035156,26141800
2000-07-28,77.59954672065571,78.17825520467416,72.39117036448965,73.1277084350586,36485600
2000-07-31,73.75905014667205,75.86344530064272,72.15444884176941,75.28473663330078,27609900
2000-08-01,75.60038005731599,75.74505719382094,73.81164455143656,74.2851333618164,15751800
2000-08-02,73.96951293945312,76.08706122950504,72.81209524054276,72.96992492675781,23578200
2000-08-03,70.91810309483252,76.81040839648033,70.12895506336183,76.12648010253906,35874700
2000-08-04,77.44169881241332,78.08616947168782,75.0216457245254,75.8634033203125,22283400
2000-08-07,76.49475864730877,78.30979934423597,75.96865989457625,77.65217590332031,15103300
2000-08-08,77.4943354785205,79.3356808564894,77.02084666704278,79.23046112060547,14832300
2000-08-09,78.8621937958638,79.4935122251836,76.91562863879444,77.12606811523438,18649800
2000-08-10,77.2839113101415,77.6390279890683,75.3373458108391,75.60039520263672,15336200
2000-08-11,75.12687160515507,76.6920147635958,73.9694548157199,76.65255737304688,21050600
2000-08-14,76.91564380481678,78.28350067138672,75.92920856450193,78.28350067138672,12539300
2000-08-15,78.07306115345288,79.11210627325119,77.44174259965138,78.28350067138672,14090300
2000-08-16,78.65176047948862,79.70395794409716,77.44173339518879,79.07263946533203,15245300
2000-08-17,78.23086847648919,80.70353210688259,78.17825861201274,80.59831237792969,14492400
2000-08-18,80.7561761000025,81.33488485381359,79.70397836580051,80.1774673461914,14706700
2000-08-21,80.80879570926048,81.53218173855888,79.44093849022352,80.3879165649414,13560100
2000-08-22,80.80879570926048,81.95306088287794,80.19062946604186,80.3879165649414,14878200
2000-08-23,79.70396490152314,82.01879952572578,78.98057908145981,81.70314025878906,21396400
2000-08-24,82.01877414023642,83.07097137102842,80.86135718636521,82.96575164794922,13567700
2000-08-25,82.90002977555444,84.13636212505502,81.65054495425068,82.51860809326172,11764700
2000-08-28,82.70273795345713,84.04429000041206,82.43968853248558,82.91317749023438,12314200
2000-08-29,83.01837094624837,83.47870728704665,82.3739000691308,83.33403015136719,11162800
2000-08-30,82.75533952001675,83.75492721924137,82.29500307958436,83.22882843017578,10545300
2000-08-31,83.86011698442485,85.85929166786785,83.22879866333759,85.54363250732422,15588700
2000-09-01,86.70111165761077,87.13514331487733,85.1754246199465,86.38545227050781,14071900
2000-09-05,85.54365670860713,85.64887645855622,83.68915861575448,83.75492095947266,16348300
2000-09-06,83.54445121685663,83.74173817659417,80.387859861056,80.8087387084961,20964900
2000-09-07,81.4927113429756,83.68917402765554,81.28227180432363,82.59751892089844,16669700
2000-09-08,82.29500247489138,82.49228951934133,79.76972830593195,80.07223510742188,23475200
2000-09-11,79.54612260298295,80.9139792085898,77.44172782512626,78.12565612792969,27262100
2000-09-12,78.70437764012537,79.70396532405744,76.46845782080362,76.91564178466797,24256000
2000-09-13,75.9686478803502,79.02002016363296,75.7582084125376,78.70436096191406,34093100
2000-09-14,80.17745633279124,80.75616500710927,77.98099386435682,78.28350067138672,28615300
2000-09-15,78.38869255426239,78.80957144045978,76.33690798405016,76.86300659179688,24994600
2000-09-18,77.2839059949087,78.28349361499261,74.07470363569193,75.65299987792969,29218500
2000-09-19,76.38955209528656,78.9411314868991,75.65301371420253,78.44133758544922,27568700
2000-09-20,78.59913935592027,80.16428286049766,76.86301378781761,79.65133666992188,33123200
2000-09-21,78.91482980842264,79.53299597525529,73.23296206221622,73.8642807006836,25031400
2000-09-22,73.75906313579998,78.49395306605818,73.65384335957202,78.23090362548828,33710100
2000-09-25,78.80960835669325,79.33570721087679,75.75823500242876,76.1528091430664,20560800
2000-09-26,76.40269655884771,77.86262069691486,74.85070513279433,75.28473663330078,26011200
2000-09-27,76.28432924066985,76.75781818078434,74.07471418680217,75.38996124267578,28482900
2000-09-28,74.6797068416869,78.28348276183874,74.6797068416869,77.07345581054688,29050000
2000-09-29,77.44175354863556,77.82317522881736,74.65342954178931,74.70603942871094,27198800
2000-10-02,75.96862797366096,75.96862797366096,72.3911579582808,73.02247619628906,24968200
2000-10-03,74.12733799502963,74.75865670045216,70.08952877493131,70.70769500732422,35731200
2000-10-04,70.2867356794594,73.11451415458735,69.12931937336052,72.07546997070312,37672100
2000-10-05,71.75988138745792,73.39078778262743,71.18117266659132,72.28598022460938,23443100
2000-10-06,72.02289465249304,72.8646523693958,68.39281449834985,69.86589050292969,36335800
2000-10-09,69.49766781759334,70.54986566494524,66.81456330684598,69.55027770996094,28834600
2000-10-10,68.8663346274605,70.12897177876611,65.55191210528326,65.92018127441406,35283200
2000-10-11,64.71015893049774,67.7220748644579,64.02623042147623,64.86798858642578,48462600
2000-10-12,66.70933593648444,66.97238536841064,62.63206974162833,63.237083435058594,53223600
2000-10-13,62.86880064744216,68.70849677452674,62.816190772423376,68.39283752441406,42410200
2000-10-16,68.28756359146863,69.28715042370122,67.13014725940984,69.02410125732422,27644900
2000-10-17,69.97113145578403,70.0105888607403,65.65712184723193,65.86756134033203,52101400
2000-10-18,64.60492982619847,68.34023114351126,62.7635841063964,65.6571273803711,64354400
2000-10-19,69.35294872342796,71.64147765911476,68.55064834942281,71.60202026367188,44278900
2000-10-20,71.12852708953261,73.96945938452873,71.03645983923181,72.65421295166016,40692200
2000-10-23,72.54901885986328,73.6538262536683,70.81289295531252,72.54901885986328,28989200
2000-10-24,72.75946809595281,73.23295704234731,69.33982570532596,69.4450454711914,31466200
2000-10-25,68.39284391694045,69.02416247617376,64.72330479139693,65.55191040039062,48635400
2000-10-26,65.81494613432548,67.34063233568075,61.97442569643119,67.23541259765625,69991300
2000-10-27,68.06403507395662,68.9057931888809,65.22310143608712,67.1039047241211,51046400
2000-10-30,65.81498589992232,67.23545322150338,63.723742343150214,64.61811065673828,35496700
2000-10-31,65.65712627294894,69.49764728090189,65.5519065193064,68.77426147460938,43863800
2000-11-01,67.6036419397519,69.70803546316829,66.65666485421451,68.1823501586914,45186400
2000-11-02,69.18193075715043,70.07629792283221,68.23495375819323,69.02410125732422,26594300
2000-11-03,69.76067323017335,70.6550408356884,68.72162851200147,69.91850280761719,29837100
2000-11-06,70.39197447157159,70.81285324270206,69.02411846539755,69.39238739013672,23485800
2000-11-07,68.55067061797305,69.41873359970488,67.55108294203946,69.12937927246094,24334400
2000-11-08,69.12934048773704,69.2345601840654,63.65791627866196,63.72367858886719,40338200
2000-11-09,62.921411704859594,64.76275736511886,61.44833517665218,63.7105598449707,64955900
2000-11-10,62.500540158474486,63.710567451104886,60.39614486694336,60.39614486694336,49235500
2000-11-13,59.725376820092514,62.44793859101503,57.463151580485395,60.48822021484375,75023400
2000-11-14,61.4483116473688,63.97358472876751,61.237872223918906,63.84206008911133,44829500
2000-11-15,63.60532589913955,65.70972046983069,62.960855061865395,65.13101196289062,37760900
2000-11-16,63.447507900807295,64.81536462172022,61.34311294555664,61.34311294555664,33898700
2000-11-17,61.60617198342547,63.289688211836754,59.76482610860062,61.30366516113281,49913800
2000-11-20,59.712223333684264,60.659201324879255,58.29175634689177,58.80470275878906,46862300
2000-11-21,59.0808697088645,59.87001756784309,57.60779370543778,58.71260070800781,42128600
2000-11-22,57.60779339645415,59.02825953499685,55.97688782997919,56.08210754394531,56623700
2000-11-24,57.55520627851917,59.44916187817794,57.384224175772204,59.29133224487305,19987900
2000-11-27,61.08005254287925,61.39571172914736,57.870850815820134,58.554779052734375,35416600
2000-11-28,58.028680163483884,58.87043798997141,54.977308042466596,55.095680236816406,48812700
2000-11-29,55.39817997194686,56.187327834795106,52.60985752321639,52.978126525878906,66189300
2000-11-30,51.97855973202311,54.082954862874246,50.92636216659754,53.01760482788086,74792600
2000-12-01,53.925126511603594,56.20050380099565,52.29422024637461,53.87251663208008,57112500
2000-12-04,53.9777408012977,55.01678600678077,51.97856521606445,54.71427917480469,49106300
2000-12-05,55.6086356131826,59.764815569134754,55.13514675744121,59.501766204833984,76531800
2000-12-06,59.42284184343674,60.85646064842449,57.02909301309025,57.239532470703125,63352100
2000-12-07,56.397780970523236,58.06814435281252,55.13514408312346,55.97690200805664,41481100
2000-12-08,59.843720758662506,61.86920053818646,56.92387328428381,57.239532470703125,65856900
2000-12-11,60.65915979657854,62.94768837520054,59.725334916796,62.6057243347168,51829800
2000-12-12,61.869194366814426,62.18485352174715,60.02784929637352,60.317203521728516,31054500
2000-12-13,61.8165887033541,61.869198566080364,57.50257995980088,57.857696533203125,51661600
2000-12-14,57.67357237708272,58.66000748045358,54.92470655568927,55.02992630004883,41562700
2000-12-15,54.08294743427792,55.240364597268304,52.66248091606245,53.76728820800781,59026100
2000-12-18,54.84579940326512,55.52972783707082,52.66248940303922,53.87251663208008,42950000
2000-12-19,53.41218187340218,55.43766229903723,49.453288314206404,49.76894760131836,80489200
2000-12-20,48.243251375968896,49.137619176832004,46.08624667976963,46.914852142333984,81432100
2000-12-21,46.309828709333374,49.453267806615585,45.66535793206631,47.191043853759766,85875600
2000-12-22,48.50631036837239,51.13680442305636,48.40109060618503,50.92636489868164,57240000
2000-12-26,51.00526761519101,52.1232273231052,48.82195806797035,51.24201202392578,37082800
2000-12-27,50.2424172144856,52.34681165278866,49.611098882994675,51.82071304321289,33955500
2000-12-28,51.16310381574039,52.5967229200889,50.715919874934436,51.71550750732422,30996900
2000-12-29,51.82072241250147,52.38627852004907,48.82195979573742,49.13761901855469,49191000
2001-01-02,49.29543436953896,49.40065408003958,44.13966855500874,44.98142623901367,62514100
2001-01-03,43.929252929992984,54.92471863342835,43.90294798811873,52.557273864746094,118175700
2001-01-04,51.87333225013041,53.556848104090015,50.70276263292412,51.61028289794922,58465400
2001-01-05,51.61029173996275,51.61029173996275,47.138451986754966,47.66455078125,68782000
2001-01-08,47.40148771694133,48.401075138275274,45.04719629037849,48.190635681152344,55576500
2001-01-09,48.61151459539821,49.76893160957436,47.664537038345,48.190635681152344,53318900
2001-01-10,47.24365836487133,50.821129154193436,46.9279991775782,50.663299560546875,74258300
2001-01-11,49.88732928344388,53.60947908234043,49.82156691950578,52.13640213012695,65451700
2001-01-12,52.8202966293392,54.39859234535531,51.768099485328456,52.80714416503906,60793900
2001-01-16,52.66247591673051,52.96498264652192,50.978960203108755,52.17583465576172,32203300
2001-01-17,54.29338691845799,55.227212129507045,53.14912222322886,53.76728820800781,61388800
2001-01-18,53.97774030658561,56.1873554068552,52.76771298977131,56.02952575683594,54934700
2001-01-19,57.35790359917729,57.502580723596225,55.18774673289336,55.81906509399414,56292500
2001-01-22,55.450794686929875,56.397772205302495,54.50381716855726,55.871673583984375,35777100
2001-01-23,55.47711537338936,57.58151045630598,54.97732154119666,57.042259216308594,49859500
2001-01-24,57.292154109677796,58.18652198834127,56.18734673015233,56.50300598144531,53905400
2001-01-25,56.292543743931965,56.96331938200218,54.20130204877188,54.29336929321289,57151900
2001-01-26,53.50424279450518,55.503418041497504,53.03075392021752,55.17460632324219,45681400
2001-01-29,54.503833400669386,56.60822851266434,54.082954378270394,56.397789001464844,31514100
2001-01-30,56.52402887665423,57.02066281980012,55.556006270847966,56.18732452392578,42439300
2001-01-31,56.60822549249934,57.231124614227724,54.12504196166992,54.12504196166992,59322200
2001-02-01,54.335465583492635,55.22772674756067,53.535791864020446,54.840518951416016,45142600
2001-02-02,54.66376583067034,54.96679922031199,50.50547931222402,51.810203552246094,47471000
2001-02-05,51.507166070921336,52.10481663570527,50.606485351620094,51.76811218261719,36016300
2001-02-06,51.75970042519063,53.13176364242652,51.481918746073575,51.852291107177734,42417700
2001-02-07,50.934777841427945,51.515592946996435,49.3101877702979,51.010536193847656,61972200
2001-02-08,51.26308734396439,51.76814109461241,49.3102081319137,49.486976623535156,48269500
2001-02-09,49.03240991058323,49.32702396468081,47.13845416296414,47.47515869140625,55385200
2001-02-12,47.348889490736596,48.77145941456842,46.818581029345765,48.047550201416016,50540400
2001-02-13,48.52736608257435,49.81525522227371,46.279869807257505,46.507144927978516,58914000
2001-02-14,46.63339042277917,48.61152026606866,45.555938093107024,48.35899353027344,63048200
2001-02-15,49.495365950840515,50.91793891649618,49.07448698321253,49.15866470336914,67801300
2001-02-16,47.1047584228684,47.87075777380635,45.90104469838723,46.40610122680664,66779700
2001-02-20,46.919581750103646,47.00375624669723,44.023932828146954,44.6047477722168,55298400
2001-02-21,43.392615966789045,45.51384610681313,42.862307629020194,43.350528717041016,72349000
2001-02-22,43.30845256401004,43.906100012297806,41.15355078762685,42.92966079711914,103855500
2001-02-23,42.163649165115466,43.43470205541477,40.5979791123532,43.0811653137207,93337900
2001-02-26,43.838740337322974,44.2764514934327,42.29832228302493,43.89766311645508,78342700
2001-02-27,43.384185426600624,43.83873527979463,41.16194598127468,41.24612045288086,66741700
2001-02-28,41.62493766754896,42.264672395014735,39.4447841135128,39.94142150878906,102187900
2001-03-01,39.5373738533057,41.41449378736345,38.51042807704782,41.077789306640625,101773000
2001-03-02,39.730987280559674,41.776459942765676,38.426262725960015,39.31010818481445,95927100
2001-03-05,39.98351316696333,40.707425708596766,39.638392444911645,40.02560043334961,43888400
2001-03-06,41.498658445409966,42.643449554698705,41.330306245034954,41.58283615112305,60828600
2001-03-07,42.424615360855235,42.44986707979241,41.22090085537377,41.59968948364258,55215500
2001-03-08,41.54074924664821,41.927960303952894,40.48855191810037,40.82525634765625,48965200
2001-03-09,39.77304849047095,39.87405850817799,37.83700656065814,37.9632682800293,79990900
2001-03-12,37.03734660835981,37.837017234159696,35.18547863573153,35.60635757446289,80674000
2001-03-13,36.0104150782606,37.66026360485429,35.463274170185166,37.41615295410156,80024400
2001-03-14,35.94307412853863,38.03905015191728,35.61478895941084,36.82691955566406,97190000
2001-03-15,38.047455727884845,38.140049605799625,35.39591719744936,35.48009490966797,74135500
2001-03-16,35.25282320374008,36.0272389623463,34.14170298683882,34.68042755126953,77784500
2001-03-19,34.88245221472438,36.414451599121094,34.30164031988786,36.414451599121094,53248200
2001-03-20,36.56595953609366,36.87741224989378,33.83866592354775,33.964927673339844,104796200
2001-03-21,34.10802817636583,35.185477187638156,33.42620316770368,33.964927673339844,96200700
2001-03-22,34.17537256260259,36.02724075317383,33.24102390594043,36.02724075317383,130208100
2001-03-23,36.65855923556958,36.89425365251258,34.93295602589823,36.02724075317383,95277500
2001-03-26,36.59121913122607,36.616470842201366,34.975042196719926,35.19390106201172,57666200
2001-03-27,35.185475477873084,36.80165212729817,34.86560661405072,36.40602493286133,69945300
2001-03-28,35.26964943962029,35.522176111170495,33.400946290257195,33.417781829833984,77863500
2001-03-29,33.148443917949294,34.183806278006124,32.323521140287426,32.7864875793457,79654700
2001-03-30,33.08108429662495,33.65347991631843,31.986799686405586,32.9548225402832,63661300
2001-04-02,32.971679298898515,33.54407534264366,31.397591784126302,31.481769561767578,69713600
2001-04-03,31.313399177591172,31.77636544921032,29.141661931413015,29.17533302307129,89015700
2001-04-04,29.217415780182307,30.143351391800792,28.28306400247207,28.661855697631836,76473900
2001-04-05,30.30329019927524,31.953135228361035,30.059179590906332,31.405994415283203,87035800
2001-04-06,31.06088046123602,31.22922954104855,29.882417636231114,30.26120948791504,86123600
2001-04-09,30.968266754414252,31.473320093268107,30.17701245621217,31.187122344970703,51638700
2001-04-10,31.902633713124686,34.05753242368393,31.801620427777948,33.50197219848633,94265100
2001-04-11,35.48848900581155,35.7746866272717,34.04908473804847,34.51205062866211,92829500
2001-04-12,33.92284581185466,36.02724075317383,33.670319061106724,36.02724075317383,79531500
2001-04-16,35.30334201058545,35.71580499120314,33.720838715649506,33.88077163696289,65229800
2001-04-17,33.6282378128056,35.943072661845314,33.586150548669906,34.7225227355957,94694300
2001-04-18,36.80164892988405,40.4043709815346,36.363934525591326,38.342063903808594,128891400
2001-04-19,38.80505266037477,41.0357132279566,38.367341211669675,40.65692138671875,110467600
2001-04-20,40.55590487526866,41.616518651678476,36.23768499127754,40.741092681884766,80598100
2001-04-23,39.554213723950994,40.16869673907364,37.78651982342552,38.00537872314453,79317600
2001-04-24,37.963296255340154,39.074416902058694,36.826923888349405,37.28989028930664,88888300
2001-04-25,36.95316168085779,38.36731477295858,36.27975300000936,37.9632682800293,68418400
2001-04-26,38.63669475696615,38.93130878224884,36.927923777170435,36.99526596069336,71110200
2001-04-27,38.00537872314453,38.27474105275851,37.2393789962325,38.00537872314453,55580000
2001-04-30,38.93130433050371,40.042424543160436,38.131633653396534,38.847129821777344,73859100
2001-05-01,38.88923578864858,40.47174236036909,38.215829761656835,40.44648742675781,54498300
2001-05-02,41.07779617616997,41.582852981715945,39.98351124739901,41.229312896728516,77566500
2001-05-03,40.320211436748714,40.320211436748714,38.889222125249,39.3942756652832,67124900
2001-05-04,38.131628262779344,40.57272720336914,37.97169543438807,40.57272720336914,72673400
2001-05-07,40.40440122306305,40.90945495393001,39.646817415709286,39.730995178222656,45561600
2001-05-08,40.65690170019587,40.698988948609234,39.5542010209301,40.57272720336914,56970700
2001-05-09,39.60472464098871,40.36230834315437,39.09125159963786,39.18384552001953,60984600
2001-05-10,40.3370573713049,40.44648685259177,38.485191626129435,38.527278900146484,61130300
2001-05-11,38.586174415807584,39.074392228754654,37.954856119221105,38.342063903808594,48760400
2001-05-14,38.13163205844388,38.18213868819813,36.49020351852329,37.72758865356445,43108000
2001-05-15,37.794939202442855,38.97339859174091,37.52557687282888,38.00537872314453,69007600
2001-05-16,37.29831735756035,40.000361159398466,37.087877749110895,39.68891143798828,80110500
2001-05-17,39.94140642420799,41.069361953026785,39.78147039445504,40.32019805908203,73810700
2001-05-18,40.10134488006431,40.724247123981456,39.63837868838275,40.43804931640625,41095100
2001-05-21,40.54749143737251,43.055933729083144,40.10977999386677,42.97175598144531,85426900
2001-05-22,43.19060251113296,43.72932709709764,42.23941510782242,42.845481872558594,77233900
2001-05-23,42.45828283720678,42.46670221747268,40.9431187056716,40.9515380859375,65618000
2001-05-24,41.22089173485796,42.079485310330575,40.63166047195886,42.003726959228516,61792500
2001-05-25,42.05422346018859,42.10473008962291,40.42121430776379,41.23772048950195,36191100
2001-05-29,40.825269408865005,40.825269408865005,38.805048607304315,38.82188415527344,66609600
2001-05-30,38.241065229686726,38.5946020394401,37.104693242848754,37.39930725097656,81397400
2001-05-31,37.49190732361687,38.59460840245406,37.28988396255644,37.65184020996094,68018300
2001-06-01,38.333659550822425,38.9144714066645,37.31513315581819,38.76295471191406,61874300
2001-06-04,38.998633803004346,39.27641216015983,38.123205068782845,38.577754974365234,41696000
2001-06-05,38.973397595455175,40.707420357688626,38.88922307374718,40.27812194824219,68146400
2001-06-06,40.47172773602311,41.153549687142004,39.621550325174525,39.966670989990234,61169500
2001-06-07,39.67205073564602,41.65859989389256,39.621544105655296,40.99361038208008,65400200
2001-06-08,41.01044950543608,41.05253676190993,39.52053750668863,39.85723876953125,56391400
2001-06-11,39.47845092846932,39.562625442863165,38.2915722936255,38.76295471191406,48809400
2001-06-12,37.769689190896294,39.3942827589836,37.23096446157147,38.55252456665039,78450500
2001-06-13,38.948137382196066,39.35218077812119,37.475061096384046,37.50031280517578,68535400
2001-06-14,37.05417388624487,37.37404270742788,35.353822967709874,35.56426239013672,91050300
2001-06-15,35.18548475654278,36.254517832213914,34.747770198791855,35.858890533447266,84589400
2001-06-18,35.892570013206175,36.338700842594626,34.84879161783456,35.37909698486328,63539100
2001-06-19,36.464968981987866,36.66699238509427,34.73094574308918,35.20233154296875,73386900
2001-06-20,34.764602258689855,36.17033968738355,34.747766714573864,36.00198745727539,83588600
2001-06-21,35.917811980622595,37.23095560424147,35.60636242264862,36.49020767211914,67212600
2001-06-22,36.71747442047587,37.20569548689164,35.8504649120389,36.40602493286133,51870400
2001-06-25,36.70904702157813,36.86897979902093,35.90096054968265,36.49860763549805,39212100
2001-06-26,35.80839748164883,36.94476985871906,35.75789082960348,36.624900817871094,55155100
2001-06-27,36.76797894824171,37.163606120121855,36.19558341868998,36.860572814941406,53289400
2001-06-28,37.374045412427016,39.023889833011104,37.33195495605469,37.33195495605469,89963700
2001-06-29,37.95487645337117,39.15859090729793,37.62659127703707,38.46834945678711,59719600
2001-07-02,38.426263968079475,39.12492161985309,38.039052747077335,38.257911682128906,50884300
2001-07-03,38.08952743138477,38.45989958081689,37.71073590864164,38.41781234741211,24758400
2001-07-05,37.76968538266599,38.03063155195765,36.57439041137695,36.57439041137695,44409800
2001-07-06,36.20399957886722,36.288177280879665,34.924530618788125,35.05921173095703,53434800
2001-07-09,35.2612564385652,35.934662470068254,34.93297119889829,35.362266540527344,45547500
2001-07-10,35.99354541165226,36.09455861273203,34.00700062282892,34.0911750793457,58620000
2001-07-11,34.02382983456269,34.59622507748299,33.56086394394906,34.51205062866211,77840200
2001-07-12,35.88413122683097,36.8942410971266,35.60634964780309,36.70063400268555,70363300
2001-07-13,36.51545756386979,37.399302691553785,36.111414168672866,36.32185363769531,62474200
2001-07-16,36.507042463611235,36.91950528407667,35.269660424318616,35.6484489440918,53390800
2001-07-17,35.20231131578875,36.5322901953244,34.96662015680318,36.44811248779297,59813000
2001-07-18,35.58110063923016,36.06931846669831,34.62991347832108,35.05921173095703,64797200
2001-07-19,35.74105375697435,36.49021806962107,35.14340618295875,35.89257049560547,76590200
2001-07-20,34.924530618788125,35.471671232139485,34.81510121169745,35.05921173095703,49012800
2001-07-23,35.55587042549829,35.69055161907373,34.133296906613964,34.18380355834961,55329400
2001-07-24,33.99018136514677,34.427895812938175,33.08950076272735,33.79657745361328,70422900
2001-07-25,33.78814189820579,34.27636273694225,33.16524321346236,34.0911750793457,68859600
2001-07-26,34.04911917794589,35.26124980667544,33.65349180401113,34.59626007080078,69199300
2001-07-27,35.050809943430544,35.57269911358325,34.76461203507855,35.3117561340332,47452900
2001-07-30,35.46327079623965,35.606368136551254,34.848787748740975,35.101314544677734,39459400
2001-07-31,35.219140401973,36.01039144143262,34.932942670925804,35.151798248291016,55732500
2001-08-01,35.8841495790058,36.616478244807276,35.698961764943576,36.2797737121582,53864800
2001-08-02,36.86057976281649,37.03734815380727,36.04407356007104,36.96158981323242,53187300
2001-08-03,36.64173245552203,36.64173245552203,35.8252292064955,36.34711837768555,51513700
2001-08-06,35.799970953736235,36.069333288763815,35.648454238901685,35.77471923828125,31105700
2001-08-07,35.438014232050136,36.044081083146466,35.30333306636787,35.58953094482422,38407500
2001-08-08,35.22754629757068,35.90095479390368,33.922822955262454,34.0911750793457,76045200
2001-08-09,34.01545439458656,34.4110818419658,33.65349805146369,34.234310150146484,66861400
2001-08-10,34.023855274957036,34.301636943658394,33.02216445638468,33.906009674072266,68491900
2001-08-13,34.16696480991302,34.798283447782026,33.83867963198955,34.59626007080078,48425700
2001-08-14,34.924528690109874,35.10129703799761,34.12485822593333,34.17536163330078,51267600
2001-08-15,34.19220747119066,34.453153595037065,32.88748327406222,32.91273498535156,58935300
2001-08-16,32.52552311753802,33.325193724803704,32.02046968718674,33.29994201660156,68227300
2001-08-17,32.357182021326636,32.66021546807709,31.742698959217115,31.784786224365234,56649300
2001-08-20,31.86055114215677,32.53396036730742,31.582772566177315,32.22250747680664,49921300
2001-08-21,32.230930615362745,32.53396415979455,30.85044732277654,30.88411521911621,56445600
2001-08-22,31.523834770887994,31.852119846176723,30.757835191530415,31.725854873657227,65221400
2001-08-23,31.709008263653512,32.373997559548975,31.397558840798244,31.41439437866211,54711800
2001-08-24,31.868965995999076,33.156855015683895,31.77637208014281,33.08109664916992,58450600
2001-08-27,33.06425377059655,33.58614605136363,32.685465233044056,33.12317657470703,50927500
2001-08-28,33.09793638611602,33.19894648389703,31.995231847575084,32.087825775146484,65275500
2001-08-29,32.29826192074031,32.36560411947558,31.254483528765785,31.616439819335938,59060500
2001-08-30,30.976681210123427,31.405979414417494,30.092836310351213,30.446372985839844,76105800
2001-08-31,30.328536692195193,31.170294608368707,30.25277835129751,30.833593368530273,54309000
2001-09-04,30.732582617483533,31.56592443544203,29.75614348338927,29.85715675354004,74073600
2001-09-05,29.87401535956052,30.22755244484255,28.746058660575276,29.739334106445312,95461200
2001-09-06,29.242675634805373,29.899245876500572,28.434585478428104,28.535598754882812,88701800
2001-09-07,28.299906346034057,29.545707945323795,28.07263127432513,28.36724853515625,95528800
2001-09-10,28.190477374675634,28.889134858356616,28.064212387828082,28.703947067260742,80371300
2001-09-17,26.304938975237846,27.609663306199216,26.170257816126714,26.26285171508789,97700900
2001-09-18,26.540623696280342,27.35712817457856,25.56418478833743,25.673612594604492,66285300
2001-09-19,25.791463558038647,26.09449693949135,23.78808030588974,25.22748565673828,116632800
2001-09-20,24.66351277174415,25.328502470622823,24.24263370324663,24.385732650756836,90840200
2001-09-21,23.072588439956455,24.385730572193232,22.895820016907276,23.72916030883789,112341900
2001-09-24,24.47831581847234,25.25273302891337,24.065854704996482,24.924448013305664,85696500
2001-09-25,25.008620250358575,25.614686815933453,24.36888581751347,25.00020408630371,83860600
2001-09-26,25.210654395100143,25.252741655649128,23.914346219457638,24.133203506469727,59759800
2001-09-27,23.905926028179916,24.234212728255187,23.08100360286179,23.9732666015625,70050700
2001-09-28,24.276298463572832,25.185396950043245,23.83016618941089,24.39414405822754,84810800
2001-10-01,24.284719862513,24.394147701675404,23.44296181948327,24.18370819091797,53460800
2001-10-02,24.116361553629318,24.75609769829233,23.9059220957346,24.25946044921875,74133400
2001-10-03,23.922760382854083,26.607968623268288,23.847002040876582,26.09449577331543,136198600
2001-10-04,26.64164054049478,27.946366411724426,26.0439931275221,26.34702491760254,127371500
2001-10-05,26.094493870090222,26.852075629084474,25.47159324133825,26.734230041503906,96443400
2001-10-08,26.203928165869307,27.23087243928392,26.060829228911636,26.81841278076172,67789600
2001-10-09,26.818409689311487,26.95309083733165,25.9850694838645,26.170255661010742,57564800
2001-10-10,25.98507452375802,27.390810683700973,25.88406284038837,27.357139587402344,73840600
2001-10-11,27.937943412623717,29.671965834384757,27.89585616003348,29.208999633789062,117232200
2001-10-12,28.8975580863266,29.293182223118553,27.895863858559323,29.08274269104004,111901600
2001-10-15,28.720783682077172,29.082739899392287,28.33357575087332,28.956478118896484,78322000
2001-10-16,29.1753410545549,29.54571353159716,28.678703554561476,29.427867889404297,81346800
2001-10-17,30.19385276148081,30.303282179556913,27.188777535558852,27.31504249572754,141530300
2001-10-18,27.525492844571442,28.232569836927407,27.272966035384155,28.055801391601562,94448200
2001-10-19,27.660164550302465,28.409328552435486,26.936252257124018,28.240976333618164,73434200
2001-10-22,28.14839194186634,29.040656754654954,27.96320732868574,28.99856948852539,74104900
2001-10-23,29.310027929795076,29.798249354738743,28.619786282225682,29.150094985961914,104062200
2001-10-24,29.124832814529213,30.033933223663038,28.889141542999443,29.78140640258789,90171400
2001-10-25,29.20900357154551,30.99352965257172,28.81337627954814,30.976694107055664,118551900
2001-10-26,30.724169408160442,31.19555508108635,30.31170654296875,30.31170654296875,93823900
2001-10-29,30.303289268575526,30.429554258282085,28.653444290161133,28.653444290161133,92146800
2001-10-30,28.375669402381202,28.695538431578427,27.64334063518886,28.097890853881836,96092200
2001-10-31,28.653444366361228,29.42786021953484,28.35041095910126,28.535598754882812,106175500
2001-11-01,28.990141133092365,29.93291229997864,28.434581043451185,29.747724533081055,92716000
2001-11-02,29.688806673812103,30.17702467084475,29.368937717172155,29.966585159301758,64917700
2001-11-05,30.52213714222013,31.279720464687365,30.43796264463544,30.943016052246094,64473000
2001-11-06,30.808329858883177,32.155144075931254,30.631561516418035,32.146724700927734,107214900
2001-11-07,31.658506606681893,32.693868159518104,31.56591274885049,32.104637145996094,92562100
2001-11-08,32.44977105447397,33.16526729867151,31.355486269818236,31.776365280151367,105916300
2001-11-09,31.641683506947505,32.054146341876546,31.246056217429036,31.75952911376953,74121900
2001-11-12,31.145033936751517,32.281405512185685,30.555802922764997,31.986791610717773,112994400
2001-11-13,32.85380636301301,33.24943356204717,32.51710516496478,33.131587982177734,97931800
2001-11-14,33.63663744938154,33.87233179259606,32.60969522277497,33.36727523803711,88660100
2001-11-15,32.96324646497427,33.762917287566374,32.78647803785824,33.232608795166016,86349700
2001-11-16,33.23261237618805,33.40096465346197,32.7612266420316,33.140018463134766,64035500
2001-11-19,33.49356649965518,34.08279800415039,33.24103962945819,34.08279800415039,69196300
2001-11-20,33.73766283944193,33.86392461527382,32.3908480865378,32.50869369506836,85176500
2001-11-21,32.3824301279789,32.78647356818458,31.969967309885607,32.34033966064453,60867900
2001-11-23,32.62654395911653,33.19052358034023,32.46661106915434,33.06425857543945,27046000
2001-11-26,33.316795116236946,33.97336556390073,32.83698993019061,33.88077163696289,75267500
2001-11-27,33.71241905343159,34.486838354140254,32.996925787508346,33.83868408203125,100289700
2001-11-28,33.44303281189228,33.98175722251931,32.56760403909796,32.61811065673828,101568200
2001-11-29,32.85381578468845,33.670322123725484,32.6517956501353,33.62823486328125,83774700
2001-11-30,33.443048511105424,33.7039946748339,33.1315989170795,33.375709533691406,66018200
2001-12-03,33.07264962215107,33.33359236585667,32.719109837932585,32.803287506103516,60449800
2001-12-04,33.11477061130074,34.37740802167918,32.35718688065248,34.36899185180664,79378700
2001-12-05,34.680436897593154,36.32186595480357,34.61309470336485,36.0693359375,115773700
2001-12-06,35.943074086290075,36.39762426349545,35.65687618335179,36.119842529296875,77702100
2001-12-07,35.757870931303884,35.85888096813224,34.6299153517252,35.12655258178711,81632600
2001-12-10,34.781412718148204,35.54741176219605,34.411040647867175,34.51205062866211,69088000
2001-12-11,34.899288631640935,35.57269444195908,34.62151013972004,34.705684661865234,66056500
2001-12-12,34.932971888637645,35.303344410513894,34.175388081330205,34.98347854614258,76093400
2001-12-13,34.26797459020134,34.51208523200719,33.46830368041992,33.46830368041992,79582600
2001-12-14,33.56090838358213,34.05754599576592,33.30838149168694,33.76293182373047,70006300
2001-12-17,33.68713816462055,34.71408342231005,33.68713816462055,34.34370803833008,62295500
2001-12-18,34.6467710426894,34.93296898935758,33.80501275378922,34.7309455871582,50850400
2001-12-19,34.14169983669209,34.78143439516435,33.93967653814478,34.099609375,79596200
2001-12-20,33.75448355641167,33.92283574396266,32.559189125796365,32.65178298950195,83048800
2001-12-21,33.18210215411047,33.42621276930056,32.95483029699115,33.232608795166016,56205000
2001-12-24,33.283107224573,33.358865561939005,32.954822166337465,33.09791946411133,13660400
2001-12-26,33.140008146995726,33.92284326323632,32.96323975585794,33.40937042236328,37672900
2001-12-27,33.544052683489134,33.83866988963757,33.333613198119565,33.678733825683594,34255200
2001-12-28,33.91442614276741,34.3437212536024,33.86391951341267,33.948097229003906,38240400
2001-12-31,33.93125443648561,34.04910000208416,32.75279235839844,32.75279235839844,46176900
2002-01-02,33.30838149168694,33.796602932264136,32.76965659936288,33.76293182373047,61708800
2002-01-03,33.93125472432886,34.97503249509981,33.88916426964303,34.932945251464844,85769100
2002-01-04,35.31174419787084,35.597942009481535,34.45315076303872,35.0760498046875,86876900
2002-01-07,35.446430076460146,35.539023970705685,33.76291406778326,34.688846588134766,75166200
2002-01-08,34.596253150084145,35.160232690174695,34.377397478933126,34.92454147338867,66956800
2002-01-09,35.38749886376765,35.85888117910745,34.42789548062452,34.60466384887695,85123000
2002-01-10,34.65517949963152,34.966632309163806,34.24271982805986,34.83195114135742,75548000
2002-01-11,34.806685964180616,35.017125427594166,34.06594136492191,34.385807037353516,60832900
2002-01-14,34.082768563392165,34.24270136045423,33.417779251151515,33.636634826660156,71310700
2002-01-15,33.69557771281688,34.301644608279105,33.29995356588127,33.95652389526367,66916100
2002-01-16,33.27468225421304,33.61980279729939,32.63494778814478,32.64336395263672,90942000
2002-01-17,33.23260898872667,33.64507186545203,32.836981659117875,33.375709533691406,75285900
2002-01-18,32.685475241394705,33.20736447091319,32.17200218173247,32.48345184326172,81985600
2002-01-22,32.82858189348917,32.845417449017425,31.42284672294563,31.481769561767578,81773800
2002-01-23,31.69218104093493,32.56760667349166,31.439651143356937,32.348751068115234,74968800
2002-01-24,32.778045654296875,33.257847315282774,32.63494837799101,32.778045654296875,77251200
2002-01-25,32.38242201526681,32.95481754825323,32.28982814801151,32.685455322265625,58832100
2002-01-28,32.95482132790517,33.15684141504044,32.34033526765265,32.870643615722656,47795900
2002-01-29,32.93799179052544,33.16526683827657,31.574341504018612,31.969968795776367,83339800
2002-01-30,31.98680196498273,32.70229493504191,31.018779042148086,32.21407699584961,101385500
2002-01-31,32.466606184912486,32.61812288357843,32.00363992167854,32.416099548339844,69655500
2002-02-01,32.32349593924318,32.727539237102384,31.734264925721163,32.104637145996094,61207100
2002-02-04,31.953118829412183,32.04571268237961,30.816747314567724,31.07769012451172,82763300
2002-02-05,30.79993075579536,31.42283319801734,30.46322621226145,30.564239501953125,86853800
2002-02-06,31.010356504302056,31.052443750767,30.050753156276514,30.35378646850586,98507600
2002-02-07,30.294861060941066,30.766243318258777,29.46151952438886,29.62145233154297,97725900
2002-02-08,29.848725818580125,30.505298976138587,29.43626636384339,30.446372985839844,80483100
2002-02-11,30.421130576742538,30.976690672974993,30.28644943859684,30.833593368530273,57641200
2002-02-12,30.56422868192116,31.128204899977057,30.336953677151193,30.581064224243164,51477700
2002-02-13,30.909360411346036,31.271316674086393,30.816766500730708,31.102964401245117,60984700
2002-02-14,31.271304232091193,31.624840974448013,30.303281456693,31.044029235839844,77482300
2002-02-15,31.001961395400315,31.069300393269444,30.000266909525994,30.118112564086914,79719900
2002-02-19,29.77297913787327,29.84873748523893,28.88913389264186,29.192167282104492,72437200
2002-02-20,29.37734439292851,29.604616141395766,28.56083841366583,29.587783813476562,106552700
2002-02-21,29.284758540790893,29.419439678322448,28.18205451965332,28.18205451965332,109307800
2002-02-22,28.29148417076702,28.788121471408708,27.853769667569974,28.32515525817871,99824200
2002-02-25,28.619788418857482,29.67198652249195,28.57770113692286,29.46996307373047,88994700
2002-02-26,29.65514305187983,29.823495345735072,28.93123043603934,29.36052894592285,94683300
2002-02-27,29.789816787745988,29.89082685435305,28.6702802542997,28.956478118896484,95159300
2002-02-28,29.049072452462035,29.436283643312535,28.409337668928533,28.434589385986328,95711200
2002-03-01,28.746057288956624,30.09286975584551,28.695550617302963,30.084453582763672,86081600
2002-03-04,30.050742741987683,31.33863066158502,29.79821613966173,31.271291732788086,105734600
2002-03-05,31.086128864994684,31.87738037328937,30.985118785671485,31.49858856201172,91452600
2002-03-06,31.21238559530144,31.944714095532134,30.80833896305174,31.650096893310547,86943400
2002-03-07,32.08782356935325,32.26459524213472,31.153471398712348,31.717451095581055,85496000
2002-03-08,32.180412646674554,32.853818502648764,32.096238118822434,32.550785064697266,84443700
2002-03-11,32.28140572408868,32.98848230330378,32.037298437434615,32.43292236328125,71035200
2002-03-12,31.624835554028227,31.986791610717773,31.414396135536663,31.986791610717773,82652100
2002-03-13,31.49016169681025,31.700601163699133,31.03561167767792,31.212383270263672,71376200
2002-03-14,31.19556253120742,31.48176047043145,30.917780761790144,31.027210235595703,70700500
2002-03-15,31.0524424535356,31.4228179134771,30.799915774244266,31.338640213012695,63966500
2002-03-18,31.675358918736897,31.93630188056714,31.187137668385972,31.515422821044922,78938300
2002-03-19,31.650093139029032,31.88578751505896,31.330227475429822,31.464908599853516,58947600
2002-03-20,31.035608209970807,31.21237978280531,30.336950927709665,30.35378646850586,61816500
2002-03-21,30.429546369411888,31.26288481006528,30.219106915158836,31.161874771118164,89198800
2002-03-22,31.094553858756434,31.262906179444304,30.698929597851393,30.87569808959961,58930100
2002-03-25,30.884114676934008,31.060886382118294,29.899258885873678,29.93292999267578,87421900
2002-03-26,29.81506043450667,30.656818254264188,29.79822810383662,30.2106876373291,92457500
2002-03-27,29.99183592538492,30.303285460186817,29.798231986937704,29.975000381469727,64531800
2002-03-28,30.320115386913468,30.61472932321918,30.21910535318738,30.35378646850586,59539400
2002-04-01,30.134946956824102,31.0608830275604,29.714067800413,30.93461799621582,70730500
2002-04-02,30.286466470129177,30.429567066097842,29.46154363371166,29.537302017211914,77759800
2002-04-03,29.714068654386598,29.84033368936,28.872310317372513,29.486793518066406,85766400
2002-04-04,29.040648668669494,29.59620877562806,28.85546089599941,29.259504318237305,90521500
2002-04-05,29.46994754710762,29.60462870497217,28.77129004413904,28.931222915649414,68426000
2002-04-08,28.173647560859383,29.293184280395508,28.131557082645696,29.293184280395508,74950700
2002-04-09,29.276329560782358,29.444681730239843,28.190464650435207,28.274639129638672,80910200
2002-04-10,28.417765201388477,28.830228274233896,27.88745966479927,28.485107421875,85748700
2002-04-11,28.33358309299343,28.493516007485926,27.677012673331333,27.77802276611328,90665600
2002-04-12,28.04737841224399,28.451421897301326,27.73592882791791,28.215730667114258,78360100
2002-04-15,28.451416959766497,28.586098098079354,27.9463634938562,28.44300079345703,69306800
2002-04-16,28.981715695321174,29.64670499912362,28.964880157257124,29.62986946105957,72064700
2002-04-17,29.79823773312299,29.882412257879196,29.166919164294555,29.478368759155273,69130100
2002-04-18,29.27633909288577,29.587791831655924,28.619768950384056,28.914382934570312,91086100
2002-04-19,29.50360856130623,29.512027937013624,28.93963240884877,29.00697135925293,62286800
2002-04-22,28.628175795553897,28.628175795553897,27.988441404876113,28.274639129638672,64625600
2002-04-23,28.27465542528415,28.569269483342936,27.525491211032605,27.786434173583984,73070300
2002-04-24,27.954787096966847,28.03896483771342,27.104612787267587,27.357139587402344,68953900
2002-04-25,27.18878865376246,27.550744929137952,26.93626184121163,27.289798736572266,103073700
2002-04-26,27.491815115599,27.59282517269815,26.102914789041357,26.1281681060791,100193400
2002-04-29,26.296520929782098,26.55746547216688,25.724125206724345,26.195510864257812,85326800
2002-04-30,26.119749067048165,27.096186528932932,26.04399072513477,26.7089786529541,95357900
2002-05-01,26.658477535840618,26.801576468712604,25.740961131930728,26.56588363647461,109975700
2002-05-02,26.42277585438875,26.92783083687946,25.639940872356974,25.682029724121094,85852200
2002-05-03,25.648367035564085,25.68203812799349,24.81502676424894,25.033884048461914,92103200
2002-05-06,24.941292892731465,25.235908561784974,24.28472257341212,24.385732650756836,96491200
2002-05-07,24.638248910320947,24.705589463865543,23.922754525456185,24.158447265625,101954400
2002-05-08,25.362170446436757,26.835247098196447,25.25274260159468,26.74265480041504,129741500
2002-05-09,26.574293337616925,26.843655575197207,25.926139449985882,26.052404403686523,106477200
2002-05-10,26.10290392453007,26.170244469743093,24.831849728799668,24.882354736328125,112282800
2002-05-13,25.14332031586668,26.077670906950075,24.974968019090067,25.892484664916992,93971200
2002-05-14,26.978344921696,27.48340167947686,26.826829820993026,27.416059494018555,107284700
2002-05-15,27.003595341753442,28.30831946234535,26.809989801912213,27.618078231811523,150522100
2002-05-16,27.390803509015242,27.820098635690478,27.121441231287324,27.660165786743164,89916300
2002-05-17,28.022120955161842,28.123131002962616,27.331879741595447,27.719087600708008,82695000
2002-05-20,27.441306925836084,27.52548464452307,26.88574843223435,27.113021850585938,78144200
2002-05-21,27.23927968574626,27.43288357142001,26.094488699979053,26.372268676757812,104180000
2002-05-22,26.06924572347024,26.591136410751066,25.59786167418584,26.431201934814453,89543100
2002-05-23,26.624806800816803,27.020432512059365,25.92614767341546,26.961509704589844,94445800
2002-05-24,26.591135859926467,26.6753119826508,26.10291627475653,26.296520233154297,55874600
2002-05-28,26.49011654548133,26.532205397458032,25.665194313044477,26.178667068481445,68829400
2002-05-29,25.808297321688613,26.010319026873898,25.454758936232913,25.48843002319336,73470200
2002-05-30,25.2611601959757,25.85880766265578,25.168566293324822,25.707292556762695,92080500
2002-05-31,25.892474519014762,26.128167321041083,25.252738289679773,25.286409378051758,79907400
2002-06-03,25.25273751920676,25.463176998533484,24.234211209917813,24.39414405822754,77043700
2002-06-04,24.20055052602803,24.98338598253683,24.082704880713244,24.71402359008789,98366200
2002-06-05,24.76451578608561,25.08438305974638,24.38572411481895,24.966537475585938,95347100
2002-06-06,24.840279306197722,24.840279306197722,23.485048383320937,24.30997085571289,91129700
2002-06-07,23.257774581608498,24.234215412081078,23.165182286406978,23.821752548217773,106049200
2002-06-10,23.87224931899145,24.200534314180896,23.687061594094487,23.77965545654297,73142900
2002-06-11,24.07428477361562,24.150043139845348,23.030504801204906,23.11467933654785,84609500
2002-06-12,22.929483484102537,23.53554855395732,22.58436289641119,23.451374053955078,152974400
2002-06-13,23.36720057148679,23.745990680594574,23.022079945054305,23.29986000061035,97556300
2002-06-14,22.60961908065341,23.33352982685267,22.054058961361147,23.24935531616211,122106800
2002-06-17,23.569225303224027,24.200543838131814,23.493466950593007,24.04060935974121,87618100
2002-06-18,23.83016554367598,24.537242303495912,23.804913834377547,24.427814483642578,100513400
2002-06-19,23.65339856893966,23.838584738798165,22.937903994786115,23.013662338256836,93507600
2002-06-20,22.954747854088644,23.106264595915203,21.60793433349602,22.27292251586914,99913200
2002-06-21,22.18874005031358,22.54227845312904,21.591091071625744,21.734189987182617,168755100
2002-06-24,21.42274204405587,22.559114075646523,21.220718708346514,22.163488388061523,219672100
2002-06-25,22.373929730363642,22.491775347943733,21.29647880861696,21.43115997314453,136336400
2002-06-26,20.564148848788662,21.70052250591806,20.530477757068788,21.591093063354492,149080300
2002-06-27,21.885706804773946,22.09614629328139,21.060784395150986,22.062475204467773,121371100
2002-06-28,21.92779410398695,22.51702531519301,21.759443476160854,21.96988296508789,87842000
2002-07-01,21.860464482722794,22.00356347109947,20.858773169612764,20.917695999145508,64753900
2002-07-02,20.707241253394784,20.83350459651096,19.436186840904185,20.160099029541016,111629600
2002-07-03,20.07592576666179,20.833507537841797,19.882321839515093,20.833507537841797,101067000
2002-07-05,21.262814271937337,22.214000418616518,21.086044198874816,22.171913146972656,56768300
2002-07-08,22.0540522438833,22.348666152615113,21.11128291936534,21.36380958557129,97288500
2002-07-09,21.25438879685592,21.447992745124825,20.698828663677205,20.75775146484375,91039600
2002-07-10,21.035531610859547,21.06920270052523,20.059092487917614,20.11801528930664,115365200
2002-07-11,20.000164064679343,20.95134960300312,19.806560170099576,20.875591278076172,170271200
2002-07-12,21.254382902710912,21.481657877491752,20.665151843395865,20.875591278076172,130027800
2002-07-15,20.774584410121268,21.582671191620772,19.99174933709005,21.52374839782715,140207200
2002-07-16,21.25437959492883,21.902533338199248,20.959764111121803,21.203874588012695,148281700
2002-07-17,21.94463149878306,22.256082675087807,20.95135677041108,21.591093063354492,157954700
2002-07-18,21.36382148609851,21.523755986732578,20.63991055714811,20.816679000854492,114052300
2002-07-19,20.47996723576119,20.799834493735737,20.033835023205988,20.193769454956055,124116400
2002-07-22,20.075929593193305,20.623071998581064,19.43619328955379,19.6971378326416,150034800
2002-07-23,19.73922597851045,19.991752739323083,18.7543690424996,18.855379104614258,150786800
2002-07-24,18.35873935588869,19.915991792539764,18.215640448617496,19.882322311401367,186493600
2002-07-25,19.57087248898624,19.697135861358394,18.350322809828356,18.729114532470703,153915500
2002-07-26,18.9900629523364,19.225755806590353,18.52709662331302,19.082656860351562,96034200
2002-07-29,19.587696397814756,20.303190556935018,19.427762031534947,20.059080123901367,96735200
2002-07-30,19.974917093794335,20.783005614295988,19.85707148674188,20.463136672973633,117394300
2002-07-31,20.202189188348395,20.362123635636696,19.66346465709401,20.075925827026367,93831300
2002-08-01,19.98333145625117,20.118012585763044,19.074233029283178,19.133155822753906,85149700
2002-08-02,19.175246827413257,19.22575185525694,18.36715835428488,18.729114532470703,86706000
2002-08-05,18.611272623643764,18.788041058919443,17.92944738765589,18.04729461669922,84897800
2002-08-06,18.35030821263499,19.36883536468037,18.341892052627454,18.939538955688477,115364600
2002-08-07,19.528785930461794,19.671884852398467,18.48500461426139,19.192081451416016,125677100
2002-08-08,19.14999164877465,19.8654861633505,18.771199962962225,19.840232849121094,111697900
2002-08-09,19.52879007100252,19.958085322306797,19.259426109549516,19.63821792602539,93576900
2002-08-12,19.402522197270947,19.76447841168123,19.276258812262398,19.6971378326416,62870900
2002-08-13,19.55403218678664,20.09275823963533,18.981636658742993,19.023725509643555,88434400
2002-08-14,19.08265538459689,20.37054580114716,18.914303129502677,20.235864639282227,102613500
2002-08-15,20.40421813771092,20.66516272456685,19.96650349777262,20.64832878112793,120307800
2002-08-16,20.3116147861504,21.04394477059848,19.97491199092594,20.791418075561523,95853000
2002-08-19,20.850349394703667,21.54059080869914,20.77459103409185,21.296480178833008,76015900
2002-08-20,21.19545681927247,21.405896221202457,20.917676872945894,21.203874588012695,89981300
2002-08-21,21.372231022652592,21.759440463542226,21.043945979146127,21.675264358520508,101365500
2002-08-22,21.66684924943013,22.06247490445495,21.397486964687623,22.020387649536133,80345500
2002-08-23,21.71735021658583,21.725767987101147,21.001857383565326,21.170207977294922,75211200
2002-08-26,21.29647415450032,21.37223249368167,20.71566236147768,21.25438690185547,83335400
2002-08-27,21.405902318878965,21.473242882458155,20.3284516960862,20.513639450073242,92340400
2002-08-28,20.219028802384454,20.277951609163647,19.68872033031955,19.76447868347168,115562300
2002-08-29,19.528783854849127,20.387375689687968,19.37726717648763,20.025421142578125,97028200
2002-08-30,19.882317583705998,20.20218480332751,19.680294322810372,19.77288818359375,59474900
2002-09-03,19.41093815808821,19.722389310522427,18.80487300331528,19.05739974975586,81828100
2002-09-04,18.939551899771303,19.377266373447743,18.720694662933084,19.133155822753906,82717600
2002-09-05,18.85538918624033,18.939565353360635,18.459763287959795,18.661785125732422,91576600
2002-09-06,19.07424022469368,19.545624355806332,19.023735183456047,19.234174728393555,86008800
2002-09-09,19.08266314769476,19.671894674706145,18.846970215784857,19.427783966064453,72679500
2002-09-10,19.554031576353363,19.924405425088562,19.385680994583144,19.907569885253906,74615800
2002-09-11,20.30320330166179,20.49680725285725,19.713972070037595,19.739225387573242,73902800
2002-09-12,19.554038930138766,19.579292249387894,19.11632436297688,19.20050048828125,70763500
2002-09-13,19.023736963960935,19.427780542730634,18.95639636749932,19.352022171020508,79716100
2002-09-16,19.24258623208703,19.360431825080138,18.830125051085375,19.074234008789062,58853600
2002-09-17,19.402519298096028,19.537200436050885,18.670190811157227,18.670190811157227,89139700
2002-09-18,18.527101268919218,18.98164993796079,18.333497235911263,18.459760665893555,92358300
2002-09-19,18.26614224296,18.62809669562388,18.13987730692163,18.165130615234375,86247700
2002-09-20,18.375571614459655,18.43449440006333,18.08095608091579,18.240890502929688,78116900
2002-09-23,18.055710406365215,18.114633211648457,17.51698417479124,17.693754196166992,72757500
2002-09-24,17.407551953240738,18.055705859175912,17.38229864068233,17.702167510986328,91507300
2002-09-25,17.97153752630675,18.55235112206438,17.7610979805784,18.409252166748047,98051900
2002-09-26,18.653350647711974,18.796449522038866,17.988362894446126,18.18196678161621,104453500
2002-09-27,18.139870620257117,18.695430354145913,17.937849044799805,17.937849044799805,92249700
2002-09-30,17.735834852084732,17.878933728290786,17.24761544012151,17.441219329833984,91502500
2002-10-01,17.601154338164175,18.510252639506746,17.230780480424464,18.501834869384766,102096000
2002-10-02,18.106216917732073,18.49342487295268,17.651666773228413,17.887359619140625,94829700
2002-10-03,17.727423528952098,18.013621385442125,17.407556186388778,17.45806121826172,74354800
2002-10-04,17.62640747248902,17.693748027266825,16.927748614597252,17.129770278930664,81837100
2002-10-07,17.054022874217512,17.331803041235982,16.708902109301423,16.969846725463867,79861800
2002-10-08,17.070852001390676,17.34863206388179,16.633137477002887,17.003511428833008,94103100
2002-10-09,16.784657723425028,17.281295153350968,16.700481588508957,16.88566780090332,103301000
2002-10-10,16.919327318385427,17.853677120508,16.759392932048176,17.74424934387207,109610500
2002-10-11,18.13989259004061,18.838551986736878,18.0304647062082,18.70387077331543,124777400
2002-10-14,18.4092486536135,18.939555501216105,18.333490303166553,18.922719955444336,78890300
2002-10-15,19.730807568102826,19.89074042887012,19.511950299892597,19.831817626953125,118176000
2002-10-16,19.116328490125838,19.495120333012323,18.577603740710742,19.17525291442871,97441900
2002-10-17,19.865495095455817,20.04226355796471,19.006901291916012,19.823406219482422,95754500
2002-10-18,19.596122871642905,20.07592457813434,19.301507309868583,20.042253494262695,84941900
2002-10-21,19.798146527330925,20.580981644421872,19.612958758670214,20.446300506591797,85311500
2002-10-22,19.974920936145537,20.488393932261097,19.907580346944012,20.32004165649414,89947000
2002-10-23,20.075924592387477,20.73249467309426,19.92440792590879,20.707242965698242,88093500
2002-10-24,20.77458737316545,20.926104067688605,20.134851110470983,20.18535614013672,88674800
2002-10-25,20.19376920920323,20.833505322892492,20.19376920920323,20.791418075561523,71557300
2002-10-28,21.043953288104742,21.077624384018296,20.345294103160715,20.614656448364258,90272000
2002-10-29,20.463134623986562,20.597815762996795,19.671883333682892,20.134849548339844,90293800
2002-10-30,20.25269921689188,20.867183843430094,20.075930788460795,20.6735782623291,103531100
2002-10-31,20.75774545998863,21.07761429596868,20.505218783604764,20.665151596069336,81493100
2002-11-01,20.513640658836007,21.380650265315793,20.320035122302684,21.25438690185547,86658400
2002-11-04,21.927801884459342,22.57595612566039,21.717362320863664,21.801538467407227,110562400
2002-11-05,21.641596270604108,22.028805765103318,21.515332898353066,21.96988296508789,79603300
2002-11-06,22.129830196611533,22.399192640994144,21.582685925241694,22.28134536743164,116251700
2002-11-07,21.877294855489552,21.96988876884615,21.304899037514776,21.498504638671875,82711600
2002-11-08,21.456422909308035,21.77629202255564,21.01029034842136,21.10288429260254,76937600
2002-11-11,21.00186288848339,21.06078569200962,20.328455520477686,20.463136672973633,74384300
2002-11-12,20.53889499276956,21.38065299743656,20.53889499276956,20.985027313232422,88748800
2002-11-13,20.791418223353443,21.63317602016086,20.61464825115058,21.237548828125,119341800
2002-11-14,21.53216844279344,22.239245254030358,21.4816634149982,21.96988296508789,85720100
2002-11-15,21.80152682741234,22.26449458345683,21.675263477773147,22.25607681274414,69291300
2002-11-18,22.483361432593526,22.533868082102853,21.877296088219225,21.92780113220215,76238000
2002-11-19,21.717356446251976,21.927795952923123,21.296477432909683,21.591093063354492,88139200
2002-11-20,21.515338675116556,22.517031360906103,21.49850473168223,22.50861358642578,75104700
2002-11-21,22.668543690439165,23.434543358674954,22.517026990256085,23.341949462890625,105472900
2002-11-22,23.03891265345929,23.518714362589286,22.996823798388274,23.333526611328125,73808600
2002-11-25,23.367202319353453,23.737576289640774,23.182016136972777,23.560806274414062,72666100
2002-11-26,23.384034804497684,23.459793143176814,22.643286960863033,22.769550323486328,80017900
2002-11-27,23.173592448979996,23.737570230366433,23.131503596323956,23.493459701538086,73643900
2002-11-29,23.74598775787015,23.81332992598378,22.912647693771895,23.333526611328125,34652100
2002-12-02,23.922763755169527,24.234214938928613,23.207269094257622,23.569225311279297,85136000
2002-12-03,23.19043275485332,23.21568607338395,22.668543682761694,22.87056541442871,76595500
2002-12-04,22.3570950740913,22.685381830541093,22.062479412877874,22.36551284790039,130115900
2002-12-05,22.68537847485962,22.727465732153224,21.995135574352425,22.054059982299805,84933200
2002-12-06,21.72578492451081,22.491784977796407,21.666862090492963,22.28134536743164,81727900
2002-12-09,22.070897452744894,22.348677569688697,21.21230538570801,21.22913932800293,75855200
2002-12-10,21.397492596690494,21.8436250016748,21.338569782084818,21.549009323120117,69578300
2002-12-11,21.414323668172955,21.944630494278258,21.313312003163116,21.650014877319336,64237600
2002-12-12,21.885707925778323,22.466521393355865,21.515333957487112,21.76786231994629,62296400
2002-12-13,21.48166103389171,21.52374828480166,21.05236433140228,21.077617645263672,72647800
2002-12-16,21.229136737459903,21.85203748109466,21.10287335526148,21.759445190429688,60278500
2002-12-17,21.72577626944233,22.05406302258742,21.59951287462938,21.8267879486084,62562700
2002-12-18,21.506908457894763,21.548997305946013,21.08602961053459,21.36380958557129,67130700
2002-12-19,21.18704770006388,21.700520564164464,20.8840143238044,21.094453811645508,95969700
2002-12-20,21.321730303270506,21.422741970779676,21.1028730282723,21.313312530517578,65578600
2002-12-23,21.1954642355985,21.683683754683837,21.153375377170413,21.607925415039062,45941700
2002-12-24,21.464831125160366,21.658435099002208,21.313314413275055,21.33856773376465,16772700
2002-12-26,21.49008159805263,21.809948920905367,21.187048214436206,21.27964210510254,33795400
2002-12-27,21.19546268826336,21.75944050582132,20.83350655983465,20.89242935180664,42490200
2002-12-30,20.9092777962077,21.018705676604053,20.505234168630416,20.732507705688477,57396400
2002-12-31,20.656738348369736,20.79983564114055,20.437881115355943,20.513639450073242,46015400
2003-01-02,20.80825581472627,21.506914844597222,20.58098238985986,21.380651473999023,65903200
2003-01-03,21.431151002008466,21.64159043418306,21.27963595948414,21.6163387298584,39059500
2003-01-06,21.641596479489966,22.38234438675737,21.21230133079801,22.15506935119629,67223400
2003-01-07,22.23082249063753,22.66853691465814,22.096141376404344,22.432844161987305,88726100
2003-01-08,22.213999819391585,22.702219542712506,21.75103342169167,21.801538467407227,74989900
2003-01-09,22.08772233169493,22.710622850465754,22.07088679200575,22.474931716918945,75391100
2003-01-10,22.180325059522207,22.946324760756003,22.070895613331054,22.811643600463867,82594300
2003-01-13,23.005247018487864,23.123092629548633,22.500191876686525,22.67696189880371,72870300
2003-01-14,22.651714190597446,22.996834941783952,22.601209145565047,22.79481315612793,46993800
2003-01-15,22.92949267728384,23.022086591041035,22.373932405793308,22.50861358642578,55131000
2003-01-16,22.55069236558598,22.710625192550342,22.09614238025418,22.25607681274414,68740300
2003-01-17,21.801530817925617,21.835201906939485,21.27122401016437,21.304893493652344,77289400
2003-01-21,21.389073615689263,21.506919238252184,21.060788463963302,21.06920623779297,67729600
2003-01-22,21.010279025835807,21.49008243713782,20.934522282499678,20.985027313232422,80020200
2003-01-23,21.38065173192644,21.751025681604943,21.13654275989521,21.47324562072754,78471100
2003-01-24,21.49007825364898,21.49007825364898,20.74091268357828,20.89242935180664,74519700
2003-01-27,20.580988190793292,21.069207872100993,20.513647600458654,20.64832878112793,76561000
2003-01-28,20.850354501754857,21.08604580980926,20.55573876116023,20.85877227783203,65217200
2003-01-29,20.841922954825485,21.422736276177652,20.48838462081011,21.170207977294922,95717500
2003-01-30,21.313301168971964,21.39747724610328,20.614642458174785,20.62306022644043,70333800
2003-01-31,20.252699908876554,20.8419312348317,20.21061264510527,20.572568893432617,90505600
2003-02-03,20.639909770299422,20.86718485113725,20.522062540128207,20.614656448364258,53158800
2003-02-04,20.353711437629162,20.45472151213621,20.050678003055648,20.36212921142578,68235700
2003-02-05,20.479966881934,20.926099086781495,20.21060464713007,20.269527435302734,80107700
2003-02-06,20.235864236313773,20.49680878153998,20.084347530851442,20.37896156311035,103552000
2003-02-07,20.505221264343955,20.580979597529513,19.907572369827403,20.042253494262695,72312400
2003-02-10,20.10959523473427,20.412628585231722,19.882321827386924,20.219024658203125,67572600
2003-02-11,20.412636836470718,20.715670309460997,20.13485668807176,20.328460693359375,77823300
2003-02-12,20.261117784135813,20.479975088999424,20.01700876309354,20.050678253173828,51753000
2003-02-13,20.075929271175138,20.185357108287047,19.629796938739773,20.151687622070312,77387400
2003-02-14,20.05909621000039,20.623074222342648,19.882327773032898,20.614656448364258,67510400
2003-02-18,20.791420700659028,21.33014524103682,20.774585157390778,21.25438690185547,73976800
2003-02-19,21.21229780864916,21.245967286738434,20.799835061994738,21.111286163330078,45541400
2003-02-20,21.1702099545411,21.27122160463355,20.909265466297033,21.027111053466797,59759800
2003-02-21,20.985024351084864,21.355398270405374,20.631485974807504,21.18704605102539,70228500
2003-02-24,21.153377415416095,21.22071798986389,20.799838998183677,20.825092315673828,56646600
2003-02-25,20.580973900520522,21.00185269925898,20.269522883022976,20.8503360748291,74440700
2003-02-26,20.774588217198396,20.993445495342947,20.370544752405074,20.387378692626953,60005600
2003-02-27,20.55572059460714,20.976599393345598,20.42945727609065,20.8503360748291,66424000
2003-02-28,20.88400768897917,21.229128210952126,20.808249368982633,21.17862319946289,50185800
2003-03-03,21.271223045340175,21.447991438067397,20.67357408665947,20.749332427978516,60414400
2003-03-04,20.75774130764048,20.850335153037435,20.555719685840405,20.62306022644043,56043500
2003-03-05,20.538888257877403,20.85875709385745,20.471547703806674,20.665151596069336,69096500
2003-03-06,20.56415141002015,20.774590942901195,20.39579914150482,20.614656448364258,59108600
2003-03-07,20.26953258097451,20.783005474874436,20.16852091451719,20.656742095947266,73291000
2003-03-10,20.47996786912584,20.58097951480914,20.126429517522748,20.21060562133789,55948000
2003-03-11,20.252693600342315,20.404210271564754,20.01700242779692,20.033836364746094,54934200
2003-03-12,20.000151439193615,20.404194513393616,19.814965431566396,20.395776748657227,77859800
2003-03-13,20.74090290091455,21.591078111793014,20.53888130707089,21.565826416015625,128537600
2003-03-14,21.658432649863986,21.868872146902365,21.34698309334171,21.650014877319336,89794400
2003-03-17,21.405898145900895,22.55910527307303,21.338557595449423,22.39075469970703,141040800
2003-03-18,22.55911342446084,22.702212346567478,22.239246095618558,22.668542861938477,96548700
2003-03-19,22.60119505353694,22.685371146457417,22.163480654770815,22.474931716918945,91315100
2003-03-20,22.34025500457501,22.845308450386273,22.028803881167367,22.559110641479492,92789700
2003-03-21,22.90423490027688,23.0473338275651,22.0540607149171,22.87056541442871,93304600
2003-03-24,22.281332858622093,22.39076229367276,21.860453874175334,21.91937828063965,85244500
2003-03-25,22.01197196044632,22.525444867780475,21.89412635110118,22.2308292388916,78731500
2003-03-26,22.306588776560066,22.53386383998713,22.188743160942817,22.357093811035156,67880200
2003-03-27,22.112984593825427,22.432851949793253,21.969885659583642,22.197160720825195,64113100
2003-03-28,22.003559472017123,22.247670127745458,21.843626565360353,21.953054428100586,45374700
2003-03-31,21.54900248694674,21.658430307138815,21.22071581531897,21.25438690185547,89345300
2003-04-01,21.41432316393286,21.60792711132318,21.25438870040238,21.422740936279297,73159500
2003-04-02,21.9362159761017,22.357095032618375,21.910964260247457,22.011974334716797,75843800
2003-04-03,22.42442644536631,22.601196411674206,22.14664644590436,22.289745330810547,70138200
2003-04-04,22.365515794791232,22.390769119545897,21.86046053838278,21.92780113220215,65665700
2003-04-07,22.82005341509471,22.895811742028798,21.94462457297881,21.96146011352539,83842700
2003-04-08,22.011965144612574,22.12981232299327,21.78469016365571,21.936206817626953,54250600
2003-04-09,21.969886236780933,22.12140294825598,21.389072711301964,21.43115997314453,76457100
2003-04-10,21.431158200080937,21.69210433959961,21.29647704669594,21.69210433959961,57017500
2003-04-11,21.902542370360965,22.020387970270807,21.34698224860615,21.47324562072754,67974500
2003-04-14,21.549004956995425,22.003553438660237,21.45641106393228,21.910961151123047,52476200
2003-04-15,21.86045092727385,22.272912083766673,21.75944088371781,22.121397018432617,64655700
2003-04-16,22.43284462330426,22.584361281313814,21.98671402530452,22.07088851928711,70711600
2003-04-17,22.020386717707865,22.710627944533332,22.01196894597514,22.575946807861328,70179900
2003-04-21,22.676957460445657,22.81163859116261,22.40759519901175,22.66012191772461,52729600
2003-04-22,22.500192841673947,23.11467584788192,22.432852260247405,23.08942413330078,70757200
2003-04-23,23.148340817186046,23.358780279160463,22.946319126353686,23.257768630981445,70327100
2003-04-24,23.03050161757352,23.358786755504138,22.954743261816283,23.131511688232422,72383900
2003-04-25,22.996822792549427,23.080998893484097,22.60961497598577,22.685373306274414,63277900
2003-04-28,22.769555456398088,23.257775079319114,22.685380932691046,23.131511688232422,59666200
2003-04-29,23.266191112799085,23.619729544717604,23.072587153910042,23.341949462890625,79903800
2003-04-30,23.274603270018822,23.392450455908513,23.089417128657328,23.106252670288086,60202100
2003-05-01,23.09783387099232,23.459789972308677,22.887394426554955,23.308273315429688,66022600
2003-05-02,23.24093101930656,23.813326522252424,23.20725994006249,23.804908752441406,85004100
2003-05-05,23.84699600954402,24.166863234917656,23.712314903541916,23.77965545654297,80520300
2003-05-06,23.75441208397857,24.326807826693297,23.745994310641457,24.082698822021484,77338300
2003-05-07,23.91434931399723,24.150042177938225,23.67024028127824,23.813339233398438,70353200
2003-05-08,23.442960463632282,23.729158310151888,23.367202115699094,23.375619888305664,80249100
2003-05-09,23.602887694887716,23.973259942856014,23.569216614785798,23.914337158203125,58528200
2003-05-12,23.87225510697987,24.377308574178645,23.712320652753156,24.27629852294922,67487300
2003-05-13,24.09952924593016,24.402562619735114,24.023772508004786,24.12478256225586,64934300
2003-05-14,24.301552911396403,24.3857274226285,23.872256160903987,24.074277877807617,62181200
2003-05-15,24.200540461611347,24.394144399978035,24.040606005535203,24.343639373779297,62232100
2003-05-16,24.183698969750825,24.360468926258797,23.973259539233275,24.158447265625,70590400
2003-05-19,24.006932206740714,24.141613322738586,23.240932757430752,23.308273315429688,91334800
2003-05-20,23.367202115699094,23.535552751252652,23.072586496572914,23.375619888305664,71817800
2003-05-21,23.274602233667444,23.3587783325475,23.09783387099232,23.308273315429688,63648500
2003-05-22,23.367218284296104,23.838602637749766,23.24937259731446,23.64499855041504,62401400
2003-05-23,23.60290109987732,23.77966955422955,23.5271427321474,23.653406143188477,37922500
2003-05-27,23.51029852229149,24.596165383886948,23.485045207175023,24.495155334472656,101422100
2003-05-28,24.54566190546064,24.74768362254159,24.377309671796905,24.57091522216797,76290400
2003-05-29,24.60458782486421,25.08438966444971,24.545665017269656,24.67192840576172,97336000
2003-05-30,24.857106767812294,25.14330452932375,24.789766212487567,25.075963973999023,78093700
2003-06-02,25.32008717860203,25.421098871374692,24.671932964253962,24.899208068847656,102937000
2003-06-03,24.78135688739174,25.151729265130786,24.68876299019397,25.13489532470703,81672600
2003-06-04,25.092808329473048,25.74096244709874,25.017049972580374,25.606281280517578,87046100
2003-06-05,25.362167091820904,25.825134941596424,25.2274859442019,25.79146385192871,88747900
2003-06-06,26.271254062843575,26.49011123265203,25.286399206993345,25.36215591430664,157178100
2003-06-09,25.252740057439873,25.437926239871747,24.85711437452933,25.02546501159668,94941800
2003-06-10,25.134892629125325,25.42109045747434,24.983375942878688,25.404254913330078,69660100
2003-06-11,25.311664620966148,25.79146645854073,25.08438955931732,25.69045639038086,87338200
2003-06-12,25.79145558233287,25.884049443704495,25.471588360679245,25.79987335205078,79450500
2003-06-13,25.808301712416785,25.86722451909622,25.1348959139003,25.219070434570312,83353600
2003-06-16,25.395844583925886,26.01032767554304,25.252745627813887,25.993492126464844,71211800
2003-06-17,26.111342008515997,26.187100381512824,25.724132368140378,25.892484664916992,67571200
2003-06-18,25.80830901871951,26.28811098668465,25.631540548638256,26.02716636657715,80215700
2003-06-19,26.077665363551652,26.29652266062758,25.572610186109213,25.606281280517578,79467200
2003-06-20,25.833558953826877,25.909317318351913,25.463184905651847,25.572612762451172,71512400
2003-06-23,25.53051938697271,25.56419047671674,24.88236535913349,25.17698097229004,86509400
2003-06-24,25.025462803488203,25.362165653440076,24.857112181275184,24.983375549316406,83004400
2003-06-25,24.97496104692426,25.40425783888562,24.80660879714591,24.848697662353516,94255300
2003-06-26,25.008624829993675,25.488428150778233,24.924450329827728,25.43792152404785,79187500
2003-06-27,25.463182400651785,25.73254473445218,25.05913889995119,25.109643936157227,82451900
2003-06-30,25.38742171834771,25.538938418614567,25.084388317813993,25.21065330505371,72043000
2003-07-01,25.000220738299472,25.572615001284877,24.6298466576989,25.54736328125,105852500
2003-07-02,25.5978641054076,26.086083747060698,25.572610784010887,26.06924819946289,81972500
2003-07-03,25.84196508780954,26.17866788651679,25.648359573717983,25.74095344543457,50050400
2003-07-07,26.06924298092593,26.852078126728095,26.060825208812098,26.843660354614258,88554600
2003-07-08,26.751077591861403,27.19721003949699,26.61639640116508,27.171955108642578,81874500
2003-07-09,27.087765365602365,27.34871143095622,26.877325922557628,27.10460090637207,89588400
2003-07-10,26.8099858795789,26.927831456177636,26.372271444318496,26.599546432495117,102928700
2003-07-11,26.641640238327827,26.927838085259864,26.60797075337898,26.80157470703125,67728100
2003-07-14,27.22245285200795,27.567573490933285,26.995177815000755,27.121442794799805,84524600
2003-07-15,27.382380585290736,27.48339383464507,26.88574495350347,27.155105590820312,75059000
2003-07-16,27.323461026803084,27.35713211390335,26.708978136955448,27.070934295654297,80138700
2003-07-17,26.666896500300528,26.801577666017103,26.128171837434216,26.246017456054688,116260400
2003-07-18,26.431200718863213,26.557464096993538,26.027157266635786,26.330190658569336,80519000
2003-07-21,26.296525587767036,26.34703062947529,25.76621863601453,25.993492126464844,111325300
2003-07-22,26.18709707210571,26.515382243253775,25.976657530492588,26.380701065063477,91471500
2003-07-23,26.422776462071447,26.63321590915523,26.08607366784251,26.599546432495117,69050400
2003-07-24,26.809995439565157,26.95309437882979,26.161841326100294,26.246017456054688,82999700
2003-07-25,26.203918877709167,26.801567733936118,25.90088716990693,26.76789665222168,82709600
2003-07-28,26.81840864379862,26.927836470226747,26.599551385416497,26.843660354614258,56180800
2003-07-29,26.87733636998484,26.953094727370843,26.296522831867534,26.641643524169922,80560100
2003-07-30,26.69213940198886,26.717392714294675,26.372272140409923,26.448030471801758,56617300
2003-07-31,26.759480487318612,27.214030457310283,26.53220550232278,26.76789665222168,85544100
2003-08-01,26.675316027238765,26.759492162726126,26.34702925939068,26.48171043395996,73545400
2003-08-04,26.448041888585117,26.7679092882407,25.959822211936306,26.473295211791992,96344600
2003-08-05,26.4396164603775,26.498539258610123,25.33691402131112,25.429506301879883,111041800
2003-08-06,25.555780543847575,25.9009012919645,25.336923209951845,25.412681579589844,96816000
2003-08-07,25.43791546582114,25.682025953637574,25.26956490005749,25.513673782348633,67326600
2003-08-08,25.614696066172126,25.715706126562125,25.193817068319873,25.311662673950195,66677100
2003-08-11,25.320080900219768,25.757795451154692,25.27799364189087,25.58944320678711,63712200
2003-08-12,25.682038412813927,26.010323540011132,25.53052170625335,25.976654052734375,59676100
2003-08-13,26.077659645822845,26.153417986104913,25.79987959996385,25.98506736755371,57969700
2003-08-14,25.993487025026702,26.254433167946885,25.816718610976917,26.01032257080078,50271500
2003-08-15,26.094495692922866,26.33860626199293,26.03557289501653,26.237594604492188,28116300
2003-08-18,26.355435480451185,26.944664959518448,26.288094922685623,26.910995483398438,67224100
2003-08-19,27.02886303747195,27.256138193318456,26.810005658381993,27.247718811035156,68205000
2003-08-20,27.02042664922801,27.373966628387006,26.953087688610548,27.180362701416016,58233500
2003-08-21,27.432899762399458,27.626503762338867,27.163537396305266,27.474987030029297,77161400
2003-08-22,27.996868549111348,28.089462439182018,27.256123850649615,27.30662727355957,92989800
2003-08-25,27.239289222299018,27.390805918229386,27.11302423867307,27.365550994873047,43044700
2003-08-26,27.171945426963863,27.432891545795492,26.776319770950224,27.390804290771484,79838500
2003-08-27,27.348720072885342,27.63491793430396,27.247706796347885,27.609663009643555,47532100
2003-08-28,27.72750433175566,27.87902101207003,27.373967551723194,27.853769302368164,55311000
2003-08-29,27.811678775923173,28.165215514346613,27.761172151412165,28.106292724609375,53148800
2003-09-02,28.190479698427392,28.527181006021944,27.88744627385571,28.510345458984375,80303100
2003-09-03,28.703943045113338,28.78812076156695,28.32515455975252,28.49350357055664,85234800
2003-09-04,28.47669218420856,28.804977492217407,28.367262677854303,28.754470825195312,63736100
2003-09-05,28.594522198152013,28.905971779867762,28.341992212437027,28.56926727294922,91024100
2003-09-08,28.6197704370471,29.06590112514686,28.577683181555916,29.0406494140625,69296000
2003-09-09,28.88913773008139,28.948060540186937,28.552433205719137,28.695533752441406,87817500
2003-09-10,28.40932866316705,28.527174253483057,27.870604129693014,28.005285263061523,111624500
2003-09-11,28.013695305319445,28.434574156474127,27.78642034036982,28.316728591918945,96914900
2003-09-12,28.06420689135219,28.48508581701071,27.82009634381792,28.468250274658203,104963000
2003-09-15,28.485089465139264,28.54401226539368,28.14838499706965,28.190475463867188,54594200
2003-09-16,28.215730137989723,28.98172983278522,28.215730137989723,28.956478118896484,87463800
2003-09-17,28.89755096284812,29.040648268081707,28.64502101776262,28.838624954223633,79794700
2003-09-18,28.76287324284309,29.343688397157532,28.619775904625104,29.27634620666504,91469900
2003-09-19,29.284750980802503,29.343673762570653,28.92279491505484,29.107982635498047,69796000
2003-09-22,28.729196977468444,28.788119771433614,28.426163630761017,28.552425384521484,97477500
2003-09-23,28.594515584109395,29.09115285086108,28.544008956438383,29.05748176574707,77826500
2003-09-24,29.04906491073381,29.057484288268917,27.921109149906364,27.963199615478516,115057400
2003-09-25,28.097892942118225,28.400926443768338,27.576000484363885,27.601255416870117,117604800
2003-09-26,27.685413766663796,27.921104925157234,27.373964277075864,27.424470901489258,106581000
2003-09-29,27.57599737711573,27.921118112650767,27.315054388694556,27.89586639404297,96862800
2003-09-30,27.710677827841195,27.744348925795343,27.23929530069368,27.289798736572266,119122500
2003-10-01,27.449727730130313,27.971616768912053,27.289791661837015,27.904277801513672,106653600
2003-10-02,27.86218888753765,28.139970572550947,27.71909156693224,27.996870040893555,83911100
2003-10-03,28.493499643815156,29.01539178074998,28.468247937884833,28.77969741821289,112862800
2003-10-06,28.85545598240766,28.998556476299246,28.67027145232302,28.990137100219727,49162900
2003-10-07,28.754447420849008,29.16691017150879,28.62818246159261,29.16691017150879,80104600
2003-10-08,29.301621601803983,29.32687333535167,28.80498383868681,28.981752395629883,71387400
2003-10-09,29.385770283185664,29.68880366284298,28.981726847326506,29.20058250427246,118216100
2003-10-10,29.26794283602277,29.486798628715075,29.158513334149724,29.46996307373047,68356200
2003-10-13,29.579364099936978,29.772967979299345,29.39417638443789,29.663541793823242,60919800
2003-10-14,29.54572679472874,29.82350868549693,29.427881099634728,29.739334106445312,62274900
2003-10-15,30.13493958805498,30.177026851194043,29.486785460345892,29.61305046081543,97045200
2003-10-16,29.545706212847218,29.90766243052413,29.512038331312624,29.848739624023438,73955000
2003-10-17,29.80664538489649,29.873987554302452,29.12482036939232,29.13323974609375,97794400
2003-10-20,29.166916004383467,29.528872201515355,29.04065101987627,29.495201110839844,75544300
2003-10-21,29.579374569559846,29.840320696393135,29.41102233324972,29.671968460083008,73455600
2003-10-22,29.368946982335697,29.40261808545747,28.990155099848575,29.099584579467773,88141400
2003-10-23,28.74603273474244,29.049062872660258,28.661855020555713,28.76286506652832,95409600
2003-10-24,28.443005319288506,28.813377705819352,28.19047854615147,28.78812599182129,101778600
2003-10-27,28.85546401875154,28.998564552497108,28.65344389129572,28.796541213989258,63604500
2003-10-28,28.981731144992295,29.806653683579643,28.93122450387591,29.76456642150879,107375700
2003-10-29,29.62988212090457,29.806650529528405,29.520452682258032,29.730892181396484,74075200
2003-10-30,30.143354011924732,30.30328686998209,29.579374503208673,29.789813995361328,95062600
2003-10-31,29.831906155769968,29.87399662996138,29.51204038707121,29.61305046081543,55473200
2003-11-03,29.823488370464016,30.286454661995297,29.764565563053793,30.101266860961914,71141200
2003-11-04,30.04232821069295,30.19384483871739,29.840308180694024,29.89923095703125,60033900
2003-11-05,29.899252962242677,30.210702610824093,29.58780331366126,30.168615341186523,67412700
2003-11-06,30.126515344038314,30.278032019564776,29.74772365522216,30.252777099609375,90567400
2003-11-07,30.370614746109062,30.454789218908466,29.966568285731068,29.991823196411133,63505200
2003-11-10,30.050750557086797,30.084421635766862,29.537277845893605,29.62145233154297,68896400
2003-11-11,29.5877841538407,29.714045880991552,29.335254277437468,29.512025833129883,75607100
2003-11-12,29.604619118438894,30.26960852489431,29.579367412970047,30.143346786499023,80364600
2003-11-13,30.059188779487048,30.21912491505747,29.924507576984833,30.109695434570312,64243000
2003-11-14,30.143355156609694,30.320123566078212,29.419442762345916,29.495201110839844,90932200
2003-11-17,29.326848431748783,29.38577123402742,28.83862725738079,29.192167282104492,108063100
2003-11-18,29.352093376957114,29.43627108298572,28.468248335489285,28.518754959106445,108588500
2003-11-19,28.628188967074717,28.95647729353148,28.518762735974494,28.796541213989258,86320300
2003-11-20,28.552422830466732,29.1921605520795,28.459832170412,28.518754959106445,117324500
2003-11-21,28.687108004792663,28.83862145800309,28.3924908415944,28.813369750976562,81787500
2003-11-24,29.05749023864369,29.67197327142059,29.015402975504628,29.61305046081543,92057500
2003-11-25,29.70564436635278,29.84032553502919,29.53729210274418,29.61305046081543,72519800
2003-11-26,29.798231163430827,29.899241213078792,29.301593870338593,29.747724533081055,72842900
2003-11-28,29.680393105315638,29.8824164888074,29.63830583697857,29.78140640258789,24802600
2003-12-01,30.059176326926238,30.311703075622443,29.857156212390002,30.219112396240234,82767300
2003-12-02,30.151770326799785,30.345374275204644,29.949750211530294,30.05076026916504,62504500
2003-12-03,30.16860579111938,30.40429699532246,29.671968460083008,29.671968460083008,107568500
2003-12-04,29.78138380336232,30.059162132440594,29.528857173913803,29.991823196411133,102334800
2003-12-05,29.68880506564612,29.882409020452396,29.427858929488824,29.495201110839844,87490200
2003-12-08,29.478354078324152,29.739300112795533,29.276330824047815,29.663541793823242,86961200
2003-12-09,29.8319272726332,29.848762832016536,28.914410158096548,28.981752395629883,109949500
2003-12-10,29.04064556463643,29.208997775337348,28.729196062023114,29.09115219116211,103504200
2003-12-11,29.04065213818109,29.789816273774534,29.032235970714094,29.71405792236328,108374700
2003-12-12,29.72246457401828,29.747716276658814,29.37734405671133,29.663541793823242,72189400
2003-12-15,30.244369323154192,30.294875966023564,29.166919963693303,29.27634620666504,106091400
2003-12-16,29.28475887833479,29.478362815077205,28.973306135223755,29.335262298583984,89854700
2003-12-17,29.301592480825832,29.461525319438554,29.09956918005848,29.385766983032227,68539900
2003-12-18,29.419456852630933,30.0002689952265,29.419456852630933,29.93292999267578,89978100
2003-12-19,29.975004615697568,30.008675708284287,29.629883944314013,29.848739624023438,89762300
2003-12-22,29.75615165770038,30.033933410346584,29.70564821980308,29.94133949279785,63580000
2003-12-23,29.966591951452216,30.320132080724044,29.907669131749053,30.168615341186523,66999800
2003-12-24,30.180390613213802,30.331966492052366,30.146706370737196,30.23091697692871,44840300
2003-12-26,30.281438496828954,30.390910672826685,30.163546866818784,30.18880844116211,25497600
2003-12-29,30.34039809367624,30.761441656285378,30.331978635839334,30.685653686523438,63296200
2003-12-30,30.761424973876654,30.80353187714829,30.567745425588836,30.78668975830078,48249400
2003-12-31,30.837221722567435,30.854063846232116,30.525650465537463,30.70248794555664,60494600
2004-01-02,30.870890455374692,30.980362598025298,30.5003735578792,30.61826515197754,55234100
2004-01-05,30.803557635802036,31.29196664157604,30.786715502870738,31.233020782470703,69717900
2004-01-06,31.22458034324412,31.510886773789746,31.115108158896167,31.44352149963379,60033000
2004-01-07,31.39299945618825,31.729835510253906,31.216161973341784,31.729835510253906,71830000
2004-01-08,31.872991627353535,31.999305962126826,31.6624698776027,31.982463836669922,76800900
2004-01-09,31.755100013187537,32.29403517945842,31.65405047258849,31.771942138671875,94296500
2004-01-12,31.872975338239932,32.29401862256176,31.729822163477074,32.27717971801758,77668400
2004-01-13,32.2266743464745,32.3024623154813,31.662474307800057,31.95720672607422,92973900
2004-01-14,32.066680908203125,32.209834184895,31.788790600778725,32.066680908203125,68122400
2004-01-15,31.94036854512076,32.386673744250864,31.687743021317075,32.1508903503418,104427700
2004-01-16,32.31929845710995,32.52982019732402,32.14245775397694,32.47929382324219,77324100
2004-01-20,32.6140244338101,32.84138827658633,32.260349486584765,32.45402908325195,81998100
2004-01-21,32.327705799474174,32.55506957918449,31.99929252177225,32.31928634643555,112180300
2004-01-22,32.46245468358569,32.58034635497703,32.04983383371599,32.1256217956543,90061900
2004-01-23,32.176154305077574,32.38667612577917,31.814056516486186,32.00773620605469,88751300
2004-01-26,31.982473418505734,32.54667354726996,31.864581717294445,32.49614715576172,84538000
2004-01-27,32.42878083500165,32.52983362487755,31.73826949905714,31.780376434326172,97191600
2004-01-28,31.948789430253143,32.049842214132326,31.15722856371398,31.241436004638672,127959700
2004-01-29,31.359315872192383,31.4182616950176,30.870903954718948,31.359315872192383,143925900
2004-01-30,31.325616700124137,31.527715649992516,31.131937201373237,31.216144561767578,84264700
2004-02-02,31.325629959146532,31.561413237893262,31.005636072057225,31.13195037841797,94507900
2004-02-03,31.081430198588315,31.359320442959362,31.02248436717147,31.0982723236084,73488700
2004-02-04,30.837216484316812,31.039318721655658,30.593013763427734,30.593013763427734,109933000
2004-02-05,30.744570828498297,30.912988738786698,30.592998242773636,30.71088981628418,96784500
2004-02-06,30.820371632803198,31.392990840171635,30.761425821365783,31.266679763793945,107174100
2004-02-09,31.44352276721051,31.477207011799518,31.19931681239977,31.258262634277344,58817700
2004-02-10,31.207748286327522,31.5024774788861,31.18248348960302,31.30879783630371,65042700
2004-02-11,31.359320184445085,31.7214146263178,31.216163729107944,31.6456298828125,92503000
2004-02-12,31.595100663371085,31.74667656134764,31.359317360877142,31.36773681640625,70556400
2004-02-13,31.485629206964237,31.974041159091843,30.955113551589303,31.106689453125,90570400
2004-02-17,31.39300666839704,31.67931641643746,31.342483497294708,31.527740478515625,69678600
2004-02-18,31.58667517705243,31.721408939641886,31.42667983782317,31.620359420776367,70972100
2004-02-19,31.889833964803735,31.915098759310528,31.005643252433813,31.140377044677734,100843800
2004-02-20,31.1572269469548,31.275118643055112,30.77828705784109,31.039335250854492,132347600
2004-02-23,31.157229625618605,31.18249121629539,30.407772453998692,30.694082260131836,125199800
2004-02-24,30.567738806376102,30.862471003926963,30.399320866676327,30.61826515197754,124521900
2004-02-25,30.67721926199718,30.879318274558067,30.593011875481125,30.80353355407715,74457100
2004-02-26,30.71090156752974,31.022472732785243,30.576167830205275,30.879316329956055,71327600
2004-02-27,30.95510410359538,31.106679958867698,30.542483440480712,30.795108795166016,99383900
2004-03-01,30.887742912662493,31.21615623827134,30.710905462304822,31.19931411743164,79700700
2004-03-02,31.1403710152099,31.308789025982083,30.82879978328051,30.83721923828125,91536000
2004-03-03,30.74459594432558,30.845648700433156,30.491970478670805,30.668807983398438,83938300
2004-03-04,30.68564302050568,31.014059583524812,30.643539321341077,30.955110549926758,65905600
2004-03-05,30.668808996362667,31.28353537324618,30.618285828947222,30.84564971923828,118107100
2004-03-08,30.896174741316262,31.00564696446653,30.087771891069785,30.121456146240234,112599500
2004-03-09,30.155140109400005,30.2982933740271,29.910934080240125,30.028825759887695,126140400
2004-03-10,30.104601585804076,30.315123275215296,29.582508695509954,29.633031845092773,134226100
2004-03-11,29.531989200141464,29.919348427770036,29.30462533723596,29.363571166992188,152132000
2004-03-12,29.624626412874992,29.969882018433715,29.599364826126756,29.90251350402832,118369600
2004-03-15,29.776183350039457,29.809867585739468,29.313036352233624,29.380401611328125,115813600
2004-03-16,29.565670584357022,29.683562232445926,29.16146927134943,29.430936813354492,123265100
2004-03-17,29.64988274216114,29.99513828649979,29.62462115989224,29.894088745117188,91684700
2004-03-18,29.784611400912706,29.860399346963128,29.447778583593625,29.759349822998047,111249700
2004-03-19,29.708832612180775,29.86040855100271,29.237265880119136,29.262527465820312,99976700
2004-03-22,29.07725903556311,29.094101158696134,28.656215594157068,28.89200210571289,133870400
2004-03-23,29.127781602268023,29.178307965070772,28.639369732093094,28.656211853027344,125945800
2004-03-24,28.75726994047789,29.16147128134564,28.639375071956426,28.984630584716797,118876800
2004-03-25,29.17831104481578,29.860399346963128,29.15304625459467,29.759349822998047,142122000
2004-03-26,29.72565612014561,29.961442550788934,29.64144874568363,29.65829086303711,78430800
2004-03-29,29.902498215667645,30.281437884687183,29.885659307983158,30.13828468322754,103864000
2004-03-30,30.03724514163758,30.264609042801514,29.910934004751397,30.239347457885742,95716500
2004-03-31,30.24776996709353,30.315138483408784,29.98672499714108,30.180404663085938,85993900
2004-04-01,30.15513429158095,30.525651386462066,30.129869499168407,30.44986343383789,93048600
2004-04-02,31.064598451312044,31.291962396578263,30.75302706512113,31.241436004638672,145964000
2004-04-05,31.165633516193548,31.578257494199264,31.131952482885985,31.53615379333496,67351600
2004-04-06,31.29195296249052,31.367740921396912,31.08985066797114,31.140377044677734,98611400
2004-04-07,31.148796368678976,31.249845898933888,30.87090614509465,31.106689453125,91004900
2004-04-08,31.451944959443715,31.485629206964237,30.938274640135692,31.106689453125,77176300
2004-04-12,31.17406575073341,31.35932594615846,31.14038149478204,31.300376892089844,55285700
2004-04-13,31.4435307572404,31.460372883814607,30.70249324951109,30.84564971923828,100624400
2004-04-14,30.660384936735323,31.115112649057316,30.618281232773665,30.997220993041992,113663200
2004-04-15,30.94670109690217,31.039331192385887,30.3319778959644,30.441450119018555,123565500
2004-04-16,30.483546898757194,30.58459642889021,30.138291392854946,30.39091682434082,110736600
2004-04-19,30.32354896554855,30.81196092733355,30.298287385561984,30.76143455505371,85838700
2004-04-20,30.82878932888739,30.980365165950627,30.011964341636098,30.0456485748291,119545100
2004-04-21,30.23091753403758,30.407754991839354,30.020395833138448,30.306705474853516,117850500
2004-04-22,30.315117980781036,31.165624044049643,30.298275863092833,31.08983612060547,137623300
2004-04-23,31.224566948332043,31.37613955323694,31.07299113112229,31.334035873413086,91855600
2004-04-26,31.308791725941475,31.401421800469585,30.862486689367845,31.106689453125,74392200
2004-04-27,31.115113248458364,31.317212316290234,30.896168843949276,31.047744750976562,87548500
2004-04-28,30.91301206160338,30.921434730239866,30.331973205654002,30.483549118041992,111740700
2004-04-29,30.390914053550365,30.601435762646084,29.725664681854365,30.011974334716797,156917100
2004-04-30,30.028814635099106,30.146706271071313,29.23725421335277,29.27935791015625,150829200
2004-05-03,29.473037859839536,29.910923379233896,29.38040779831105,29.5572452545166,117007200
2004-05-04,29.649880890644084,30.10460861693037,29.49830498188199,29.683565139770508,126176000
2004-05-05,29.826717686272016,30.06250421236533,29.641460744999726,29.919347763061523,97528500
2004-05-06,29.666716879123378,29.843554332000902,29.34672300322157,29.691978454589844,102733300
2004-05-07,29.548855020664185,30.012002574004374,29.39727899050785,29.447805404663086,137686000
2004-05-10,29.19514274597168,29.388825503178854,28.984621082517123,29.19514274597168,156951400
2004-05-11,29.447774942779017,29.79303038492117,29.40566803505193,29.633031845092773,120493600
2004-05-12,29.57408681933816,29.717243242362443,28.858314341135152,29.691978454589844,197765400
2004-05-13,29.523586586313517,29.85200017153564,29.405691647238854,29.48147964477539,137841700
2004-05-14,29.641467312875157,29.73409741018939,29.169897368506078,29.262527465820312,133689900
2004-05-17,28.95094954887452,29.186732861304026,28.7235856923289,28.984630584716797,150652400
2004-05-18,29.18673021788072,29.388832476163678,29.136203850233375,29.245676040649414,96686400
2004-05-19,29.607776052466686,29.902505190278248,29.161471011692985,29.211994171142578,141646900
2004-05-20,29.28778154481643,29.489883815547643,29.102524609978314,29.34672737121582,94938500
2004-05-21,29.481472195840396,29.616206022717435,29.2541114729855,29.48989486694336,111329200
2004-05-24,29.725662696749218,29.86039645308059,29.473037305166166,29.691978454589844,99861800
2004-05-25,29.599359936276663,30.38250111917187,29.430941890393612,30.281448364257812,146321400
2004-05-26,30.197231677148107,30.47511863708496,30.15512798167962,30.47511863708496,93789700
2004-05-27,30.55933898274252,30.736176487470157,30.365659351996953,30.668807983398438,110183400
2004-05-28,30.6351213097674,30.778274536132812,30.491964871095494,30.778274536132812,56379500
2004-06-01,30.542488331033383,30.778271604853217,30.40775457280688,30.736167907714844,90592700
2004-06-02,30.786702865523942,30.870910283306507,30.458286226634947,30.668807983398438,103519800
2004-06-03,30.567769384937804,30.618295781083475,30.163567852697113,30.298301696777344,97301400
2004-06-04,30.601432935796478,30.837216200264848,30.458276516436356,30.47511863708496,91233200
2004-06-07,30.68564067489223,31.241417813377836,30.601433282999842,31.19931411743164,107532600
2004-06-08,31.07302112278929,31.317223986394076,31.030914190018983,31.241436004638672,72530900
2004-06-09,31.14036631244726,31.199312125469675,30.736165075019596,30.80353355407715,98215200
2004-06-10,30.896156199313857,31.022470474243168,30.778264589276073,31.022470474243164,57101300
2004-06-14,30.828802611317368,30.828802611317368,30.399336483836517,30.584596633911133,85129900
2004-06-15,30.786701390496745,31.148799051765995,30.786701390496745,30.98038101196289,91937700
2004-06-16,30.963535779023626,31.073007975754248,30.862486250206608,30.929851531982422,64743300
2004-06-17,30.862487646776984,30.870907102764978,30.525651585735822,30.643543243408203,77844200
2004-06-18,30.56776200296207,31.02248982153373,30.53407774699955,30.685653686523438,78641500
2004-06-21,30.753021448303205,30.84565154378692,30.365662151105273,30.441450119018555,65373100
2004-06-22,30.449876293205193,30.904604200987578,30.331984586515258,30.88776206970215,101524300
2004-06-23,30.795115514250803,31.317208456154923,30.744589147367293,31.258262634277344,94393900
2004-06-24,31.174052542325143,31.4519395054149,31.089841938126664,31.19931411743164,92343200
2004-06-25,31.157229285264947,31.485642809707915,31.14038715422838,31.43511962890625,81005400
2004-06-28,31.56983694092034,31.595098518099007,31.073005578466276,31.174055099487305,94033200
2004-06-29,31.241441329094656,31.654065569487997,31.22460240788624,31.46880531311035,68265900
2004-06-30,31.536170343921658,31.915110275185878,31.451959685691744,31.780376434326172,97809500
2004-07-01,31.712984105809273,31.712984105809273,30.963527477756728,31.19089126586914,122141800
2004-07-02,31.190909773328645,31.19932923167418,30.84565415962404,31.00564956665039,74056400
2004-07-06,30.820386266310265,30.820386266310265,30.171982032636624,30.340396881103516,130232600
2004-07-07,30.28144990881267,30.55934018054001,30.24776565545653,30.399341583251953,95623100
2004-07-08,30.155137716712762,30.424605309471012,29.93619328990475,30.06250762939453,108755400
2004-07-09,30.18038692919153,30.34880490871016,30.00354949623457,30.104598999023438,86014700
2004-07-12,29.953028980313885,30.054078502810057,29.6751419903728,29.978290557861328,81844500
2004-07-13,30.04566376591164,30.15513597298539,29.81829989536165,29.93619155883789,81222000
2004-07-14,29.64145451156061,30.020394194962012,29.515140212991458,29.633031845092773,119489200
2004-07-15,29.742517558532853,29.885674042880606,29.52357631532204,29.53199577331543,90405700
2004-07-16,29.83513040176471,29.851972520317755,29.1530390557419,29.19514274597168,120387100
2004-07-19,29.2877911596935,29.447789780137693,29.026746189171163,29.136215209960938,106387900
2004-07-20,29.254105142601993,29.969877840690334,29.228840347068047,29.83514404296875,117453700
2004-07-21,29.953034677767484,30.020403180450227,28.917268041322902,28.96779441833496,136086800
2004-07-22,29.03515776911984,29.565673449232676,28.841478155305552,29.363571166992188,132135800
2004-07-23,29.153050101307205,29.186734351175645,28.656218658821736,28.80779457092285,107107100
2004-07-26,28.83305438629694,28.976207605061344,28.378326728504746,28.68147850036621,112962200
2004-07-27,28.79095883763456,29.228844546215125,28.664647691046902,29.077268600463867,103474700
2004-07-28,28.97621602147968,29.161476205273676,28.470965063159824,28.95095443725586,154299800
2004-07-29,29.228844454444562,29.405681986496614,29.052006922392515,29.287790298461914,98959800
2004-07-30,29.27092945145585,29.5572390302949,29.1783026217391,29.380401611328125,83007800
2004-08-02,29.144636175453652,29.489891771353395,29.01832182063113,29.43936538696289,81249000
2004-08-03,29.3382983745227,29.41408629986173,28.790940779040202,28.82462501525879,85746500
2004-08-04,28.75727706200877,29.018322019042557,28.63938216429149,28.833065032958984,86721000
2004-08-05,28.92568601342906,28.967792931598197,28.29412078857422,28.29412078857422,109722900
2004-08-06,28.125700801509907,28.13412025621389,27.502555147308485,27.553081512451172,148808600
2004-08-09,27.628879365588432,27.75519050529858,27.494145555846494,27.62045669555664,79281900
2004-08-10,27.755201178274728,28.193087031397365,27.721516909809452,27.965723037719727,105819800
2004-08-11,27.662550761595472,27.82254931332655,27.409925357969808,27.72149658203125,121217700
2004-08-12,27.52781864900249,27.670975087432563,27.258351107340985,27.342561721801758,113691800
2004-08-13,27.49413863959435,27.569926589278666,27.2415099991089,27.384666442871094,91416100
2004-08-16,27.46045615167189,27.948864915797575,27.443614027073515,27.696239471435547,77851300
2004-08-17,27.88991703409378,28.15938458323041,27.78044805071779,28.007808685302734,89573100
2004-08-18,27.839394362595115,28.55516695018426,27.797287447307944,28.504640579223633,106608500
2004-08-19,28.403593773878047,28.504643313184626,28.134126194189207,28.35306739807129,104690200
2004-08-20,28.268847289938527,28.748836401489864,28.21832093682057,28.63936424255371,91962400
2004-08-23,28.673062802813337,28.858322977828276,28.555171132279142,28.70674705505371,83390800
2004-08-24,28.841473606393112,28.89199997206085,28.470956561748544,28.698320388793945,86610500
2004-08-25,28.689901517595004,29.136206563637693,28.546748281055542,29.09410285949707,88394600
2004-08-26,29.018317583040005,29.094105542404584,28.892006458970382,28.96779441833496,57663400
2004-08-27,29.026733953443145,29.20357141615241,29.00146916426588,29.102521896362305,58597200
2004-08-30,28.97620468830967,28.993046808640678,28.580422891295992,28.614107131958008,62355700
2004-08-31,28.64779281616211,28.7320002097543,28.336221605103614,28.64779281616211,81262000
2004-09-01,28.572014320828163,29.02674210606057,28.462542103129866,28.85832405090332,96630600
2004-09-02,28.782539289082465,29.372000941563538,28.76569716046214,29.287790298461914,83054000
2004-09-03,29.001479176312838,29.195158827901306,28.67306571438859,28.74885368347168,90213700
2004-09-07,28.967816630089075,29.144654266765173,28.732029902211472,28.993078231811523,95556500
2004-09-08,28.89201336924554,29.203584737906077,28.78254113235646,28.883590698242188,101466100
2004-09-09,29.00988928285745,29.262514666292294,28.74884123300136,29.12778091430664,104397500
2004-09-10,29.144626173435373,29.633034872365457,29.0267345292904,29.57408905029297,108591600
2004-09-13,29.683567943099902,30.079349876946175,29.590937855407617,29.961458206176758,109350500
2004-09-14,29.85196991964181,30.079333681841696,29.776181998908516,30.0035457611084,76466300
2004-09-15,29.826718380097596,29.851983173095814,29.574092936263035,29.683565139770508,90128700
2004-09-16,29.69198537425343,29.953033493366192,29.58251638018311,29.742511749267578,67121000
2004-09-17,29.666725992739984,29.910932004956337,29.607780157005987,29.83514404296875,83903400
2004-09-20,29.717252371500752,30.12145376466551,29.624622283259573,29.83514404296875,110678100
2004-09-21,29.92778330039103,30.188828306532006,29.82673051190926,29.953044891357422,93688400
2004-09-22,29.843557581665653,29.86039970457928,29.363568321699983,29.430936813354492,101393400
2004-09-23,29.45619653156603,29.599352961139033,29.37198913462164,29.405670166015625,92503200
2004-09-24,29.464628883555083,29.63304373280118,29.262526567229493,29.304630279541016,103247400
2004-09-27,29.1530438393238,29.254096567223314,28.950944808137137,29.05199432373047,86017600
2004-09-28,29.09411787390467,29.21200959126069,28.824650173574224,29.110960006713867,87070300
2004-09-29,29.08569642902835,29.574105397935668,29.07727375704427,29.540424346923828,95096200
2004-09-30,29.489887120230534,29.70040887019308,29.380414910804056,29.5909366607666,74514600
2004-10-01,29.851986921597117,30.441448506100727,29.776198957699407,30.399341583251953,118252700
2004-10-04,30.618285121051656,30.83722633684009,30.525655033188706,30.576181411743164,108032600
2004-10-05,30.508793009326933,30.727737294628145,30.449847212277763,30.61826515197754,89754400
2004-10-06,30.576172434456794,30.896163101096494,30.40775443436391,30.86248207092285,87815500
2004-10-07,30.769866033410572,30.879335052900455,30.458291466933613,30.517240524291992,82374300
2004-10-08,30.382501723100162,30.517235520023366,29.894089701561604,29.961458206176758,115073000
2004-10-11,30.079337426402663,30.19722904837397,29.97828471130802,30.104598999023438,51181600
2004-10-12,29.835141671205857,30.18039720119032,29.641462053146952,30.0540828704834,97884100
2004-10-13,30.357234330888243,30.433022285943665,29.83514131401025,29.986717224121094,132442500
2004-10-14,30.054071578385017,30.129859505872293,29.750923080741572,29.851972579956055,99383700
2004-10-15,29.88565415381336,30.197225289136735,29.708813530565422,30.0035457611084,129183400
2004-10-18,29.902517117527033,30.52566310184925,29.809890217487695,30.433032989501953,108933400
2004-10-19,30.635118485784357,30.79511382032181,30.13828714849772,30.214075088500977,129973500
2004-10-20,30.171983690922907,30.50881661867673,30.02040774912606,30.357240676879883,106524200
2004-10-21,30.51723256010678,30.980379741339696,30.399337688465078,30.82038116455078,122627600
2004-10-22,30.82879901590113,30.887744836358177,30.096184381430447,30.14670753479004,114321100
2004-10-25,30.087753134231892,30.15512160257499,29.88565415381336,30.0035457611084,102863000
2004-10-26,30.02040759651113,30.180402995457765,29.818305271040266,30.16356086730957,98164500
2004-10-27,30.18039470300188,31.064585307840645,30.07092250627126,30.929851531982422,152423400
2004-10-28,30.88775560690154,31.258272780731595,30.79512551036717,31.123538970947266,111113900
2004-10-29,31.081425131253468,31.35931533031891,30.87932287626893,31.07300567626953,100779200
2004-11-01,31.140364908853357,31.30878288660023,30.98878905011175,31.19089126586914,72356000
2004-11-02,31.233012012670454,31.62037132439991,31.174066170116294,31.29195785522461,108930700
2004-11-03,31.797197214028383,31.915092068293713,31.283526947250746,31.50246810913086,140980100
2004-11-04,31.376165588397832,31.81405128898324,31.249854444116437,31.679317474365234,112513700
2004-11-05,32.01614641462408,32.13403807435516,31.67089089156584,31.965620040893555,117017900
2004-11-08,31.95718296953074,32.0834940157725,31.872972393064533,31.999286651611328,66486000
2004-11-09,31.940351301197556,32.125611417712534,31.83930178869215,31.931928634643555,85038700
2004-11-10,31.940347980915465,32.049820148594954,31.704564738811104,31.82245635986328,95122300
2004-11-11,31.923536132650124,32.319318274879016,31.881432401251235,32.2435302734375,99338800
2004-11-12,32.28560907150042,32.63928399688769,32.14245264052963,32.555076599121094,102418100
2004-11-15,32.538239793674485,32.72349995379905,32.420348132615885,32.698238372802734,82696000
2004-11-16,32.555093006367365,32.57193513687011,32.268783212436546,32.49614715576172,97197500
2004-11-17,32.69823767897963,33.11085848392934,32.69823767897963,32.93402099609375,125242500
2004-11-18,32.824534735078075,33.144528537186766,32.74874681384984,33.0855827331543,94901100
2004-11-19,33.04346891402786,33.085572587954104,32.496111516073505,32.5718994140625,118448900
2004-11-22,32.51297822275344,32.90033745558226,32.40350601789074,32.88349533081055,79882600
2004-11-23,32.849804760054674,32.96769961077041,32.51297196635695,32.83296585083008,91925300
2004-11-24,32.917179484434065,33.16980493065989,32.900337359711436,33.11928176879883,74051700
2004-11-26,33.15296805975546,33.2455981542558,32.984549998146406,33.01823425292969,31248900
2004-11-29,33.22874877033394,33.38032467145003,32.81612798242305,33.00980758666992,94765400
2004-11-30,33.09401593840551,33.16980389112877,32.8919168726813,32.942440032958984,87663100
2004-12-01,33.06874962339729,33.649788369543174,33.06874962339729,33.61610412597656,102375000
2004-12-02,33.53189848169968,34.011887734535605,33.48137211370931,33.7424201965332,122005600
2004-12-03,33.97819894703932,34.18030117967753,33.7508383522421,33.79294204711914,114227700
2004-12-06,33.78453616521114,34.04558434282941,33.60769863148954,33.910850524902344,70415100
2004-12-07,33.97820371119332,34.104518025841244,33.28769273901266,33.32979965209961,121439800
2004-12-08,33.34664636670989,33.66664034968168,33.26243894544178,33.52348709106445,10121300
2004-12-09,33.2540117194793,33.843469955262016,33.04349000318363,33.72557830810547,134346000
2004-12-10,33.54875045354883,33.74243010257905,33.46454302781652,33.62453842163086,86177300
2004-12-13,33.877154416609756,33.96978448633891,33.666632698973125,33.91925811767578,74296400
2004-12-14,33.919258981095425,34.18030707404019,33.89399740227406,34.087677001953125,91985000
2004-12-15,34.09610234558963,34.256097711192105,33.80979265135423,33.961368560791016,95179300
2004-12-16,33.96978991337296,34.062419997900754,33.53190428525512,33.64137649536133,86101300
2004-12-17,33.700039636425394,33.84456722661809,33.521508415958486,33.55551528930664,97947000
2004-12-20,33.640525128483034,33.810556231421366,33.23245242727516,33.32596969604492,106397600
2004-12-21,33.48750575257419,33.75955428741281,33.39398846064697,33.73405075073242,83184700
2004-12-22,33.61500733859893,33.94656606499069,33.57250039166422,33.77653503417969,75298000
2004-12-23,33.674526854071765,33.929571847985656,33.615016463594294,33.80204772949219,45782000
2004-12-27,33.989082932047914,34.02308979674986,33.495996366162146,33.65752410888672,67157700
2004-12-28,33.72554630426896,34.006098170854145,33.674539232580194,33.980594635009766,62563100
2004-12-29,33.93806939421506,34.142107319869844,33.921069206560574,34.02308654785156,46594800
2004-12-30,34.06559195868656,34.10809891204125,33.946571192064376,33.997581481933594,41717600
2004-12-31,34.03159711021517,34.10811095048821,33.81905902535383,33.938079833984375,44112300
2005-01-03,34.082618152593405,34.25264932264948,33.47050723762147,33.58102798461914,100970900
2005-01-04,33.725549263789105,33.78506292443891,32.77337933951015,32.96891403198242,136623200
2005-01-05,32.88390963316858,33.12195137265026,32.705378328557316,32.764888763427734,127925500
2005-01-06,32.84139653127509,32.90940705429519,32.594851493793136,32.60335159301758,102934600
2005-01-07,32.781860727073266,33.045405758961984,32.48430559539353,32.77335739135742,123104000
2005-01-10,32.679856699621105,33.045422486716994,32.63734972874172,32.756370544433594,88764200
2005-01-11,32.62033456995181,32.73085524898279,32.36528959324962,32.526817321777344,106398800
2005-01-12,32.671372571508435,32.815896991752545,32.314306706835225,32.79889678955078,127754900
2005-01-13,32.798878733041896,33.02841701023127,32.31428891710377,32.365299224853516,101982400
2005-01-14,32.47579879187027,32.74784710325809,32.467295457911575,32.67133331298828,93460900
2005-01-18,32.54383474659759,32.97741431219759,32.492827675167625,32.917903900146484,91760400
2005-01-19,32.926395372229905,32.943398805943716,32.35679493664752,32.37379837036133,104981000
2005-01-20,32.008231619263306,32.14425584150652,31.72767983665796,31.753183364868164,120963900
2005-01-21,31.863690627553748,31.92320099700796,31.447118041374285,31.498125076293945,138569200
2005-01-24,31.557656564903258,31.625670314408477,30.996556103781494,31.056066513061523,137499000
2005-01-25,31.260122508843995,31.532171177281956,31.16660517099171,31.2091121673584,119171300
2005-01-26,31.421619893932302,31.702171635181077,31.302599122398682,31.58315086364746,107465800
2005-01-27,31.532147411077542,31.685175077119375,31.345112876343418,31.540647506713867,103654700
2005-01-28,31.642663438298495,31.68517039634767,31.13257021248937,31.387615203857422,111648600
2005-01-31,31.76168176810499,31.906206062938793,31.676664615491482,31.79568862915039,89139900
2005-02-01,31.87220917788431,32.0082334077279,31.770188573196528,31.89771270751953,76610300
2005-02-02,31.999743271110077,32.07625713465613,31.719194600157728,31.9487361907959,100160500
2005-02-03,31.778685451605945,31.804188976056636,31.455626755248417,31.58315086364746,90157900
2005-02-04,31.583156422727328,32.152756856202416,31.583156422727328,32.09324645996094,99302000
2005-02-07,32.135751096910724,32.22926835368623,31.897709529171717,32.025230407714844,71551400
2005-02-08,32.0167488042794,32.31430093580407,31.982741919798013,32.08476257324219,72821700
2005-02-09,32.11025664512839,32.13576017943044,31.506649217436735,31.549156188964844,93276600
2005-02-10,31.676664867657593,31.72767515963177,31.35360941437286,31.58315086364746,110373000
2005-02-11,31.481131868593966,32.17825634539521,31.3961179540857,32.05073547363281,108684100
2005-02-14,32.05073479402415,32.25476948174679,32.04223145690985,32.19525909423828,54908900
2005-02-15,32.22078646442171,32.71387331092434,32.15277269631102,32.40781784057617,131406500
2005-02-16,32.331287173847684,32.44180786806418,32.16125932806633,32.288780212402344,80273900
2005-02-17,32.34830570780868,32.42481957135764,31.8212120050685,31.8552188873291,115628300
2005-02-18,31.863704058901174,31.940217886605062,31.676669537164276,31.753183364868164,69158800
2005-02-22,31.481128997275977,31.923208447158462,31.277094323836465,31.36210823059082,121232000
2005-02-23,31.489642115200144,31.5151456465339,31.200590202147467,31.404624938964844,95010100
2005-02-24,31.328112736216823,31.829702751414224,31.251598895150313,31.80419921875,99334600
2005-02-25,31.77868284899699,32.05073123110014,31.70216903883845,31.982717514038086,79988700
2005-02-28,31.846689056652963,31.965709802494437,31.387606257202613,31.642654418945312,95731300
2005-03-01,31.770184821971508,32.05073658712693,31.736181200830636,31.991226196289062,78460600
2005-03-02,31.80418541670281,32.32277864298065,31.76167846635121,31.97421646118164,107270600
2005-03-03,32.05922689323178,32.07623032014722,31.47262325847354,31.710664749145508,89793800
2005-03-04,31.9657232009046,32.093247335227595,31.7956953459052,31.89771270751953,86622300
2005-03-07,31.9657275279189,32.55233473352216,31.931723898160218,32.3568000793457,93563900
2005-03-08,32.31428958807891,32.48432070770147,32.00823746444692,32.03374099731445,89595200
2005-03-09,32.02522998235271,32.24627135780858,31.855202146553534,31.940216064453125,98063000
2005-03-10,31.974226539498638,32.02523359876908,31.52364688621802,31.89771270751953,97043600
2005-03-11,32.04223053005366,32.152751207832345,31.47263019664197,31.60015106201172,102857500
2005-03-14,31.659674098549214,31.76169146977405,31.481139645063553,31.744688034057617,65576200
2005-03-15,31.81268708597063,31.863697374763742,31.44712470037407,31.48963165283203,93856300
2005-03-16,31.379119009047148,31.608660502726064,31.05606025019459,31.1325740814209,159578000
2005-03-17,31.124098174625015,31.362139948739244,31.06458773109646,31.2091121673584,100429600
2005-03-18,31.243094741996998,31.277101609849716,30.903032549616643,31.0390567779541,108899400
2005-03-21,31.115564335374476,31.24308844257327,30.81801240934098,31.09856414794922,92752500
2005-03-22,31.124062602797366,31.243083353825142,30.698986638799745,30.71599006652832,114016300
2005-03-23,30.681994687309036,31.022056882932276,30.66499125322053,30.826519012451172,97444900
2005-03-24,30.937041246521066,31.158082657558673,30.835023880004883,30.835023880004883,77566800
2005-03-28,30.954035911818032,31.124066969888986,30.869022004318897,30.8945255279541,59739000
2005-03-29,30.83501038092447,31.09855864237709,30.554458691984053,30.64797592163086,119554300
2005-03-30,30.80101902767162,31.26860216816153,30.792518931185835,31.22609519958496,114711000
2005-03-31,31.226085390303165,31.243088821007145,30.979540509704684,31.09006118774414,86578900
2005-04-01,31.30261201251922,31.35362232549896,30.716008007085765,30.7755184173584,143814300
2005-04-04,30.81801841590664,31.11557039993431,30.630983887047307,30.996549606323242,100090300
2005-04-05,31.022057365583294,31.175081788613763,30.962543723810864,31.081567764282227,66266600
2005-04-06,31.166601022043825,31.379139218659798,30.96256292633926,31.030576705932617,82168900
2005-04-07,31.05606262408429,31.41312827812521,31.039059188837232,31.404624938964844,88618000
2005-04-08,31.455623794632686,31.515134174798355,31.11556169962388,31.149568557739258,92332900
2005-04-11,31.24310280138697,31.268606337318626,30.945550738603462,31.013561248779297,70976000
2005-04-12,30.979551362050785,31.2345996688828,30.52897164130905,31.16658592224121,144848500
2005-04-13,31.081556768409175,31.115560382012156,30.588467075833904,30.65648078918457,108995500
2005-04-14,30.656491298278134,30.69049492353761,30.18040487083735,30.222911834716797,158057900
2005-04-15,29.959368369516614,30.06988583309988,29.48328191574915,29.534292221069336,170013300
2005-04-18,29.50878068715168,29.755325591821464,29.449270295413886,29.542787551879883,110084000
2005-04-19,29.77233542641476,29.84034592742299,29.542793904748574,29.7468318939209,96922100
2005-04-20,29.933856551658057,30.001870280625095,29.406763124455892,29.500280380249023,140457400
2005-04-21,29.857356286300952,30.358946414448578,29.72133200967149,30.282432556152344,124505100
2005-04-22,30.146392062859686,30.154895399804268,29.602295249028096,29.831836700439453,114996800
2005-04-25,30.010376378886544,30.146400620959632,29.882855476172004,30.07839012145996,72170100
2005-04-26,30.001889637974273,30.350452116141625,29.78935146243137,29.7978515625,104958800
2005-04-27,29.64482400058726,29.967882937477867,29.525803140436828,29.84035873413086,112539300
2005-04-28,29.68731186236506,29.88284971301566,29.51728402487029,29.542787551879883,98181900
2005-04-29,29.75532473619645,29.80633503182193,29.202724551009304,29.73832130432129,144435900
2005-05-02,29.840338334663368,29.97636254514281,29.66180716648529,29.857341766357422,67648800
2005-05-03,29.797824641597025,30.120883284615328,29.78082121374635,30.01036262512207,103428700
2005-05-04,30.00186318712707,30.46094601989193,29.95935623810936,30.37592887878418,90480600
2005-05-05,30.392945292587612,30.537469629611248,30.205910745311176,30.401445388793945,79341700
2005-05-06,30.57997699700006,30.62248396022749,30.367438937789494,30.486459732055664,77310200
2005-05-09,30.494951532096692,30.656482488723327,30.316420389262287,30.6309757232666,66298400
2005-05-10,30.48646027404941,30.571474202015665,30.282422306627538,30.40994644165039,77194700
2005-05-11,30.452448524663208,30.630979690621146,30.0103690353343,30.562969207763672,131952400
2005-05-12,30.630988269678,30.77551585622263,30.31643280683219,30.47796058654785,116602200
2005-05-13,30.596978858450573,31.005051521994183,30.511961693291543,30.80951690673828,133273500
2005-05-16,30.809526475177538,31.064571563716868,30.71600918599579,31.013561248779297,79093200
2005-05-17,30.903034882107036,31.23459700408647,30.78401407871252,31.200590133666992,91665900
2005-05-18,31.28560156645282,31.7616879850581,31.209087735660425,31.62566375732422,128105900
2005-05-19,31.702178455981162,31.897713086009393,31.62566462309416,31.889209747314453,92619700
2005-05-20,31.838196287684237,32.04223097232117,31.753179133191484,32.016727447509766,66530100
2005-05-23,32.01671027276049,32.297261867480806,31.965700007428314,32.17823791503906,93068200
2005-05-24,32.10176180905151,32.305799866741786,32.050754726935125,32.280296325683594,100830000
2005-05-25,32.169775391497886,32.20378227476374,31.95723723569863,32.14427185058594,76470600
2005-05-26,32.288788260113584,32.53533323824841,32.288788260113584,32.46731948852539,84066800
2005-05-27,32.424811187207354,32.51832846770566,32.32279380987918,32.48432159423828,50076900
2005-05-31,32.46731239117721,32.50982259699842,32.23777090065086,32.37379837036133,75281500
2005-06-01,32.331296589293665,32.883896978229906,32.32279649175853,32.637351989746094,110875700
2005-06-02,32.586330016122346,32.866878509521484,32.560823249033156,32.866878509521484,75926500
2005-06-03,32.84137178515834,32.84987187797792,32.32277856020851,32.39078903198242,96998400
2005-06-06,32.40779590060659,32.467306285877626,32.271771699548104,32.399295806884766,52681400
2005-06-07,32.433302114618044,32.70535051209397,32.08473990265997,32.12724685668945,108953400
2005-06-08,32.20378132068758,32.263291743102315,31.931732748770298,32.05925369262695,79211900
2005-06-09,32.0167415981891,32.35680388031432,31.880717333953868,32.26328659057617,99383300
2005-06-10,32.22076531964513,32.22076531964513,31.77868584626382,31.92321014404297,85971700
2005-06-13,31.863702500001885,32.26327505213721,31.8466990676692,32.07624053955078,82331300
2005-06-14,32.04225025239682,32.169774439331846,31.880722426277273,31.9487361907959,62593600
2005-06-15,32.16125615695192,32.195259776911456,31.6681663721997,32.05073547363281,103952000
2005-06-16,32.084728565391174,32.305766594083416,32.016714868518754,32.22075271606445,90450100
2005-06-17,32.42923639529548,32.51432886720588,32.12289830270646,32.22500991821289,83915700
2005-06-20,32.09737121034728,32.403709302936306,31.97824045124483,32.22500991821289,67580000
2005-06-21,32.19949223185701,32.3441501255756,32.08036143795448,32.20800018310547,97845600
2005-06-22,32.335661667338435,32.420754215402376,32.02081534421469,32.17398452758789,75221100
2005-06-23,32.22501625570791,32.48880816422005,31.765512272526294,31.816566467285156,122163300
2005-06-24,31.808059518001514,31.83358661618441,31.450663913088672,31.45917510986328,142144100
2005-06-27,31.442158059071957,31.535761753411723,31.22942357050729,31.314516067504883,72780800
2005-06-28,31.44215461305916,31.705943272483267,31.39960836922337,31.612342834472656,73330300
2005-06-29,31.697452068796682,31.7059600236307,31.459190380579653,31.544282913208008,71513600
2005-06-30,31.603827273281865,31.66339265563951,31.271962072697885,31.297489166259766,87803700
2005-07-01,31.365587721555386,31.484718569745038,31.212418560719502,31.25496482849121,55254800
2005-07-05,31.144333572981957,31.646387188456835,31.144333572981957,31.57831382751465,79288700
2005-07-06,31.510217581731922,31.722951976955216,31.36555975109333,31.425125122070312,79101000
2005-07-07,31.12730917967484,31.56128606980179,31.10177883597062,31.53575897216797,119466300
2005-07-08,31.552773400739575,32.173957570140985,31.4761888732205,32.13991928100586,101320700
2005-07-11,32.22504003355003,32.47181297720508,32.16547459833299,32.437774658203125,96283700
2005-07-12,32.43776180995331,32.727080914728226,32.34415809280973,32.5909309387207,86059300
2005-07-13,32.60795319842333,32.70155692448564,32.48031116359805,32.667518615722656,72135400
2005-07-14,32.90576425489844,33.08446366581489,32.77812552832407,32.99085998535156,99135200
2005-07-15,33.04193284451786,33.186590784695696,32.88876370428737,33.092987060546875,67239200
2005-07-18,33.00788652074676,33.09297902417889,32.9227907712437,32.95682907104492,58644000
2005-07-19,33.110002328582496,33.356775163999,33.0504369194918,33.33975601196289,77860900
2005-07-20,33.13552243777879,33.67161425248261,33.101487386963655,33.57801055908203,91433100
2005-07-21,33.663109515649346,33.77372912198478,33.36527925856611,33.586524963378906,127286000
2005-07-22,33.595017998822954,33.68862165960032,33.37377563831514,33.54396057128906,71666600
2005-07-25,33.5780131129687,33.722674262700636,33.35677065852507,33.41633605957031,51872700
2005-07-26,33.51843348055688,33.63756423206643,33.34824530151344,33.54396057128906,67324900
2005-07-27,33.56950931967898,33.83329805810828,33.382301895448144,33.79926300048828,78351100
2005-07-28,33.82479134102906,33.969449267895286,33.73118762549378,33.960941314697266,66163700
2005-07-29,33.92690341815003,33.969449676795094,33.62907636156313,33.68013381958008,74725700
2005-08-01,33.73117767653194,33.89285795424967,33.629066037916324,33.739688873291016,59748300
2005-08-02,33.78221841207286,34.156629732547465,33.739672187529884,34.10557556152344,79284100
2005-08-03,33.960954274813425,34.14816177732576,33.935427159406345,34.08859634399414,61916400
2005-08-04,33.93542101026901,33.98647523183209,33.671628963262194,33.75672149658203,72035500
2005-08-05,33.705673723103814,33.85884290923931,33.55250453696832,33.59505081176758,66029500
2005-08-08,33.62906237597635,33.705646908116236,33.30570510182242,33.34825134277344,63415400
2005-08-09,33.50143099498402,33.68863840961844,33.450376788135465,33.56950759887695,62143600
2005-08-10,33.65458953565102,33.773720308969594,33.16104729674979,33.28017807006836,102317500
2005-08-11,33.29721323400012,33.646097772015445,33.27168288024273,33.552494049072266,92446700
2005-08-12,33.288703208929974,33.458891507008495,33.161064419924934,33.36528778076172,86367300
2005-08-15,33.30571562789856,33.72267671156491,33.254661421049995,33.56950759887695,63061100
2005-08-16,33.441848524483,33.46737886095047,32.96532552468323,33.0248908996582,94596000
2005-08-17,33.118489095976386,33.331223491236464,33.00786954761101,33.220603942871094,74470500
2005-08-18,33.07596503304294,33.27168041831876,32.99087251633917,33.050437927246094,72559400
2005-08-19,33.092974512147634,33.186578200803226,33.00788202031736,33.033409118652344,52024300
2005-08-22,33.08447623235618,33.339757028538926,32.84621134265703,33.050437927246094,88056300
2005-08-23,33.05043277246283,33.118506125994344,32.85471741771217,32.95682907104492,57482900
2005-08-24,32.88875803805725,33.339754180996316,32.72707772562915,32.76111602783203,95025700
2005-08-25,32.82068836483565,32.92280004693741,32.75261499212509,32.83770751953125,52328800
2005-08-26,32.78662760294972,32.84619298055765,32.5653852355588,32.7270622253418,63840700
2005-08-29,32.556876708385374,33.05893010797796,32.556876708385374,32.98234558105469,74940400
2005-08-30,32.81216601922098,32.89725850930587,32.607939498518654,32.86322021484375,87373600
2005-08-31,32.88022155120718,33.19506748925707,32.74407169318004,33.16954040527344,93426300
2005-09-01,33.18658780998337,33.31422983075803,32.99938037846625,33.11851119995117,74884400
2005-09-02,33.186575296288424,33.21210239238926,32.965332889250725,32.99085998535156,53244900
2005-09-06,33.144025911159275,33.53545649591494,33.10147967300233,33.47589111328125,78106600
2005-09-07,33.44188056473231,33.59504974600871,33.36529597409411,33.535484313964844,57440100
2005-09-08,33.43334715820248,33.67160870500753,33.41632801256353,33.52695083618164,73529700
2005-09-09,33.535476110860486,33.773737780754836,33.45038358477588,33.71417236328125,75342100
2005-09-12,33.7226696550069,33.91838498113841,33.6801234095123,33.807762145996094,51689900
2005-09-13,33.76522539564265,33.96094077681142,33.64609457632874,33.722679138183594,66145800
2005-09-14,33.739697969632985,33.76522507465147,33.31422890694441,33.33975601196289,98644000
2005-09-15,33.40781586838103,33.47589244900438,33.22911971334978,33.322723388671875,80421500
2005-09-16,33.39930886692458,33.57800502702837,33.28017809352205,33.52695083618164,71034100
2005-09-19,33.458883695935796,33.50994114726138,33.10999922705522,33.26316833496094,73387500
2005-09-20,33.32273717068415,33.64609457024297,33.024910122453235,33.12702178955078,115202800
2005-09-21,33.03341595331273,33.07596220803075,32.735588924215456,32.76111602783203,116404300
2005-09-22,32.710053157285294,32.956825938280396,32.53986816659824,32.88024139404297,118686100
2005-09-23,32.761115732500635,33.08447310837069,32.68453117627012,32.97385025024414,70154000
2005-09-26,33.16104497458892,33.212099161824504,32.80364943359035,32.98234558105469,69327600
2005-09-27,33.007888067029135,33.101491772831984,32.769623203329765,32.9057731628418,64089500
2005-09-28,32.982345640142306,33.14402588953103,32.81216068762561,32.91427230834961,72044500
2005-09-29,32.871746449134726,33.365288960331775,32.71857730005622,33.356781005859375,117634600
2005-09-30,33.33123777576607,33.59502970752492,33.29720272495094,33.57801055908203,79248500
2005-10-03,33.646074424889804,33.824770546835296,33.62054408884801,33.66309356689453,81685600
2005-10-04,33.71416007851085,33.935405759428185,33.433352247894994,33.44186019897461,85348600
2005-10-05,33.45036393784685,33.47589103146464,32.95681848743689,32.98234558105469,106152200
2005-10-06,32.9568239722353,33.06744680643916,32.26756311521646,32.54837417602539,162213700
2005-10-07,32.67601165840547,32.82066952115636,32.48880431030904,32.62495422363281,91119900
2005-10-10,32.56540080117168,32.727077868233096,32.38670458293467,32.44626998901367,64012000
2005-10-11,32.53986802245111,32.53986802245111,32.165453254028705,32.284584045410156,114736900
2005-10-12,32.097391584460375,32.38671071710134,31.850618714781245,31.901676177978516,146109500
2005-10-13,31.88465635690366,32.25906800763971,31.765525524672718,32.14844512939453,138569600
2005-10-14,32.23353058520881,32.39520762777697,32.029304048112095,32.38669967651367,131463200
2005-10-17,32.395219209298006,32.49733089131667,32.18248464488388,32.48882293701172,64080400
2005-10-18,32.454767583561,32.48880587504881,32.25905227661133,32.25905227661133,88070400
2005-10-19,32.09738460415411,32.9057731628418,32.00378089835126,32.9057731628418,132879900
2005-10-20,32.939799420828976,33.05893018608667,32.42072687557481,32.59942626953125,132576900
2005-10-21,32.905765350915665,32.973841937545636,32.61644959594921,32.803653717041016,110032000
2005-10-24,32.95681988299645,33.33974253382771,32.73557748811063,33.322723388671875,110820900
2005-10-25,33.26315638076872,33.34824885632626,32.99085656370076,33.1950798034668,86665800
2005-10-26,33.169548740006135,33.416321434085006,32.982341420902245,33.0248908996582,89878100
2005-10-27,32.99937912459003,33.016398276451405,32.361175537109375,32.361175537109375,132231100
2005-10-28,32.47178313960365,32.66749842491733,32.26755665932385,32.607933044433594,95243900
2005-10-31,32.71855076586783,33.2291120180251,32.69302043101147,33.07594299316406,115279100
2005-11-01,32.99938046958097,33.19509585485679,32.93981505867404,33.050437927246094,73502300
2005-11-02,32.956813657593216,33.577997731127084,32.939794515652224,33.48439407348633,101409900
2005-11-03,33.81627664082782,34.114103634407435,33.76521919361241,33.9864616394043,137054000
2005-11-04,34.03749900539958,34.23321423515237,33.90134913922074,34.10557556152344,100944500
2005-11-07,34.216213299884764,34.28428989222683,33.994970866914215,34.14813995361328,65324500
2005-11-08,34.10559253208759,34.33534290815468,34.029007991375074,34.156646728515625,78859700
2005-11-09,34.13961436710147,34.31831372364449,34.063029856031385,34.17365264892578,72458800
2005-11-10,34.19068427815178,34.624661168681634,33.96943861155192,34.54807662963867,120763100
2005-11-11,34.692750575484546,34.82038935700257,34.61616600814509,34.641693115234375,80057200
2005-11-14,34.692750575484546,34.769335142824005,34.5480893944782,34.641693115234375,53652400
2005-11-15,34.65870720197312,34.80336836183179,34.360880175898124,34.480010986328125,79543500
2005-11-16,34.57360299452941,34.70124171419835,34.42894188362057,34.69273376464844,65895700
2005-11-17,34.81186434378394,35.16074870267707,34.76080690855445,35.15224075317383,94425500
2005-11-18,35.33093913727147,35.44156196421561,35.11820467949364,35.2713737487793,108820200
2005-11-21,35.22883326748325,35.38200236181698,35.09268332208336,35.35647201538086,69731400
2005-11-22,35.28840024817642,35.62877350390436,35.1947965478782,35.48411560058594,88814000
2005-11-23,35.5096370317033,35.75640979379775,35.49261788472399,35.5692024230957,64101200
2005-11-25,35.60325147222655,35.68834398675782,35.50964775859935,35.64579772949219,22930200
2005-11-28,35.739399797712686,35.739399797712686,35.31393075250182,35.34796905517578,74716200
2005-11-29,35.54369149206563,35.611764864874445,35.17778778076172,35.17778778076172,77443000
2005-11-30,35.12673602715351,35.3054355577305,35.05015144149834,35.09270095825195,88044400
2005-12-01,35.32243671002202,35.78194403195255,35.31392875786969,35.74790573120117,91914100
2005-12-02,35.6883276353048,35.85000788333647,35.628762253209935,35.83298873901367,72929200
2005-12-05,35.79044808775637,35.79044808775637,35.42454454287712,35.5692024230957,61519900
2005-12-06,35.76491231605478,36.00317709153227,35.65429274658404,35.68832778930664,81509400
2005-12-07,35.73939676386824,35.764923865671165,35.424550606038785,35.62026596069336,83885500
2005-12-08,35.7053635424183,35.73940184704405,35.11821739494542,35.364990234375,112043200
2005-12-09,35.36497542029378,35.5436715756176,35.2118063597105,35.50112533569336,56526900
2005-12-12,35.6287727355957,35.688338135215375,35.4670956860667,35.6287727355957,44863600
2005-12-13,35.586237673975184,35.918103075075415,35.53518020993213,35.77344512939453,76611600
2005-12-14,35.69684693713144,35.824485679433955,35.49262040494857,35.654300689697266,73581600
2005-12-15,35.73940573980584,35.79897115635311,35.40754034873627,35.7138786315918,72607200
2005-12-16,35.70620553004281,35.774443121356825,35.441777135682315,35.467369079589844,63743000
2005-12-19,35.544123876789484,35.57824428857651,34.8873238463479,34.904380798339844,75341700
2005-12-20,34.92998123168945,35.10058007822528,34.75938238515363,34.92998123168945,70257700
2005-12-21,34.989689456014005,35.32235540870907,34.92998034932014,35.083518981933594,68935000
2005-12-22,35.06643662417076,35.36498196907726,35.05790489780188,35.313804626464844,59149500
2005-12-23,35.40763083922102,35.4758716345712,35.22850363227712,35.313804626464844,38000400
2005-12-27,35.416195029257274,35.55267349115814,34.94705051984201,35.00675964355469,55656300
2005-12-28,35.02381281042829,35.16881972343656,34.861742432474884,34.96410369873047,50302400
2005-12-29,34.9982087669075,35.07497806310631,34.674074630869356,34.73378372192383,47301700
2005-12-30,34.580234766027914,34.6143551660909,34.426696219644924,34.46934509277344,60026500
2006-01-03,34.67407909090912,35.39059152962737,34.25611214586437,35.23705291748047,109350400
2006-01-04,35.32235132902041,35.60383987426758,35.24558202158044,35.60383987426758,92769400
2006-01-05,35.61235933303218,35.82560699370902,35.578238926387634,35.75736618041992,77656900
2006-01-06,36.04739323017386,36.42271130063213,35.876797656949535,36.4056510925293,110053900
2006-01-09,36.40565228690911,36.610368283055315,36.269173871510944,36.5506591796875,80768800
2006-01-10,36.388585347572935,36.61036151136049,36.294755844235375,36.57624435424805,84369400
2006-01-11,36.678599786249826,36.94302807239236,36.567710085106015,36.85772705078125,100761400
2006-01-12,36.8150786939094,36.92596839664052,36.550650403981756,36.6786003112793,82429200
2006-01-13,36.62742819745102,36.72125771739007,36.448300888786676,36.66154861450195,64572100
2006-01-17,36.38004247527541,36.499460612665914,36.25209261155689,36.422691345214844,77962100
2006-01-18,35.85120685948569,36.21799321062146,35.84267838211369,36.00474548339844,121021900
2006-01-19,36.183852599346196,36.52505007404368,36.07296618588475,36.2691535949707,111094000
2006-01-20,36.217985303048046,36.24357723738067,35.10056953886524,35.18586730957031,188569400
2006-01-23,35.279690352255066,35.35645963339869,35.04085403487526,35.19438934326172,111381900
2006-01-24,35.27970096377908,35.569717973787,35.23705207340474,35.347938537597656,77956900
2006-01-25,35.51852666963488,35.544115345382494,35.04085403487526,35.19438934326172,99826400
2006-01-26,35.399104514719546,35.5611715326599,35.16879669728826,35.44175338745117,112600600
2006-01-27,35.65500534439109,36.158269913234946,35.60382799244478,35.91943359375,110830400
2006-01-30,35.97915386585218,36.09857206274272,35.885324352894806,35.9876823425293,53942600
2006-01-31,35.97063329911907,36.05593436187337,35.6635592349121,35.825626373291016,100988100
2006-02-01,35.6038262579281,35.97060919331101,35.56970585569226,35.95355224609375,89168700
2006-02-02,35.83412637086175,35.893838694280504,35.32233341673162,35.339393615722656,94047400
2006-02-03,35.07497960337339,35.168809108836925,34.784962610986824,34.904380798339844,121094200
2006-02-06,34.733785204917986,34.981150055318814,34.62289549369595,34.81055450439453,58162800
2006-02-07,34.75084243677237,34.91290949784118,34.494942624483045,34.657012939453125,87327000
2006-02-08,34.90436855919014,35.10055923122086,34.708181141059846,35.05790710449219,89907800
2006-02-09,35.15176489731946,35.28824335266494,34.657031716905735,34.72526931762695,78213400
2006-02-10,34.699663088004954,35.02380047585554,34.34140529008559,34.938499450683594,102575900
2006-02-13,34.716713433294025,34.75083383367242,34.37551593731109,34.5375862121582,70643100
2006-02-14,34.605832974933456,34.989679446661725,34.46935459097466,34.88732147216797,94340300
2006-02-15,34.79350222539633,35.194405766086625,34.74232159611782,35.109107971191406,92254300
2006-02-16,35.23705528114864,35.4417712751421,35.100576867185644,35.43324279785156,103859600
2006-02-17,35.365000186391555,35.365000186391555,35.14322399506195,35.15175247192383,81770200
2006-02-21,35.15174767127949,35.202928287166735,34.63995452801286,34.75937271118164,85101400
2006-02-22,34.784954261795995,35.43322891454231,34.69965650670343,35.19438934326172,91983900
2006-02-23,35.13469165416514,35.43324040157663,35.04086539470627,35.1005744934082,66517100
2006-02-24,35.13468026391676,35.21998127291012,34.98114170162952,35.19438934326172,57085400
2006-02-27,35.27968440182786,35.714708085668185,35.254095730396145,35.586761474609375,64945000
2006-02-28,35.49293406748145,35.58676354004386,34.947020685918815,35.05790710449219,117564600
2006-03-01,35.168808652983195,35.62942444443287,35.1005710841952,35.53559494018555,80962300
2006-03-02,35.441765742604936,35.68913384614255,35.32234755576651,35.56118392944336,69856500
2006-03-03,35.356449127197266,35.83412162001607,35.30526853700962,35.356449127197266,112066100
2006-03-06,35.43324693047364,35.51001625065041,34.93851058846732,35.049400329589844,99581000
2006-03-07,34.98967945535276,35.03232834024397,34.67407380247616,34.844669342041016,96441100
2006-03-08,34.76789156261585,35.04937999122338,34.546115462964906,34.86172103881836,103961900
2006-03-09,34.97261796776995,35.10056787165155,34.520533947483756,34.56318283081055,108556700
2006-03-10,34.52906828451987,34.79349661227941,34.281700163767574,34.59730911254883,124474900
2006-03-13,34.75084568760599,34.921441239889184,34.64848445155417,34.69966506958008,69169100
2006-03-14,34.665544212534584,35.330875968822106,34.665544212534584,35.28822708129883,118201000
2006-03-15,35.42469121180789,35.586761474609375,35.245564003985415,35.586761474609375,84375800
2006-03-16,35.697662258545115,35.75737135185802,35.25410992362112,35.28822708129883,101371200
2006-03-17,35.28736842449054,35.5007656686502,35.19347311607091,35.381263732910156,78219600
2006-03-20,35.48368975270117,35.577585051209155,35.33858120495841,35.466617584228516,60240100
2006-03-21,35.0910530090332,35.85928134574432,35.06544637466483,35.0910530090332,136566000
2006-03-22,34.8947203597639,35.23615401709116,34.877648188469976,35.1764030456543,112282800
2006-03-23,35.073970794677734,35.18493827215202,34.843501382777376,35.073970794677734,75158200
2006-03-24,35.19348387714123,35.423953362046085,35.01423091872119,35.25323486328125,81795500
2006-03-27,35.23615464088106,35.432479729961145,35.20201355387255,35.26176452636719,54400400
2006-03-28,35.33005838335225,35.56906233033709,34.988624638543136,35.116661071777344,100522800
2006-03-29,35.16787347330122,35.93610175114066,35.14226358471098,35.78245544433594,130669100
2006-03-30,35.859273016382,36.10681461172564,35.67148564765896,35.89341735839844,115915600
2006-03-31,35.961711215271556,36.0129244794792,35.71416958432079,35.790992736816406,71074600
2006-04-03,35.978787246431914,36.166574662301684,35.76538993952825,35.833675384521484,80730700
2006-04-04,35.893428439946895,36.115363475389096,35.79099863845762,36.03000259399414,89952600
2006-04-05,36.10682703008963,36.42265416190613,36.030003862222394,36.37144088745117,91628200
2006-04-06,36.35437875283728,36.653133790299755,36.22633901896153,36.473880767822266,91712800
2006-04-07,36.60188165845261,36.746990163744066,36.106798686131164,36.123870849609375,116604300
2006-04-10,36.192179006352525,36.277536613557885,35.92756521412151,36.07267379760742,58981900
2006-04-11,36.183643385013184,36.21778773234405,35.603202505125154,35.78245544433594,91481900
2006-04-12,35.7995271954563,35.9190324097038,35.68002523739293,35.790992736816406,58751200
2006-04-13,35.765380993531906,36.13242453009236,35.67148568099081,35.93609619140625,63476900
2006-04-17,35.88490032519502,36.030008964948046,35.330065894666404,35.5605354309082,104072100
2006-04-18,35.65441012337718,36.32874616195436,35.65441012337718,36.243385314941406,124291700
2006-04-19,36.31169850506291,36.40559387207031,36.10683559012078,36.40559387207031,79050300
2006-04-20,36.39704791220206,36.55069424957242,36.175116122769786,36.27754592895508,81408000
2006-04-21,36.414103268756925,36.46531977628391,35.69708844429572,35.85073471069336,130181200
2006-04-24,35.80805489921489,35.91048465517744,35.61172984354364,35.81658935546875,78556400
2006-04-25,35.910502757507544,35.93610939536057,35.55199680282568,35.739784240722656,77660800
2006-04-26,35.731239318847656,35.901957785649934,35.594665196642616,35.731239318847656,82537000
2006-04-27,35.5690561002542,36.26900215531094,35.42394751676829,36.07267379760742,173950100
2006-04-28,35.850745520396735,36.038536181768265,35.6629548590252,35.72270584106445,88876600
2006-05-01,35.78246033999648,35.893427855911995,35.2617736247906,35.372737884521484,92875500
2006-05-02,35.5263685457912,35.62026384429919,35.33858120495841,35.466617584228516,85148100
2006-05-03,35.48370598116431,35.543456970054095,35.236164309372526,35.41542053222656,74971600
2006-05-04,35.449544363404335,35.842197714252684,35.449544363404335,35.705623626708984,88696800
2006-05-05,35.936088185837114,36.029983477460924,35.799514104252374,35.9873046875,80392200
2006-05-08,35.919031704228765,36.089746923146805,35.910493989572416,36.021461486816406,45079100
2006-05-09,35.936093318712864,36.00438199735062,35.82512910020164,35.88488006591797,48528800
2006-05-10,35.79098478474231,35.83366358082765,35.46662007336358,35.56904983520508,92424200
2006-05-11,35.53491268913592,35.551984860698255,34.681323648122124,34.77521896362305,140989700
2006-05-12,34.62158217683687,34.67279544939437,34.29721734050575,34.30575180053711,153920800
2006-05-15,34.16063036102138,34.433778566056176,33.96430529216409,34.28013229370117,127896500
2006-05-16,34.288677500028506,34.36550066029007,33.94724376478727,34.02406692504883,132397500
2006-05-17,33.870402831359996,33.98137028377193,33.486287231613126,33.5631103515625,207897100
2006-05-18,33.708238183876716,33.85334678165012,33.2899780525467,33.33265686035156,139690900
2006-05-19,33.460693446819626,33.6911628950823,33.07657769971516,33.58872985839844,194306300
2006-05-22,33.29849959980256,33.49482790070841,32.96560046935161,33.26435852050781,169591800
2006-05-23,33.51192496171123,33.614358054186695,32.92294933281334,32.94002151489258,142243900
2006-05-24,32.888781875128736,33.32411407200766,32.632705836120635,33.161930084228516,234981600
2006-05-25,33.3838622971418,33.61433169017377,33.13632073542044,33.597259521484375,123510900
2006-05-26,33.67408853629392,33.78505602407247,33.486297904081574,33.70823287963867,91319600
2006-05-30,33.54604605274238,33.571655936186865,32.95707083245585,32.9826774597168,105606200
2006-05-31,33.042441933691784,33.341200150650224,32.89733331165458,33.13633728027344,137066200
2006-06-01,33.23022628177814,33.921634674072266,33.15340312707879,33.921634674072266,119357400
2006-06-02,34.10942530480948,34.14356965594972,33.55459425161102,33.83627700805664,128864100
2006-06-05,33.76798211723229,33.76798211723229,33.10218048095703,33.10218048095703,103190600
2006-06-06,33.161937661385615,33.24729853134805,32.735143080126164,33.07658004760742,127271000
2006-06-07,33.11926099157453,33.43508809035423,32.82050606788893,32.82904052734375,130754700
2006-06-08,32.66685309972338,32.91439470393037,32.00105468748204,32.7778205871582,280562200
2006-06-09,32.91440554451939,33.06805188351555,32.530289697029005,32.56443405151367,144146200
2006-06-12,32.60710893131236,32.658322200673794,31.915700489272837,31.924238204956055,145607500
2006-06-13,32.00106265282629,32.265673238332866,31.719376635266197,31.796199798583984,207099500
2006-06-14,31.890078875862347,32.188833660760835,31.753504794739758,32.120548248291016,201876800
2006-06-15,32.30835218344869,33.11072817168075,32.26567337169232,32.99122619628906,200700400
2006-06-16,32.92800792214049,33.03905010853487,32.629051949204516,32.748634338378906,120006100
2006-06-19,32.88530660417103,32.919473938497376,32.38134982717465,32.483848571777344,129450100
2006-06-20,32.53509049497919,32.86821376576858,32.4069646561946,32.52655029296875,102871700
2006-06-21,32.57779060722067,33.303831431130554,32.569250407153945,33.039039611816406,129548100
2006-06-22,32.96217688017889,33.03905174250371,32.44967997026398,32.62051010131836,143100500
2006-06-23,32.594901138504156,32.91094093552617,32.39844379125386,32.586360931396484,88050200
2006-06-26,32.603422094363225,32.79133912354702,32.51800704021174,32.671756744384766,65157700
2006-06-27,32.68884137860206,32.740092367641715,32.02259481296435,32.056758880615234,128227500
2006-06-28,32.13364336639079,32.32156045748494,31.92864586553947,32.295936584472656,91576300
2006-06-29,32.44113727198361,33.27821731567383,32.37280586962928,33.27821731567383,181997200
2006-06-30,33.414873108681405,33.431956768613304,33.039042365304475,33.11591720581055,82719200
2006-07-03,33.21842702719061,33.31238555908203,33.15009562296342,33.31238555908203,21598500
2006-07-05,33.00489950559748,33.03906685078293,32.5351099136183,32.586360931396484,93724000
2006-07-06,32.688843483730565,32.86821706935749,32.46675910863228,32.55217742919922,70615200
2006-07-07,32.37280872530027,32.60343007966865,32.09093311248696,32.19343185424805,108063300
2006-07-10,32.27882567199,32.39840798961811,31.749242181960145,31.911535263061523,105109800
2006-07-11,31.843215480918534,32.23613318262859,31.6723853809471,32.15071487426758,136114200
2006-07-12,32.0823917310768,32.15072313695137,31.467392786324968,31.544267654418945,154458900
2006-07-13,31.296562773793248,31.63822961530032,31.014690399169925,31.014690399169922,177745500
2006-07-14,31.00615182158908,31.074486504008416,30.570529625485293,30.698652267456055,172448500
2006-07-17,30.707185109604875,30.963433563280994,30.638850450824112,30.775516510009766,134311000
2006-07-18,30.937804798621386,31.03176331038534,30.356973324421816,30.878013610839844,206964900
2006-07-19,30.852390520606995,31.45884919623605,30.826766653459213,31.27947235107422,192517600
2006-07-20,31.390517823981757,31.433225359822153,30.7840623432702,30.81822967529297,152292100
2006-07-21,30.647377188198003,30.71570855131472,30.425292926726964,30.493627548217773,119343000
2006-07-24,30.61321526008865,31.11717177788331,30.579047943335702,31.100088119506836,130269300
2006-07-25,31.168433421183305,31.381974336416917,30.954892505949694,31.27947235107422,108869600
2006-07-26,31.18552388734458,31.49302342581911,30.94635902780965,31.25385856628418,107170500
2006-07-27,31.381977612762817,31.638226086120888,30.963435941522945,31.048851013183594,99698700
2006-07-28,31.202604338972215,31.72364480782979,31.176980466201023,31.698020935058594,93556100
2006-07-31,31.67237272852634,31.877370069950217,31.51007963666061,31.689453125,78015300
2006-08-01,31.40760514904535,31.4332290218596,30.971979760944105,31.159896850585938,98552800
2006-08-02,31.270932716930595,31.715098219700437,31.270932716930595,31.51009750366211,87370600
2006-08-03,31.19405563937404,31.89446954364546,31.1598883127326,31.706552505493164,99205600
2006-08-04,31.988435591885704,32.14218533958486,31.279478059897766,31.56135368347168,123493800
2006-08-07,31.527189097046875,31.552812971104938,31.20260590601257,31.356355667114258,69634800
2006-08-08,31.441772485048684,31.51864736186793,30.971979760944105,31.159896850585938,124139900
2006-08-09,31.595516345779227,31.86884846607347,31.11718350607635,31.202598571777344,145342200
2006-08-10,31.117177504523838,31.501551742796043,31.014678793776337,31.4246768951416,102481300
2006-08-11,31.305100560669604,31.339264631924465,31.065932511630223,31.202598571777344,86903200
2006-08-14,31.467397335553223,31.834688063059502,31.347814914202637,31.40760612487793,109281100
2006-08-15,31.774887336449297,32.24467667608131,31.680928816847764,32.201969146728516,133712100
2006-08-16,32.441140653249185,32.97926475827176,32.32155824288335,32.962181091308594,135452100
2006-08-17,32.851116871115146,33.29528213938538,32.834033215600044,33.08174133300781,129492200
2006-08-18,32.99634100297347,33.16717437580121,32.69738178593105,33.13300704956055,97754500
2006-08-21,32.885294023614186,32.936545005497194,32.68029335445726,32.816959381103516,66668400
2006-08-22,32.765716925054384,33.15009120503168,32.629050876437525,32.82550811767578,102058600
2006-08-23,32.85112131510946,33.0304948347219,32.389872328927844,32.577789306640625,96056300
2006-08-24,32.671756744384766,32.75717179853625,32.389881200609075,32.671756744384766,78985300
2006-08-25,32.603414868724485,33.004872702690484,32.5094596333306,32.73154067993164,73572900
2006-08-28,32.70591981380212,33.13300154573986,32.66321229228335,32.979251861572266,80035000
2006-08-29,32.953618804205746,33.1073651870934,32.611952210651985,33.08174133300781,104842000
2006-08-30,33.07322183835897,33.3380105186661,32.970719841101854,33.235511779785156,75687200
2006-08-31,33.278218403022386,33.338009603927055,33.10738500399074,33.20134353637695,61207200
2006-09-01,33.380714416503906,33.4917533363595,33.22696471076102,33.380714416503906,69388500
2006-09-05,33.397799919015526,33.722383042729064,33.18425899048378,33.705299377441406,85582800
2006-09-06,33.39780061411953,33.474675480325985,32.97926221017686,33.03050994873047,97888600
2006-09-07,32.927994844425534,33.22695395700234,32.765704989054875,32.876747131347656,115877400
2006-09-08,32.91946957361032,33.158634365430494,32.85113491401832,33.073219299316406,96627000
2006-09-11,32.80842792746898,33.440510505720276,32.7315530633354,33.27821731567383,142377500
2006-09-12,33.26967608227547,33.99571390898957,33.26967608227547,33.89321517944336,124102400
2006-09-13,33.91885477827582,34.14947947049686,33.85052334634591,34.12385559082031,116054300
2006-09-14,34.038419116335106,34.354462003276076,33.961544259832664,34.15800476074219,98116000
2006-09-15,34.442611008920785,34.57935573870317,34.18621504811027,34.28022766113281,137825600
2006-09-18,34.288753509521484,34.528059097335486,34.13491536744452,34.288753509521484,117806700
2006-09-19,34.37423873846419,34.39987735532437,33.775979349799584,34.058013916015625,159060800
2006-09-20,34.357152006366995,34.64773500892801,34.348603625562596,34.5537223815918,116635500
2006-09-21,34.639162398742855,34.758813564294684,34.2545702981119,34.34003448486328,121886900
2006-09-22,34.31440944571897,34.322954563672184,33.9298139328038,34.075103759765625,100996400
2006-09-25,34.220392734379736,34.750278010575244,33.912716361024074,34.67335891723633,136473400
2006-09-26,34.63064685094894,34.86994938636313,34.52808908723608,34.84431076049805,113375600
2006-09-27,34.75884694176334,34.99815276291212,34.61355703272021,34.80158233642578,113003800
2006-09-28,34.844295986810586,34.946853707039836,34.55371306261841,34.89557647705078,85943600
2006-09-29,34.95540117913977,34.981039793469485,34.716095491141886,34.741737365722656,85438200
2006-10-02,34.699014648442514,34.78448216112722,34.25459662349103,34.30587387084961,97068800
2006-10-03,34.20329443283587,34.59643496119888,34.083643251181925,34.45114517211914,116261400
2006-10-04,34.39133526236924,35.305816293691464,34.30586776489652,35.29726791381836,149209500
2006-10-05,35.29725375865917,35.51946590272345,35.194696063072,35.46818542480469,91799900
2006-10-06,35.34853757832434,35.51946926062923,35.24597987304167,35.39126968383789,85450400
2006-10-09,35.348534373245855,35.67330421415296,35.3143473878345,35.51091766357422,62786100
2006-10-10,35.55365769366803,35.68185728742388,35.30581014479173,35.57075119018555,98181800
2006-10-11,35.40838679359843,35.750250386213,35.18617448032311,35.50239944458008,136561300
2006-10-12,35.69039408179239,36.10917649817487,35.639116864449875,36.066444396972656,95260200
2006-10-13,36.09209926380176,36.33995012677271,36.015180142888426,36.263031005859375,80470200
2006-10-16,36.263004644263575,36.4253878880344,36.237366042681195,36.29719161987305,62017400
2006-10-17,36.04079758872588,36.06643945413331,35.690389190490045,35.8955078125,146149100
2006-10-18,36.083535657871046,36.160454739378,35.59638256174371,35.724578857421875,120366100
2006-10-19,35.630578501858174,35.989535425390564,35.54511427543446,35.81005859375,108198400
2006-10-20,35.92969479287664,35.96388177325328,35.58783150961001,35.8955078125,105454300
2006-10-23,35.827154900599865,36.39123062746554,35.74169065969696,36.263031005859375,126960500
2006-10-24,36.1348413990379,36.280134561143065,35.82716483011188,36.01519012451172,103541700
2006-10-25,36.03227364311937,36.33995012677271,35.93826102197509,36.263031005859375,125399500
2006-10-26,36.39121714378056,36.681796759285504,36.08354077412755,36.59633255004883,130260700
2006-10-27,36.51087294699053,36.596337167009295,35.963894114267994,36.07499694824219,129375000
2006-10-30,36.0322775465075,36.45106019690293,35.94681329634623,36.30576705932617,103899900
2006-10-31,36.37413041039624,36.54505886063844,36.160466587342285,36.3912239074707,135811800
2006-11-01,36.51940553324918,36.553592513625816,35.741669661055006,35.8955078125,148960600
2006-11-02,35.73314764372566,36.01518226351329,35.67332201952065,35.929718017578125,100216400
2006-11-03,35.980994671225325,36.05791379540688,35.56221530865502,35.8357048034668,119263300
2006-11-06,35.95533247331714,36.50231110427636,35.9467873585677,36.35702133178711,101283300
2006-11-07,36.35701535757756,36.82707483755203,36.29718978341259,36.60486602783203,139706500
2006-11-08,36.3997593718535,36.92109948347431,36.29720167685853,36.77580642700195,180245700
2006-11-09,36.97236458616717,37.04928364727203,36.468118132312924,36.60486602783203,124278000
2006-11-10,36.61342313823905,36.78435480339757,36.468130081766695,36.77580642700195,82419400
2006-11-13,36.79290243603806,37.21168488130704,36.750170331888306,37.151859283447266,89146200
2006-11-14,37.17750755341314,37.57919660933967,36.955298597949344,37.54500961303711,121962800
2006-11-15,37.59627958033387,37.94668804369034,37.53645072343109,37.69883728027344,116565900
2006-11-16,37.827038137334185,37.96378284044189,37.621922712798074,37.86122512817383,113513200
2006-11-17,37.65610970363772,37.86122512817383,37.562097108954134,37.86122512817383,95162500
2006-11-20,37.74156298972538,38.01505231673246,37.613363441331465,37.938133239746094,107184100
2006-11-21,37.96377997316389,38.04069906661821,37.81849016344497,37.98942184448242,68092200
2006-11-22,38.100529113763706,38.24581892801121,37.827036459428804,38.22872543334961,69852700
2006-11-24,37.9466908219277,38.33983141735493,37.92959732731121,38.16035461425781,51762900
2006-11-27,38.0407142775316,38.12618178235058,37.29716491699219,37.29716491699219,159506300
2006-11-28,37.18605953283951,37.46809741399181,37.040769662126145,37.40827178955078,118268400
2006-11-29,37.60483579316533,37.75867401859385,37.314252840717174,37.6646614074707,139515500
2006-11-30,37.64756413067228,37.844134452269074,37.425355194161035,37.63901901245117,123457100
2006-12-01,37.60483772814245,37.90396581506111,36.972391295476605,37.31425476074219,144559600
2006-12-04,37.42535963163183,38.01507066634339,37.42535963163183,37.82704544067383,89782400
2006-12-05,37.93814846299074,38.07489318136513,37.76721674995995,37.96378707885742,84697500
2006-12-06,37.84413893939392,37.94669993171452,37.66466209321017,37.82704544067383,78207500
2006-12-07,37.89540166569905,38.015052840381564,37.34842300415039,37.34842300415039,124936100
2006-12-08,37.228795654666875,37.82705191094371,37.151876527395274,37.519378662109375,133798700
2006-12-11,37.45953855367327,37.921049878618824,37.391164573532706,37.65610885620117,72931300
2006-12-12,37.6475550632157,37.715929033521135,37.2287759059711,37.43389129638672,110985900
2006-12-13,37.69032233574568,37.698870720136064,37.2800879118485,37.50230026245117,79035500
2006-12-14,37.579168213256544,38.09195972930675,37.55352635527977,37.92102813720703,109104200
2006-12-15,38.232532287680606,38.300986332498084,37.950150784220085,38.01860809326172,99942300
2006-12-18,38.14696249848428,38.292429378457584,37.47951681701983,37.6421012878418,121588700
2006-12-19,37.35115638910203,37.70199185038187,37.12011792471432,37.52229309082031,136535200
2006-12-20,37.565078541305816,37.744774027128685,37.36826546914952,37.385379791259766,67213400
2006-12-21,37.428180006295975,37.470964194066156,36.97465847610403,37.1201286315918,102952300
2006-12-22,37.13722473569636,37.14578026336234,36.73504638671875,36.73504638671875,92858600
2006-12-26,36.73506199976914,36.89764320830419,36.69227781480982,36.88908767700195,50848600
2006-12-27,36.974668435774774,37.137252963010006,36.88054123879125,37.077354431152344,54129200
2006-12-28,36.966101351831504,37.120127032548545,36.837745529825916,36.89764404296875,69016000
2006-12-29,36.95754318067847,37.31693752983323,36.89764466652338,36.9318733215332,75152500
2007-01-03,37.18856762268976,37.70198746073716,36.38421411990535,37.00031661987305,167689500
2007-01-04,37.05165706509897,37.83034073414503,36.92330455116878,37.701988220214844,136853500
2007-01-05,37.607864705902806,37.607864705902806,37.20568627557346,37.52229309082031,138958800
2007-01-08,37.556548241733324,37.753358198983236,37.34262394938877,37.54799270629883,106401600
2007-01-09,37.65919706294836,37.898794274207575,37.334034781748166,37.736209869384766,121577500
2007-01-10,37.61641569741276,38.21540387383739,37.49661871497243,38.181175231933594,121070100
2007-01-11,38.25820745555334,38.711729030329025,38.206867730871856,38.5748176574707,174029800
2007-01-12,38.52346506787224,38.80584327592088,38.480680886558666,38.7716178894043,104217300
2007-01-16,38.805858766189374,38.848646228806366,38.617607640420026,38.7459602355957,95690500
2007-01-17,38.58336986647147,38.754509883857935,38.36089012882611,38.429344177246094,127142600
2007-01-18,38.326664026834145,38.369448217976085,37.60787851728608,37.719120025634766,189029800
2007-01-19,37.62498297029582,37.89024684428069,37.57363999586793,37.796119689941406,127544300
2007-01-22,37.830342373456766,37.84745669556702,37.23135415649068,37.385379791259766,123441700
2007-01-23,37.359709975209704,37.63353260078392,37.22279866242259,37.291255950927734,133103600
2007-01-24,37.530858511427446,37.924478217640015,37.45384567636639,37.90736389160156,117615300
2007-01-25,37.958710409617126,38.052837579494614,37.291267952993806,37.419620513916016,158337600
2007-01-26,37.48807970675388,37.50519403524767,37.0431169585884,37.282711029052734,146284300
2007-01-29,37.18855786285466,37.57362182427756,37.13721817747968,37.31691360473633,104191500
2007-01-30,37.37682577034923,37.47095291364174,37.23991445216647,37.334041595458984,69605900
2007-01-31,37.291255128120106,37.81322725245055,37.0773310025964,37.71054458618164,157772500
2007-02-01,37.88169233392182,37.99293381606549,37.522298031697574,37.65065383911133,147365600
2007-02-02,37.75334992008036,37.864591441688646,37.59932420223041,37.78757858276367,98189200
2007-02-05,37.77045218598205,37.958706506379116,37.616426517334254,37.75333786010742,96347800
2007-02-06,37.82178520557223,37.84745505551366,37.34259399991964,37.701988220214844,121110200
2007-02-07,37.890243914616825,38.20685400277306,37.75333259095209,38.04426956176758,117823800
2007-02-08,37.992932830544525,38.16406955035861,37.84746270163412,38.03571701049805,89521900
2007-02-09,38.138422578048555,38.26677845914555,37.41963682520184,37.54799270629883,133472000
2007-02-12,37.5394114873532,37.55652581222682,37.29981746756984,37.40250015258789,126940000
2007-02-13,37.462384553670915,37.65063879218302,37.393930544171724,37.53084182739258,93648000
2007-02-14,37.68487831708688,38.25819346114885,37.68487831708688,38.164066314697266,133370000
2007-02-15,38.18975245780427,38.38656234741211,38.12129514095396,38.38656234741211,110452500
2007-02-16,38.21539836153781,38.360868436534446,38.13838556047429,38.258182525634766,72342200
2007-02-20,38.19830914596224,38.60904326681699,38.01861358013041,38.54914474487305,93629000
2007-02-21,38.437902944518235,38.68605582740432,38.360893357648,38.668941497802734,95864000
2007-02-22,38.81440201791939,38.976983212379345,38.56624919672489,38.86574172973633,116344400
2007-02-23,38.86573976179485,38.89996841075553,38.557691713819665,38.72882843017578,113467100
2007-02-26,38.91707072038084,38.93418503957748,38.30096828619234,38.540565490722656,101623700
2007-02-27,37.96724527726009,38.06137239590793,36.84628517320205,36.957523345947266,317813200
2007-02-28,36.92332870231116,37.4453011564672,36.73507430834412,37.077354431152344,214978700
2007-03-01,36.40989474502777,37.257035933199205,36.14463085120887,36.90620040893555,231806500
2007-03-02,36.60671837772605,36.9147698348319,36.34145438406002,36.35000991821289,183359400
2007-03-05,36.067623138427734,36.62382412630542,35.990610292201666,36.067623138427734,171885400
2007-03-06,36.39278039954945,36.786403370937734,36.36711054254167,36.666603088378906,155551800
2007-03-07,36.675139927651095,36.77782255843434,36.49544450772492,36.521114349365234,119979300
2007-03-08,36.90619844658291,37.00032560295531,36.65804562782365,36.769287109375,120900700
2007-03-09,37.077326249366415,37.0858817770324,36.495452441398996,36.73504638671875,128597600
2007-03-12,36.68371434609569,37.03454984082723,36.6494889610227,36.97465133666992,81310100
2007-03-13,36.79495682063296,37.00032545775076,36.247311473950504,36.25586700439453,171231800
2007-03-14,36.307204784717335,36.79495155583118,36.02482335711285,36.78639602661133,192586700
2007-03-15,36.70939497782819,36.846306338810315,36.55536928869526,36.700836181640625,111627400
2007-03-16,36.766767737394716,36.85239328568958,36.48421159372341,36.672584533691406,108328800
2007-03-19,36.86950011401344,37.152056117582475,36.77531369073074,37.04930877685547,95913200
2007-03-20,37.040737115507454,37.32329632831372,36.99792600437031,37.314735412597656,78755700
2007-03-21,37.36612988680269,38.05111787533227,37.1178207202481,38.033992767333984,173333500
2007-03-22,38.05110676102849,38.05967094566632,37.751425624292935,37.8969841003418,114856300
2007-03-23,37.89698350628194,37.991169938145084,37.734299929787014,37.7771110534668,68530300
2007-03-26,37.794246304156836,37.94836900381035,37.35756749932539,37.931243896484375,114237300
2007-03-27,37.871304368873396,37.87986855493361,37.631559419666715,37.665809631347656,76419200
2007-03-28,37.50311925542274,37.700053054770464,37.25481014335314,37.26337432861328,142795000
2007-03-29,37.520249423199274,37.545935449886834,36.90375865245698,37.306190490722656,124407000
2007-03-30,37.297631432922245,37.56306243202742,37.0065111395667,37.271942138671875,120418700
2007-04-02,37.39180418157089,37.468865510240036,37.07499794872191,37.323307037353516,89617700
2007-04-03,37.5202467766275,37.939803691850564,37.494560751751756,37.81136703491211,105814500
2007-04-04,37.83704797944723,37.99973482522945,37.78567593659341,37.965484619140625,85147200
2007-04-05,37.922677980484856,38.17098710458184,37.8713026652745,38.15386199951172,54220200
2007-04-09,38.2823008035646,38.3165510185499,37.999744695636565,38.0596809387207,63050200
2007-04-10,38.051124250325415,38.256622314453125,38.0254382171648,38.256622314453125,76364500
2007-04-11,38.22236099335472,38.23948609924916,37.73430690734312,37.85417938232422,114012300
2007-04-12,37.794241325598875,38.20523404844226,37.631557726852485,38.15386199951172,113801300
2007-04-13,38.162422279841245,38.29085893257643,37.92267734543398,38.23092269897461,94572000
2007-04-16,38.38504404547442,38.659039179952806,38.38504404547442,38.58197784423828,72803200
2007-04-17,38.65903399186175,38.701845113451256,38.496347157030726,38.66759490966797,81852300
2007-04-18,38.47066453479235,38.72753455329356,38.38504228405178,38.539161682128906,82002500
2007-04-19,38.367937239678454,38.74467991269202,38.29087586721191,38.6590576171875,95413000
2007-04-20,38.97586294455076,39.10429638423046,38.701867687030074,38.87311553955078,122377400
2007-04-23,38.924464990700514,39.04433743792525,38.82171764540491,38.93302917480469,85303300
2007-04-24,39.07003431527911,39.24128210156476,38.81316426899056,39.12997055053711,108143700
2007-04-25,39.25840797136518,39.66083982051382,39.12997456817404,39.652278900146484,106818100
2007-04-26,39.746461266994885,39.94339836045121,39.669403186442565,39.85777282714844,99308300
2007-04-27,39.70363781190143,39.986197084691284,39.63514067279666,39.87488555908203,96536500
2007-04-30,39.806395757181654,39.84064269990696,39.31833844455944,39.35258865356445,93290500
2007-05-01,39.36115087908071,39.50670936068481,39.095716671927924,39.318336486816406,135044400
2007-05-02,39.46390387602335,39.88346080972013,39.42965366382769,39.7464599609375,91971600
2007-05-03,39.823535988340566,40.00334803552521,39.75503880497406,39.89203643798828,98003600
2007-05-04,40.04613817426711,40.148885528553784,39.74645376370168,39.926265716552734,93591800
2007-05-07,39.95195173855453,40.054699092841204,39.87489040626965,39.926265716552734,47487900
2007-05-08,39.78926679230518,40.04613680236173,39.64370505129619,40.01188659667969,95138900
2007-05-09,39.806398655717054,40.2173913948649,39.78070936395285,40.09751892089844,116021000
2007-05-10,39.960526671558334,40.05471314030275,39.446786453673255,39.54953384399414,171196300
2007-05-11,39.59233421837907,40.0546989440918,39.540958908286775,40.0546989440918,104767900
2007-05-14,40.046146385823505,40.14033284084923,39.54952808342607,39.78071212768555,118899200
2007-05-15,39.74643763807405,39.9861857225135,39.37825949573133,39.472442626953125,179438500
2007-05-16,39.55809162628902,39.866337013618775,39.30978247913115,39.85777282714844,144420500
2007-05-17,39.80638917918161,39.8748863195928,39.635141428734904,39.66939163208008,109869100
2007-05-18,39.79783622466547,39.99477005004883,39.712213958422296,39.99477005004883,104961700
2007-05-21,40.02047471768751,40.448592745934455,39.96053518875411,40.25165557861328,112831400
2007-05-22,40.27732393822804,40.482818655817155,40.13176218584607,40.285884857177734,98029100
2007-05-23,40.40576102554936,40.5598837110148,40.071829629134236,40.09751892089844,119220600
2007-05-24,40.123199787564786,40.27732245321398,39.36115064423237,39.523834228515625,206268600
2007-05-25,39.60943846755975,39.86631163768155,39.54094135079783,39.772125244140625,87143200
2007-05-29,39.81495670958452,40.123202058328,39.737895372398654,40.08039093017578,99702400
2007-05-30,39.79783890977648,40.414329720417456,39.68652734312624,40.405765533447266,132036500
2007-05-31,40.51708155401712,40.68832938316218,40.4228950846733,40.59414291381836,109457700
2007-06-01,40.73970303236414,40.90238666689122,40.55989102271991,40.61982727050781,125089800
2007-06-04,40.47425846783894,40.79106473517353,40.44857244424632,40.73969268798828,64782700
2007-06-05,40.62838114195408,40.73969268798828,40.24307445666623,40.73969268798828,151160400
2007-06-06,40.55988289642391,40.56844708226662,40.20882640130979,40.30301284790039,183166500
2007-06-07,40.16601735422851,40.42288741607512,39.660838150542155,39.67796325683594,221373300
2007-06-08,39.66083267634388,40.18313691423282,39.52383511118281,40.166011810302734,177587800
2007-06-11,40.14032642344397,40.40575737286618,40.037575798235714,40.088951110839844,97100400
2007-06-12,39.874898673811835,40.27733052210295,39.77215129822182,39.849212646484375,153967700
2007-06-13,40.02045390810182,40.3201350655358,39.84920613259113,40.285884857177734,147985300
2007-06-14,40.32869224023844,40.66262684130656,40.32013132208357,40.55131530761719,101531900
2007-06-15,40.9257926940918,41.020052793205785,40.83153586381188,40.9257926940918,100378400
2007-06-18,41.00290739710737,41.02004589122931,40.84866421884342,40.934356689453125,75713200
2007-06-19,40.81439736680623,41.01148517912,40.7115663847724,40.9257926940918,109621300
2007-06-20,40.98578280668113,41.062901146990015,40.48020853981637,40.540191650390625,161889500
2007-06-21,40.52305284586703,40.951505500353676,40.34310351550288,40.908660888671875,143181300
2007-06-22,40.822967761518235,40.88295087070665,40.3945151136957,40.52305221557617,153328700
2007-06-25,40.53161097035866,40.77154662349859,40.12029691061911,40.351661682128906,136602600
2007-06-26,40.540181415116365,40.54874902782059,40.05174577013707,40.120296478271484,128211900
2007-06-27,40.07747178243249,40.75442793146514,40.01748865721037,40.73728942871094,141196200
2007-06-28,40.72011947631836,41.0028963812758,40.677274886940886,40.72011947631836,116546300
2007-06-29,40.94294718291929,41.02863970141795,40.45451126840059,40.78870391845703,124794700
2007-07-02,40.88294090231483,41.17428876254886,40.85723479574031,41.15715026855469,80863100
2007-07-03,41.20857831866089,41.40566615645313,41.1657337050251,41.397098541259766,34803300
2007-07-05,41.42278924831413,41.79125867243046,41.37994465061455,41.696998596191406,73588500
2007-07-06,41.73985204046379,41.91123373641898,41.559902730686126,41.86838912963867,65804300
2007-07-09,41.902663441922584,41.97121415461883,41.748420252313835,41.89409255981445,66768800
2007-07-10,41.66272895859837,41.902664631933646,41.49991815109152,41.542762756347656,104383100
2007-07-11,41.44849830346007,41.825538635253906,41.40565370271082,41.825538635253906,99637600
2007-07-12,41.96262674918791,42.56245746048957,41.91977889652446,42.46820068359375,107667100
2007-07-13,42.52818730733865,42.81953507809401,42.47677184114683,42.759552001953125,74232200
2007-07-16,42.75100902497887,42.91382313976541,42.639610409940914,42.716732025146484,77799500
2007-07-17,42.81098975103574,43.10233769568202,42.776712753116314,43.042354583740234,124833700
2007-07-18,42.80242313868984,42.99094009399414,42.53678130184282,42.99094009399414,144915900
2007-07-19,43.19660557252228,43.410831944786096,43.11091633115077,43.119483947753906,116563800
2007-07-20,43.09374683405969,43.1537299136441,42.62244980782529,42.88808822631836,163721300
2007-07-23,43.033783833033965,43.11090543831602,42.776709636204316,42.90524673461914,107464100
2007-07-24,42.58820663565756,42.930966895538624,42.03121671870235,42.27115249633789,175496200
2007-07-25,42.4853703969726,42.562488743250256,42.0397792061944,42.33112716674805,170258700
2007-07-26,42.039768276191964,42.391099260619185,41.174292235078276,41.971214294433594,318522000
2007-07-27,41.894083919071555,42.091171672069905,41.12287139892578,41.12287139892578,246387600
2007-07-30,41.31997941814686,41.756999733691636,41.08861456797561,41.60275650024414,166517200
2007-07-31,41.96264024756787,41.97977874037985,40.643005720544856,40.728694915771484,260224500
2007-08-01,40.60872252185094,41.071451950477716,40.257391645041594,41.045745849609375,301153900
2007-08-02,41.0714633675683,41.499915934917155,40.95149717172401,41.422794342041016,177369900
2007-08-03,41.345681995014345,41.39709749137402,40.40308744359441,40.63444900512695,166048400
2007-08-06,40.67729080905599,41.148588014351056,40.3002504297528,41.105743408203125,190869100
2007-08-07,41.02862898008987,41.66273710710237,40.68586553333455,41.397098541259766,167109700
2007-08-08,41.56843910113607,42.039739227986104,41.47418234459757,41.851219177246094,164831200
2007-08-09,41.294263968271736,41.96265230465319,40.865811331365194,40.88294982910156,242418200
2007-08-10,40.445941292945065,40.985792687089294,39.957505406902484,40.51449203491211,247006400
2007-08-13,40.857257933255966,41.02863970141795,40.68587616509397,40.78870391845703,116935100
2007-08-14,40.87436883180561,40.908645816055575,40.04316994232623,40.09458541870117,153529800
2007-08-15,40.000336170938,40.35166718249112,39.25482954034166,39.33195114135742,214854100
2007-08-16,39.01488172106834,39.34050652062658,38.03801059122662,38.94633102416992,362468700
2007-08-17,39.68328094482422,39.9232133545316,39.06630815548077,39.68328094482422,223246600
2007-08-20,39.83751430971331,40.03460206459096,39.486183395569135,39.871788024902344,144715100
2007-08-21,39.828946059272454,40.38593564549546,39.7518244745467,40.29167556762695,115027200
2007-08-22,40.60017452321926,40.87438396104858,40.50591441605899,40.84010696411133,115814100
2007-08-23,40.95149205349395,41.002904263096625,40.47162406125833,40.728694915771484,118663400
2007-08-24,40.60016776633036,41.32853585143926,40.548752279481306,41.30282974243164,88189200
2007-08-27,41.18284572508103,41.30281187366091,40.99432562369415,41.028602600097656,72490400
2007-08-28,40.78868201882043,40.874374491310405,40.02603699224442,40.0517463684082,106024800
2007-08-29,40.317393710541786,41.23428212001932,40.317393710541786,41.200008392333984,113201000
2007-08-30,40.98577019143946,41.76555365772529,40.91721621826414,41.414222717285156,138930000
2007-08-31,41.86838932583464,42.03977102259293,41.65416302209528,41.876956939697266,94687200
2007-09-04,41.92837737888256,42.84526580561599,41.91123888030019,42.5710563659668,98480900
2007-09-05,42.46822208358601,42.54534368087714,41.87695541474266,42.14259719848633,114049300
2007-09-06,42.185447566077244,42.29684617045473,41.82554890878211,42.10832595825195,99222600
2007-09-07,41.585623244649064,41.645606368684135,41.08861974995347,41.32855224609375,152438000
2007-09-10,41.66272834387356,41.77412693096293,40.96863724999735,41.30282974243164,125199400
2007-09-11,41.56845442013899,41.979771640394404,41.49990372931823,41.9283561706543,103064500
2007-09-12,41.851265254793034,42.30542412923552,41.79984974739318,41.936954498291016,93993400
2007-09-13,42.23685729171259,42.28826951068411,41.93693851609868,42.14259719848633,80807500
2007-09-14,41.816985521559666,42.25400913385755,41.75700240125759,42.17688751220703,99801200
2007-09-17,41.98834942563447,42.07403862713297,41.63701846935699,41.825538635253906,84882300
2007-09-18,42.06546762174221,42.9138050310225,41.84267375451535,42.8795280456543,151452100
2007-09-19,43.09377109016141,43.350842042910564,42.828129253314394,42.99094009399414,127025800
2007-09-20,42.89667724484977,43.06805567679839,42.776707766118065,42.870967864990234,109970600
2007-09-21,43.10759216732839,43.31335777444851,42.876107085768275,43.17618179321289,86829500
2007-09-24,43.287644978612484,43.69059764598637,43.15046897621276,43.37337875366211,107226800
2007-09-25,43.22761762729634,43.78489685058594,43.17617868212281,43.78489685058594,101102200
2007-09-26,44.0335356906764,44.16213634274698,43.827770068616424,43.99924087524414,96124600
2007-09-27,44.25642516565626,44.282147900707635,44.033515508581026,44.22213363647461,73423200
2007-09-28,44.187853442783606,44.30788201092437,43.879206684402675,44.07639694213867,75546000
2007-10-01,44.110687455136656,44.71940557455729,44.05067317691394,44.58222961425781,100404100
2007-10-02,44.61653924739754,44.633686656949415,44.34218723563537,44.590816497802734,71046000
2007-10-03,44.44508395740653,44.64227433037663,44.15358443420397,44.282188415527344,106785000
2007-10-04,44.36790050544554,44.436490134054004,44.01638683516094,44.385047912597656,84129300
2007-10-05,44.727987574072934,45.35385650686875,44.633681737732275,45.2852668762207,115674700
2007-10-08,45.26812439676182,45.57677122721226,45.19096268914921,45.568199157714844,63022400
2007-10-09,45.6710869873052,45.82541042497708,45.46532131356455,45.76539611816406,93965600
2007-10-10,45.7739422819182,45.92826563224664,45.61961893158976,45.87682342529297,91777500
2007-10-11,46.116882039544485,46.24548264625629,44.82228101313144,45.148075103759766,239786700
2007-10-12,45.353872196279426,45.902576349144375,45.26813512831007,45.89400100708008,131676000
2007-10-15,45.962587713213,46.04832150514828,45.18239843267765,45.542484283447266,121578700
2007-10-16,45.259550079916195,45.67965014564297,45.16524096745768,45.3281364440918,193676600
2007-10-17,45.9711356453571,46.00543045233727,45.165227304519895,45.9111213684082,183985200
2007-10-18,45.72251692369375,46.20263124904373,45.54247078115396,46.10832214355469,144491200
2007-10-19,46.09975073637966,46.09975073637966,44.91660577237651,44.95947265625,245111500
2007-10-22,44.71942173157035,45.542477790735276,44.599393131758895,45.499610900878906,207052100
2007-10-23,45.96255866855095,46.47696763616635,45.73107365196428,46.45124816894531,162360600
2007-10-24,46.0740157924268,46.24548327035656,45.096633507351676,46.099735260009766,298293400
2007-10-25,46.20263871154882,46.27980042209064,45.2252592250419,45.48246383666992,233833100
2007-10-26,46.365515654244106,46.468396796374556,45.816808598305784,46.23691177368164,146690300
2007-10-29,46.45982101333921,46.579852826958586,46.15974965562204,46.42552947998047,101896600
2007-10-30,46.245492113387776,46.77705186231852,46.21120057356412,46.51984405517578,114616600
2007-10-31,46.69989363611729,47.214302747469354,46.331232573786075,47.18000793457031,148431900
2007-11-01,46.87995406424603,46.95711578691515,46.271235624597736,46.29695510864258,181974200
2007-11-02,46.65701675415039,46.768473244727254,45.953989543803225,46.65701675415039,217882900
2007-11-05,46.17689840326738,46.63986845769372,45.945413376054205,46.35694122314453,150588900
2007-11-06,46.5798723640793,46.88851591695821,46.10832678912426,46.87994384765625,131884700
2007-11-07,46.485555816544064,46.79420259060754,45.705366813454006,45.73965835571289,197908200
2007-11-08,45.55962996358653,45.72252874081785,43.553428565560026,44.350765228271484,380626400
2007-11-09,43.49339638030215,43.827762597434344,42.867530822753906,42.867530822753906,309414900
2007-11-12,42.798951908293624,43.07330718307036,41.71011923113005,41.77870559692383,283216000
2007-11-13,42.34453203835769,43.54482380185089,42.31023724042202,43.501956939697266,255625900
2007-11-14,44.059261459597074,44.10212834974292,42.781810472366935,42.944705963134766,263284100
2007-11-15,42.867542102175385,43.33051234180702,42.32741015593848,42.713218688964844,251548800
2007-11-16,43.00470475363007,43.28763201351515,42.301677543078725,43.10758590698242,263623700
2007-11-19,43.00470149499957,43.25333392808307,42.36168861183838,42.610321044921875,198651100
2007-11-20,42.833219166534754,43.53624613387938,41.950149425474685,42.78178024291992,300763600
2007-11-21,42.39599905148526,43.01328942299469,41.881586592937914,42.275970458984375,212225400
2007-11-23,42.5503342585994,42.84183375143105,42.32742115026856,42.730377197265625,46463300
2007-11-26,42.84180126827138,43.18473947182514,41.924436586203335,41.99302291870117,150352100
2007-11-27,42.353129978504356,42.91040602500376,42.095922127237586,42.83324432373047,211369300
2007-11-28,43.4076742920004,44.32503943649216,43.38195154263169,44.13642120361328,216868100
2007-11-29,43.96494607412605,44.48793056277072,43.896359713772796,44.325035095214844,172087300
2007-11-30,44.76230239034045,44.79659722098828,43.68204138921425,43.99068832397461,171417400
2007-12-03,43.80204066767697,44.17927374035788,43.5705556217593,43.62199783325195,108625700
2007-12-04,43.28764686279839,43.673452137848564,43.19333774381847,43.44196701049805,113374100
2007-12-05,43.896339580258086,44.58221922187278,43.86204478054432,44.22213363647461,137614200
2007-12-06,44.26501944021689,44.89945715371339,44.24787203302326,44.856590270996094,99724500
2007-12-07,44.830870895985086,45.045208580585665,44.65082802584864,44.86516571044922,88992300
2007-12-10,44.9766107315079,45.173800972836936,44.85658217335395,45.04520034790039,75657900
2007-12-11,45.11379621252387,45.30241442686772,43.90493176807222,43.99924087524414,167064300
2007-12-12,44.79657157574554,44.95089495477832,43.63057416551259,44.39361572265625,162975200
2007-12-13,44.00781639274752,44.265020968464825,43.70774166229931,44.153564453125,153476200
2007-12-14,43.80204268673578,44.23929005771332,43.65629138272126,43.699161529541016,128396700
2007-12-17,43.536264890222924,43.7163110120378,42.618899957844924,42.63604736328125,134377000
2007-12-18,43.073290887164106,43.0990103557896,42.16449817284924,42.773216247558594,154251700
2007-12-19,42.773209057998315,43.038988847740995,42.533152003090144,42.7646369934082,137970900
2007-12-20,43.399088309942144,43.69058765721419,43.039002612417754,43.6391487121582,167341700
2007-12-21,44.354084719094715,44.54289959378026,44.18243513064818,44.49998474121094,107573500
2007-12-24,44.63726820824145,44.97198611241884,44.58577566447646,44.83466720581055,34499800
2007-12-26,44.74026993714755,45.169392026351886,44.628697277250744,45.05781936645508,58492100
2007-12-27,44.91193052795758,45.05783050285536,44.37981664859,44.51713562011719,65778900
2007-12-28,44.66303507341142,44.766023474819036,44.13950551584746,44.474220275878906,67545400
2007-12-31,44.25966617029856,44.35407358394021,43.95069764345051,43.95928192138672,70135600
2008-01-02,44.00220145201357,44.173851028429475,43.0238031225693,43.26411056518555,152344100
2008-01-03,43.26409777940656,43.56448199390474,43.04095568777112,43.44432830810547,114103700
2008-01-04,42.74916043119105,42.76632571434832,41.37596724409659,41.53903579711914,212617600
2008-01-07,41.539016612397205,41.71066281680939,40.706518770443864,41.341617584228516,235083600
2008-01-08,41.42745743118496,41.84799535225761,40.26882553100586,40.26882553100586,261669800
2008-01-09,40.43191049076288,41.16141721497628,39.87405009652165,41.1270866394043,254011800
2008-01-10,40.70651970808712,41.54759857005808,40.58636605265435,41.187137603759766,249958500
2008-01-11,40.96398876300871,40.99831931129883,40.07999842515645,40.3803825378418,211685200
2008-01-14,40.92966039070788,41.20429824374716,40.603529986437145,41.084144592285156,168048500
2008-01-15,40.6550388770221,40.78377685472374,39.77962914090218,39.95127868652344,241094900
2008-01-16,39.64230180676049,40.26023873122372,39.015783880098425,39.52214813232422,265625900
2008-01-17,39.6852180310823,39.97702122520578,38.792643169770216,38.97287368774414,254098800
2008-01-18,39.17027457010663,39.59939677753364,38.60383338726068,38.921382904052734,273063300
2008-01-22,36.75860404619286,38.423596769066094,36.67277765391562,37.917232513427734,325732000
2008-01-23,36.50971483946067,37.89148874426183,35.71154734505928,37.771331787109375,390129000
2008-01-24,37.92582884336223,38.560931307121294,37.81425939922432,38.543766021728516,250249100
2008-01-25,39.36767042272823,39.36767042272823,37.71125843887901,37.754173278808594,199299100
2008-01-28,37.779910220420824,38.14037121429836,37.39369967416503,38.04596710205078,163711200
2008-01-29,38.24335430525755,38.34634266986456,37.79706702670571,38.11461639404297,138520000
2008-01-30,37.97731097624356,38.8956321322848,37.91723413604962,38.080299377441406,220824400
2008-01-31,37.65117345553007,39.12735457887514,37.60826189881602,38.73256301879883,246824100
2008-02-01,39.050122979848375,39.376256791768675,38.5180123306731,39.12736511230469,161920300
2008-02-04,39.11878174759313,39.14452803221064,38.56950257552644,38.578086853027344,100209900
2008-02-05,37.908652522541864,38.27769786619679,37.453784050850096,37.479530334472656,188990400
2008-02-06,37.69409607352672,37.90865719400156,36.7071168837082,36.74144744873047,178285000
2008-02-07,36.32949453266407,37.58253082991581,36.175010246817344,36.998924255371094,286254800
2008-02-08,37.07616066839547,37.565359739992914,36.85301527935008,37.419456481933594,173781300
2008-02-11,37.56536511411637,37.95157582429819,37.36796925645526,37.822837829589844,119562300
2008-02-12,38.05455235148236,38.34635554412201,37.34220801176649,37.6082649230957,145412400
2008-02-13,38.097459964491456,38.51800106799676,37.900064189031205,38.43217468261719,148685900
2008-02-14,38.492259852381295,38.492259852381295,37.66834601793843,37.73700714111328,170868900
2008-02-15,37.5310228052222,37.74558387998835,37.29071544914561,37.6082649230957,100053300
2008-02-19,38.10605299427514,38.1918761254294,37.1362358973075,37.53961181640625,110507600
2008-02-20,37.12765147791278,37.83999590475222,37.110489470901605,37.71125793457031,137338800
2008-02-21,38.07172115475998,38.166128560227435,37.196311495801496,37.35079574584961,127857000
2008-02-22,37.479529126427835,37.49669440627042,36.561207935474556,37.48811340332031,157364700
2008-02-25,37.44518793418561,37.82281412865165,37.19629637981563,37.67691421508789,121444300
2008-02-26,37.462376682715615,38.17471797132368,37.222065977522924,37.822837829589844,148375900
2008-02-27,37.56535123821303,38.157538592453975,37.479524848795656,38.01163864135742,125682600
2008-02-28,37.86573028564453,38.21761024972229,37.71983035431691,37.86573028564453,129196700
2008-02-29,37.462366848162,37.56535525252642,36.77576875521962,36.861595153808594,188724500
2008-03-03,36.835864755501255,36.89594490273224,36.2522613112773,36.62130355834961,132963800
2008-03-04,36.38956726352394,36.93884320692247,36.06343344440249,36.8272705078125,183851000
2008-03-05,36.89592647058469,37.36796021371497,36.68994638368548,37.00749588012695,183208300
2008-03-06,36.98175973409894,37.13624402313358,36.13209614440839,36.19217300415039,152752200
2008-03-07,35.97760054261349,36.59553750444859,35.51415109517944,36.10633850097656,242552400
2008-03-10,36.05481945683367,36.16639206400723,35.33389455668329,35.411136627197266,146801900
2008-03-11,35.926104187044345,36.77576414595845,35.62571674054529,36.758602142333984,196755300
2008-03-12,36.904516097915625,37.2821425258794,36.5612169641717,36.65562438964844,155566100
2008-03-13,36.2436710599503,37.18774213627724,35.8832098796036,36.93885040283203,208967900
2008-03-14,37.187723815303364,37.23063537173563,35.82311536752916,36.26081848144531,309589800
2008-03-17,35.43690653927158,36.05484018469209,35.230926474836714,35.599971771240234,193130600
2008-03-18,36.25223870008003,37.19630606913722,36.140666030446795,37.18772506713867,216300400
2008-03-19,37.34221081948399,37.41945294316524,36.243659081743964,36.269405364990234,216157200
2008-03-20,36.37504454057357,37.019230712672275,36.16031581654067,37.010643005371094,128397000
2008-03-24,37.17384356721761,38.44503749084047,37.17384356721761,38.290435791015625,125018000
2008-03-25,38.393505220853605,38.711302887085544,38.03275917887323,38.505165100097656,118107500
2008-03-26,38.36773160363294,38.52233656626214,38.0327552767699,38.39350128173828,124824600
2008-03-27,38.1701939503886,38.23031775800507,37.54318618774414,37.54318618774414,143868600
2008-03-28,37.809422158250534,38.0842745759312,37.216772246970216,37.35419845581055,111822300
2008-03-31,37.49163784447489,37.80943544979323,37.31985420391077,37.551761627197266,113644800
2008-04-01,38.15300381379279,39.1751147898607,38.14441610520854,39.157936096191406,137494400
2008-04-02,39.252431063493106,39.527283705762926,38.79720371257589,39.072059631347656,132486800
2008-04-03,38.900262244153566,39.43278864189854,38.77142367988425,39.157936096191406,140033800
2008-04-04,39.312540504895985,39.81070950823369,38.994742867775344,39.38984298706055,139261000
2008-04-07,39.630347592740584,39.86225509453769,39.20948097120258,39.303958892822266,102297100
2008-04-08,39.00333786010742,39.26960274317713,38.80578776357236,39.00333786010742,97435200
2008-04-09,39.054885331469755,39.07206403310967,38.33339624510483,38.565303802490234,127182300
2008-04-10,38.59105531907333,39.3726679211944,38.59105531907333,39.114994049072266,112773800
2008-04-11,38.66835537472,38.73706687392764,37.895330530503806,38.03275680541992,120135400
2008-04-14,37.97262994490207,38.2045373794176,37.74931349490595,37.8609733581543,89274600
2008-04-15,37.998407212760036,38.092885125843054,37.51741355510441,37.912513732910156,124232300
2008-04-16,38.3849088110067,39.06345242333534,38.35055470236394,38.968971252441406,134027900
2008-04-17,39.01193011259925,39.05487849743486,38.6340085721588,38.883094787597656,124953100
2008-04-18,39.91378864848454,40.30888883686065,39.699059857866914,40.11992645263672,133022500
2008-04-21,40.042631393940496,40.43773493219921,39.930974761162666,40.403377532958984,83303200
2008-04-22,40.15428291553179,40.1714616115635,39.449972760737744,39.802127838134766,104689600
2008-04-23,40.09416313838079,40.42055184271167,39.742008025669065,40.240177154541016,131086200
2008-04-24,40.257342895261196,41.047546355125675,39.84506411135384,40.60091018676758,166509000
2008-04-25,40.643847192065216,40.669613587026205,39.99966110604157,40.497833251953125,121945400
2008-04-28,40.592321137979376,40.90153105977916,40.48066454794109,40.57514572143555,71244000
2008-04-29,40.497852057199346,41.02178756486236,40.420549559920964,40.884361267089844,91270600
2008-04-30,40.9702472442529,41.279457176711546,40.394772475176936,40.54937744140625,132152700
2008-05-01,40.56654535698491,41.846329842636955,40.557957650698626,41.82915115356445,143596900
2008-05-02,42.22427391140752,42.25004032064207,41.519963662648415,41.88929748535156,124990000
2008-05-05,41.88927143223899,42.112587818550345,41.571473902161415,41.76902389526367,75624700
2008-05-06,41.648785315711685,42.19849033239539,41.3481631321188,42.02670669555664,139582600
2008-05-07,42.03531662904435,42.28440287033926,41.11627745399276,41.26229476928711,140008300
2008-05-08,41.43406495952056,41.82916511051968,41.279459982781596,41.57149124145508,128058700
2008-05-09,41.26228068876855,41.62302344492009,41.1420331033847,41.408294677734375,97062000
2008-05-12,41.46842769800248,42.250040453423345,41.39971618099383,42.16415023803711,89606500
2008-05-13,42.18132523247247,42.37028762153144,41.88070295201489,42.27580642700195,85448100
2008-05-14,42.43900557366388,42.8856419305449,42.121207824604994,42.181331634521484,143598200
2008-05-15,42.189929454622536,42.96295473376674,42.069681805978476,42.92000961303711,157248900
2008-05-16,43.00589325007957,43.04025065198809,42.4733666265063,42.9543571472168,146563200
2008-05-19,42.988698029724155,43.34944405813421,42.37886912444866,42.64513397216797,140048700
2008-05-20,42.49052832372032,42.49052832372032,41.99235602491057,42.31874465942383,137163700
2008-05-21,42.370283898320864,42.60218809442238,41.24510392602683,41.382530212402344,192806700
2008-05-22,41.485592656773996,41.820568972941956,41.322399990987215,41.52853775024414,153198200
2008-05-23,41.38252909929195,41.5285430911692,41.073319144138914,41.39970779418945,121698400
2008-05-27,41.48560859541452,42.18133117232743,41.477020884021364,42.12979507446289,106984300
2008-05-28,42.32732584714171,42.39604061287426,41.87210199191485,42.30155944824219,121363000
2008-05-29,42.327322734419226,42.91997607752786,42.30155633741455,42.67947769165039,143993000
2008-05-30,42.8427005057674,43.15191056993968,42.731040587815805,42.9543571472168,94153600
2008-06-02,42.87703374967645,42.87703374967645,42.05247616445204,42.43040084838867,144359900
2008-06-03,42.59359791305394,42.85986276092293,41.80339435487873,42.1984977722168,167606900
2008-06-04,42.06964485146164,43.031628472098014,42.035287474456815,42.73959732055664,174870800
2008-06-05,42.851256801507034,43.46967647645595,42.688064176839866,43.41814041137695,126653700
2008-06-06,43.04023202494191,43.12612221603927,42.10401452537729,42.11260223388672,189136000
2008-06-09,42.198507502172966,42.25004032064207,41.18498723659246,41.88929748535156,208897300
2008-06-10,41.459838254403486,42.03530988174529,41.3653570555261,41.69174575805664,162798500
2008-06-11,41.60582897937522,41.67454373154829,40.66961177826532,40.686790466308594,170366900
2008-06-12,40.97883774687814,41.322405090035566,40.369008825449676,40.72975158691406,189913200
2008-06-13,40.978831594481846,41.63160879317542,40.76410285637221,41.54571533203125,167855000
2008-06-16,41.3309880561503,42.104012851293646,41.28804296230914,41.9150505065918,136343900
2008-06-17,42.04390086882591,42.13838206770329,41.63162195449859,41.69174575805664,122932000
2008-06-18,41.451228208753406,41.61442412323475,41.081897846637844,41.24509048461914,169338100
2008-06-19,41.16780853826886,42.09543531223137,40.89295591809466,41.88929748535156,221304200
2008-06-20,41.540332329481906,41.55751973206791,40.577673845305,40.75817108154297,197434200
2008-06-23,40.92148817143237,41.033225980778134,40.37999308791284,40.44015884399414,131488800
2008-06-24,40.25105069295329,40.71518585907976,39.89005303175893,40.23386001586914,178293800
2008-06-25,40.40576343020269,41.2566839799554,40.34559769503485,40.88709259033203,179023400
2008-06-26,40.13071630024209,40.13931327825168,39.228227057634946,39.23682403564453,190028300
2008-06-27,39.193845703169465,39.451702582874155,38.65235412487703,39.23682403564453,181351800
2008-06-30,39.11648034137294,39.391527835352846,38.80705805836869,38.82424545288086,132912400
2008-07-01,38.514814807716554,39.41730364780249,38.40307709493336,39.37432861328125,245494300
2008-07-02,39.494697428699425,39.64941032253956,38.368732096593526,38.428897857666016,199576400
2008-07-03,38.66094751819338,38.74690090367698,38.05928693495381,38.3601188659668,123118300
2008-07-07,38.712528908193526,39.073523378135434,38.024918052027616,38.59219741821289,181011300
2008-07-08,38.63515894452904,39.546241780168224,38.48044614625332,39.511863708496094,206151200
2008-07-09,39.503260297621416,39.563426011731046,38.44605853411372,38.46324920654297,168500300
2008-07-10,38.52342462489056,39.039131812535246,38.14523957253688,38.918800354003906,238811500
2008-07-11,38.514832008047094,38.91020774826923,37.68969589433106,38.29995346069336,265514700
2008-07-14,38.79847330840767,38.83285466583754,37.87879330927232,38.01631546020508,177389800
2008-07-15,37.827222615000565,38.61797747000501,37.2169682535126,38.0249137878418,283891100
2008-07-16,38.12802912120501,39.004733508539495,37.74984098620701,38.97035217285156,186047800
2008-07-17,39.20243752024911,39.38293468925113,38.66094273445706,39.22822189331055,197555100
2008-07-18,38.79846527585058,38.824249649191415,38.32573318481445,38.32573318481445,160661000
2008-07-21,38.67811919234048,38.84142562634562,38.2397686174926,38.4890251159668,128107800
2008-07-22,37.844389796094454,38.514812758335346,37.69827403074009,38.4890251159668,152524500
2008-07-23,38.549195735471265,39.44309094665764,38.437461293161874,38.99614334106445,169259100
2008-07-24,39.17667573984928,39.20246012778023,38.377326926111216,38.411705017089844,145561000
2008-07-25,38.66095353196339,39.09071068987155,38.47185933327199,38.910213470458984,111616700
2008-07-28,38.90160700105779,39.125082504773424,37.99911784537202,38.17961502075195,124028500
2008-07-29,38.34290755107764,39.14225557250659,38.308526215389705,38.97035217285156,142290900
2008-07-30,39.08211400393043,39.38294267997133,38.5750004651853,39.16806411743164,165679900
2008-07-31,38.78127429850748,39.66657602881478,38.69532420218375,39.073509216308594,180473100
2008-08-01,39.11648851574717,39.15086986952772,38.16243053923471,38.57499694824219,180350400
2008-08-04,38.566402240574334,38.60937729593652,38.07647939611502,38.18821716308594,116298000
2008-08-05,38.583578957887845,39.51185555601075,38.5406039180752,39.477474212646484,151657400
2008-08-06,39.494673672071734,40.233856324948036,39.17665437215499,40.07914352416992,133463700
2008-08-07,39.83846995125117,40.268226922802036,39.60640407194493,39.769710540771484,152805800
2008-08-08,39.74395945068542,40.77537442301864,39.66660299988161,40.67223358154297,143121500
2008-08-11,40.65501942193313,41.49734291169519,40.517497286437006,41.04180145263672,157290100
2008-08-12,41.03321669861454,41.39421115344146,40.83552551188126,41.08478546142578,140549300
2008-08-13,41.016011933174404,41.35981558940631,40.612039276346344,40.99882125854492,169652100
2008-08-14,40.86129584223867,41.652047138655114,40.818320798526585,41.47154998779297,158069200
2008-08-15,41.54032995937151,41.74661156650616,41.2223072902928,41.39421081542969,123115900
2008-08-18,41.51455997204533,41.523156955294766,40.62066388383352,40.912899017333984,151399100
2008-08-19,40.706585974436145,40.904273812684984,40.18228187879162,40.40575408935547,155410600
2008-08-20,40.68941551522849,40.87850974957985,40.17370813999981,40.47453689575195,155466700
2008-08-21,40.173688811166805,40.46592372420293,39.864263223389024,40.285423278808594,118916200
2008-08-22,40.500310042812075,40.98163919724335,40.46593196511361,40.81833267211914,96515500
2008-08-25,40.53468946746018,40.57766452162508,39.8556724637808,39.95881652832031,128076500
2008-08-26,39.98460204720739,40.19948060295628,39.640795046494546,39.90724563598633,107225500
2008-08-27,39.92441820013195,40.474506528667355,39.786896117998104,40.16508102416992,108489900
2008-08-28,40.32839708252837,40.637822660763355,40.251043966755475,40.49170684814453,112808600
2008-08-29,40.06196009046817,40.5003109193873,39.46889315401755,39.64079666137695,133184300
2008-09-02,40.28543761259357,40.465938122211,38.97038167541969,39.15087890625,162277500
2008-09-03,39.06493715313661,39.228243738108574,38.497657678385586,38.78129577636719,161682900
2008-09-04,38.55781169744007,38.60078675632029,37.52639389038086,37.52639389038086,219004700
2008-09-05,37.19977473614402,37.62953185011532,36.79580527858587,37.34589385986328,247977500
2008-09-08,37.83580018385256,38.0077036101248,36.68405149024923,37.27711486816406,311065100
2008-09-09,37.2599385133221,37.638126852182026,36.40042433051156,36.48637771606445,214180600
2008-09-10,36.83878059152884,37.11382488408861,36.486379886762464,36.787208557128906,160658100
2008-09-11,36.271490149853,37.55216412762413,36.24570250120717,37.47480773925781,203398200
2008-09-12,37.1567785422497,37.569344743501475,36.87314071335741,37.32868194580078,172094300
2008-09-15,36.44340596493748,37.20837313234921,36.1253833277543,36.16836166381836,616772300
2008-09-16,35.65265860166196,36.821598765452094,35.609683535390616,36.45200729370117,349506500
2008-09-17,35.987859134440484,36.46059129523144,34.54387499613563,34.561065673828125,340088000
2008-09-18,35.32602688108993,36.07380648092935,33.95080568388979,35.72999954223633,423934000
2008-09-19,37.646298419556054,37.69790521829658,36.209940357414254,36.89801788330078,263394000
2008-09-22,36.76040398377157,36.8464120362304,35.09182020569636,35.16062927246094,164698200
2008-09-23,35.43585708065921,35.90890790585436,34.78218410537412,34.89399719238281,184011200
2008-09-24,35.100421594431104,35.48746109621964,34.850993658747605,35.134822845458984,159270800
2008-09-25,35.461652548616215,36.14112716153298,35.289633202422635,35.693878173828125,148586800
2008-09-26,34.67039543307589,35.685306765197595,34.59298683042258,35.33266830444336,182678600
2008-09-29,34.62735090427704,34.73056445093907,31.978265545526728,32.528724670410156,307954400
2008-09-30,32.44272608691133,33.80167203610744,32.33951251026645,33.46623611450195,195436700
2008-10-01,33.40602977450917,33.51784284183961,32.709352897906484,33.11359786987305,174033300
2008-10-02,32.89858677922463,32.89858677922463,31.5138352813356,31.60844612121582,192124000
2008-10-03,32.04710401829433,32.838392279029215,31.049395015453673,31.11820411682129,272116100
2008-10-06,30.326899862287863,30.559125535434596,28.30568115004316,29.982864379882812,394046600
2008-10-07,30.223687172508082,30.27529396726525,27.755219574063275,28.082056045532227,329365700
2008-10-08,27.47999274532503,29.346394389019377,27.385381918963215,27.85843276977539,452066500
2008-10-09,28.51211082785378,28.967959492661315,26.63710443788606,27.110157012939453,352433900
2008-10-10,26.250058966131284,27.935841756736803,25.26955107560709,26.938133239746094,472339100
2008-10-13,28.262666181684974,30.318288630541097,27.867024053661524,30.215078353881836,276998700
2008-10-14,31.0923817611958,31.0923817611958,28.546502472937597,28.907743453979492,341595900
2008-10-15,28.580910297299702,28.684120611931547,26.267259665071773,26.318864822387695,312088500
2008-10-16,26.499488992004938,27.75522676810753,25.15774315001067,27.746623992919922,494783500
2008-10-17,27.239170381936308,28.942157332103598,27.015545799783055,27.781028747558594,326571300
2008-10-20,28.17666761104373,28.606714452537663,27.26497040691469,28.555110931396484,232783400
2008-10-21,28.09065330411442,28.606708086670363,27.075742721557617,27.075742721557617,239932400
2008-10-22,26.981142240355528,27.178963413395916,25.553385075350178,26.327470779418945,289993600
2008-10-23,26.224262237548828,26.740318894302106,24.85671283537714,26.224262237548828,377966900
2008-10-24,24.280438841973343,26.017828086422604,24.160026278268315,25.381359100341797,322129500
2008-10-27,25.088934848325476,25.974832004766718,24.650286837301092,24.676090240478516,239302300
2008-10-28,25.52757433537418,27.41977897642464,24.813696824157766,27.402578353881836,327239500
2008-10-29,27.445578349642844,28.451889263614976,26.877916876452005,27.33376693725586,341316000
2008-10-30,28.099256244060307,28.434695502986603,27.505792843184597,28.245473861694336,255292100
2008-10-31,27.841222263036205,28.752922442422044,27.60039716247976,28.288471221923828,224261000
2008-11-03,28.219677712378772,28.632522327345026,27.96164695715219,28.2282772064209,128455500
2008-11-04,28.778724590526824,29.251775307844703,28.365880149176895,29.028152465820312,182487600
2008-11-05,28.838932086928054,28.89913836544387,27.45418275957012,27.514389038085938,183893900
2008-11-06,27.08434934700237,27.411185858779884,26.146847119769802,26.284461975097656,220677200
2008-11-07,26.594091193831606,27.07574309645197,26.31026040329662,26.826316833496094,176946200
2008-11-10,27.497181680290097,27.497181680290097,26.146835487803685,26.465070724487305,142584500
2008-11-11,26.215649737459763,26.45647651034653,25.561978474336982,25.88881492614746,162869800
2008-11-12,25.50177141348313,25.630785107684932,24.64167793147359,24.693283081054688,184946400
2008-11-13,24.60727466882533,26.25865419464178,23.46335042087162,26.19844627380371,317943900
2008-11-14,25.613580343092515,26.16403955760964,24.830895532264275,24.925504684448242,259407000
2008-11-17,24.504062499980517,25.14053146407764,24.30624139772697,24.40085220336914,202835200
2008-11-18,24.564265723611804,24.727683920162722,23.557956434110483,24.375045776367188,252661800
2008-11-19,24.426658979960262,24.753495480930322,23.04190933895072,23.102115631103516,244180600
2008-11-20,22.818275533248666,23.60956142424573,21.906575466329645,21.983983993530273,342472400
2008-11-21,22.37103985490735,22.94730276446778,21.54534895679897,22.938701629638672,282746800
2008-11-24,23.411740274197836,24.63307289044168,23.205318068135224,24.340641021728516,225058200
2008-11-25,24.607281565975118,24.633083327353855,23.669779290914647,24.228839874267578,202968700
2008-11-26,23.979409058089587,25.252348844117453,23.919202768037273,25.24374771118164,164912000
2008-11-28,24.959913555649585,25.10612951505063,24.796495332672382,25.045923233032227,41238200
2008-12-01,24.51265971654236,24.521260846635972,23.127908940929256,23.16231346130371,149161500
2008-12-02,23.480562460557522,23.988017985163246,23.084920059949074,23.936412811279297,181743000
2008-12-03,23.33433817696884,24.693285972022892,23.282733021346065,24.61587905883789,230944900
2008-12-04,24.228848620969668,24.75350649838816,23.497768375509267,23.919214248657227,188868700
2008-12-05,23.652565149893938,25.0029113341537,23.179514503095156,24.89109992980957,212283700
2008-12-08,25.450178186166607,26.198458947371854,25.321164431527656,25.871623992919922,185782500
2008-12-09,25.527574402950933,26.51668156344774,25.432963596473623,25.811405181884766,178148300
2008-12-10,25.888819177423226,26.198451775696793,25.475974619392844,25.725400924682617,162335100
2008-12-11,25.639401046265792,26.035045129535927,24.891120203459973,25.02013397216797,167161400
2008-12-12,24.67607482292882,25.68238395112801,24.4868532655168,25.52756690979004,158600100
2008-12-15,25.57057716335409,25.59638055671549,24.719084868404135,25.080324172973633,107887000
2008-12-16,25.303955720762065,26.370471669802185,25.02872601010635,26.284461975097656,169300100
2008-12-17,26.017833646223163,26.31886676031222,25.64799310381362,25.966228485107422,159813500
2008-12-18,25.96622423249183,26.146843087065335,25.252346665395084,25.510374069213867,142656400
2008-12-19,25.77997830599528,26.158969422165438,25.547415463603574,25.719684600830078,118308900
2008-12-22,25.719684900977164,25.77136498559612,24.754980678435157,25.15981101989746,95379600
2008-12-23,25.26317004294132,25.512960102969732,24.884178964189278,25.030607223510742,68764800
2008-12-24,25.15119381698334,25.159805793564015,24.96169747460995,25.099512100219727,27194700
2008-12-26,25.151193850097545,25.17703306563344,24.95308388800272,25.090898513793945,20937000
2008-12-29,25.159815144677964,25.18565601266401,24.513808230951657,24.884185791015625,52688300
2008-12-30,24.953092922394003,25.487126022844286,24.927253697502884,25.400991439819336,77089500
2008-12-31,25.375145111724237,25.909178097259204,25.366533133867375,25.616321563720703,89189700
2009-01-02,25.624939938189122,26.813591891446116,25.573259847059813,26.727458953857422,107891500
2009-01-05,26.555184141610514,26.985855309423126,26.348462178206074,26.718839645385742,91751900
2009-01-06,26.916945879454225,27.24425521848119,26.79635848763587,26.98585319519043,136791700
2009-01-07,26.469047667071287,26.61547591926327,26.00392369373675,26.21925926208496,133879800
2009-01-08,26.16758862720717,26.529352600987945,25.909186492884057,26.49489974975586,131926600
2009-01-09,26.503500592193667,26.52072783094237,25.771359374172864,25.90056037902832,117137900
2009-01-12,25.935014702258055,25.969467536670617,25.15119341553341,25.426822662353516,102726200
2009-01-13,25.418216634382542,25.823047006195395,25.133973683347907,25.435443878173828,186266700
2009-01-14,25.142577699134097,25.220098623696423,24.522410302635482,24.66022491455078,136294000
2009-01-15,24.608549553119374,25.27178352663022,24.177878397781953,25.065061569213867,192567200
2009-01-16,25.409601756368563,25.495736328186553,24.720528467585268,25.340694427490234,175478100
2009-01-20,25.237330693248072,25.349306120958996,24.083131790161133,24.083131790161133,135105800
2009-01-21,24.487959872217463,25.142580164442585,24.203717001911283,25.108125686645508,149179600
2009-01-22,24.565481501426156,25.17703371375772,24.34153231803038,24.77220344543457,200602700
2009-01-23,24.367368469239008,25.28039062292999,24.238165841676235,24.892786026000977,170164100
2009-01-26,24.927252585936877,25.487124886312227,24.763597049775314,25.073680877685547,140398700
2009-01-27,25.082283493940228,25.46988646586977,25.082283493940228,25.25455093383789,110591300
2009-01-28,25.676618885561126,26.400146700664045,25.676618885561126,26.14174461364746,139722800
2009-01-29,25.823040758980255,26.18480457667591,25.39236962567019,25.478504180908203,130731800
2009-01-30,25.66800033971003,25.7799757607159,24.92724706568388,25.030607223510742,140334200
2009-02-02,24.789433964266134,25.504348064619318,24.754979480933358,25.33207893371582,126796100
2009-02-03,25.383756149654772,26.210645584591937,25.00476673306858,25.728294372558594,120541100
2009-02-04,25.78858957935722,26.58963820163675,25.6593885596399,25.76274871826172,175780900
2009-02-05,25.39237441388199,26.503506935929373,25.375147171009864,26.33123779296875,217578900
2009-02-06,26.425986514993852,27.14090067969814,26.33985194178893,27.020313262939453,164513200
2009-02-09,27.03753788040818,27.278714348038655,26.865270383140935,27.132286071777344,98856900
2009-02-10,26.960017053403394,27.287328092586037,25.92640713649046,26.133129119873047,232795200
2009-02-11,26.16757914861788,26.296781811859518,25.607706965131186,26.01253890991211,169117200
2009-02-12,25.71107183549505,26.365692278713,25.530189071098366,26.33123779296875,201151400
2009-02-13,26.253725505609836,26.512129305313753,26.09007157296629,26.21065902709961,145066700
2009-02-17,25.400983601161087,25.556025474184494,25.030606158467396,25.168420791625977,157783300
2009-02-18,25.33207429874105,25.556023470787842,24.866950359013,25.185646057128906,161271900
2009-02-19,25.340691049276362,25.5043465496253,24.737750769809818,24.798046112060547,155322400
2009-02-20,24.522410900354966,25.108123836711286,24.45350359271774,24.8669490814209,210752400
2009-02-23,25.004762462456668,25.021988056355863,23.885016715022807,23.996992111206055,169473500
2009-02-24,24.126200402208795,24.961701924263927,24.083132297228495,24.7894344329834,181337300
2009-02-25,24.6430092570954,25.125360593298918,24.238177233832783,24.625782012939453,220224700
2009-02-26,24.789437313449437,24.935865601636582,23.85918749522534,23.936708450317383,211218500
2009-02-27,23.686910531079146,24.100354393330452,23.59216236323327,23.712751388549805,204492600
2009-03-02,23.359601050266686,23.695523980580745,22.79972730923678,22.946155548095703,188180400
2009-03-03,23.1356560643015,23.39405811234579,22.756664970007076,22.92893409729004,158758800
2009-03-04,23.26485610438859,23.867794738618702,23.187335164677844,23.540485382080078,164911000
2009-03-05,23.282084983159223,23.462966093291552,22.75666560878974,22.834186553955078,199626900
2009-03-06,22.95477909561345,23.09259377498489,22.145116622145796,22.653308868408203,218421600
2009-03-09,22.472420060393148,23.0925859062447,22.076201760050207,22.170949935913086,181098800
2009-03-10,22.610235748431254,23.592165460927212,22.532714808720513,23.540485382080078,175068200
2009-03-11,23.781666681700102,24.108976105130136,23.48019648153429,23.902254104614258,173094900
2009-03-12,23.8850153424993,24.77219827107604,23.635226995077662,24.694677352905273,184395100
2009-03-13,24.68607846792526,24.841120396797464,24.393221856251234,24.754985809326172,156783500
2009-03-16,24.91863306916254,24.961699527126832,24.28123996258664,24.341533660888672,190269800
2009-03-17,24.46212161986938,25.26317024230957,24.375987059080522,25.26317024230957,169773800
2009-03-18,25.159809917024738,26.012540311699784,25.047836131445298,25.58186912536621,208033900
2009-03-19,25.93501750163839,25.952243099264024,25.37514368536336,25.564640045166016,146753400
2009-03-20,25.61553869977311,25.90887945120063,25.002973608640392,25.175527572631836,149410800
2009-03-23,25.796720197822467,26.69399822342857,25.192784584215257,26.659486770629883,179499000
2009-03-24,26.435183861448856,26.642247771455256,26.150470779490348,26.167726516723633,118757600
2009-03-25,26.392030641714836,26.788902491077547,25.589657433850473,26.288497924804688,190555200
2009-03-26,26.5732124669918,27.142638330884708,26.245361860288565,27.09950065612793,182459500
2009-03-27,26.74576954772444,26.901067827748683,26.495566397552714,26.590471267700195,156108100
2009-03-30,26.141824814028464,26.159080539316363,25.55514496460871,25.93476104736328,162919700
2009-03-31,26.133206184915334,26.702632119979985,26.115950454617128,26.159088134765625,150243800
2009-04-01,25.831236441259005,26.64223598527564,25.701821760456088,26.547332763671875,137950000
2009-04-02,27.021852381171897,27.841481392291996,26.94420324767223,27.401470184326172,212272400
2009-04-03,27.68618926187082,27.953648179027688,27.461869675995974,27.910507202148438,134577300
2009-04-06,27.59990310935193,27.893245528181843,27.306562336118702,27.84147834777832,160413700
2009-04-07,27.539518660014462,27.539518660014462,26.926953324295287,27.108135223388672,147531200
2009-04-08,27.37559321432254,27.737957022052914,27.168529356760367,27.56540298461914,126126000
2009-04-09,28.083046763870225,28.47991853355908,27.979515713341122,28.419525146484375,131871500
2009-04-13,28.333250884728585,28.53168677703296,28.06579209534814,28.376388549804688,119310500
2009-04-14,28.2038349950068,28.36776273227174,27.841474653839324,28.03128433227539,124069000
2009-04-15,27.832857488379307,27.979529566173788,27.47912485260608,27.95364761352539,124808200
2009-04-16,28.34189901951126,28.842305536724144,28.048558062468118,28.678380966186523,171168000
2009-04-17,28.617964193770803,28.902678728179296,28.4109020698311,28.738754272460938,129835400
2009-04-20,28.22109367616429,28.31599852532524,27.66029738114828,27.815595626831055,123080500
2009-04-21,27.712069156872882,28.246986951458382,27.677560985604632,28.203845977783203,145490200
2009-04-22,28.039912272435693,28.928560746657237,27.94500742738424,28.290115356445312,165040500
2009-04-23,28.47131061981283,28.592097471608735,28.03130090381419,28.56621551513672,181666600
2009-04-24,28.76463951818914,29.273671960516523,28.531692133612857,29.066606521606445,141170000
2009-04-27,28.833659247153516,29.38583265595813,28.773265846239397,29.101118087768555,120749100
2009-04-28,28.919935112118356,29.256413539575725,28.781892595951405,28.88542366027832,108968000
2009-04-29,29.118376459045894,29.679176136956894,29.075238781789775,29.28230094909668,141413600
2009-04-30,29.67054649634258,30.110559359524398,29.368579465683524,29.575641632080078,144120400
2009-05-01,29.567014443617982,29.79996184157092,29.342693264317962,29.653289794921875,100112000
2009-05-04,29.920742752504637,30.274476889039608,29.78270024291033,30.239965438842773,119317400
2009-05-05,30.188206493655905,30.24859989578446,29.877609973455584,30.214088439941406,113569500
2009-05-06,30.44703847643971,30.490176154396114,29.730940515826784,30.22271728515625,178840500
2009-05-07,30.42978907676636,30.42978907676636,29.230543607674644,29.515254974365234,216484700
2009-05-08,29.739564738400112,29.972512107378957,29.230532330155956,29.532499313354492,183507300
2009-05-11,29.15288115075782,29.955254268022202,29.057976308106092,29.636028289794922,142775900
2009-05-12,29.69642978052343,29.748196970048713,28.919941684807874,29.2736759185791,147842200
2009-05-13,29.014846047369044,29.032101776909894,28.436790626929213,28.488557815551758,175548300
2009-05-14,28.5575686184982,29.075230471189304,28.540316185482077,28.807771682739258,140021700
2009-05-15,28.764649204065876,29.17877693014114,28.66974431640797,28.790531158447266,121326400
2009-05-18,28.988967903128017,29.57564968634419,28.807787635392206,29.541141510009766,114333400
2009-05-19,29.47211465879783,29.97252099789363,29.290934415136633,29.679180145263672,129086400
2009-05-20,29.7913333086062,30.23134617178802,29.48936627794715,29.575641632080078,131873700
2009-05-21,29.351319577280734,29.55838171433478,28.738756092638628,29.03209686279297,139253200
2009-05-22,29.14426082338958,29.30818861822474,28.74738889382018,28.937198638916016,83510600
2009-05-26,28.686995777955897,30.050168886425922,28.62660236592941,30.015657424926758,144857200
2009-05-27,29.92937100597154,30.360754289205914,29.7050531468147,29.808584213256836,121348800
2009-05-28,29.98977018194445,30.2572290539239,29.515249137175797,30.153697967529297,118931300
2009-05-29,30.170945056489682,30.62821024070437,29.989761593195773,30.52467918395996,111535700
2009-06-01,30.85253419450298,31.49098296856622,30.723121170718187,31.39607810974121,119126200
2009-06-02,31.223517366858506,31.74117922361383,31.154497760673532,31.439208984375,126858600
2009-06-03,31.344327926635742,31.378836106689317,30.999219796539645,31.344327926635742,93329800
2009-06-04,31.41334062930435,31.74119295125518,31.352947213575817,31.698055267333984,89280600
2009-06-05,31.88785939512728,31.99139377837472,31.42196454409602,31.732561111450195,121958800
2009-06-08,31.53412036712117,31.87922834324686,31.163130444703803,31.637651443481445,89194100
2009-06-09,31.7843237331844,32.06903501819443,31.63765169026912,31.879228591918945,109187800
2009-06-10,32.06039811570506,32.06902433126372,31.30979229678695,31.767057418823242,133404700
2009-06-11,31.72391975864496,32.12079149819316,31.706664036335145,31.767057418823242,147909800
2009-06-12,31.63765954564247,31.68080052210144,31.232161354722432,31.620407104492188,109452500
2009-06-15,31.318430433349043,31.34431567226294,30.69724064970947,30.973325729370117,112152900
2009-06-16,31.094103673400443,31.22351666629094,30.645464724089177,30.67134666442871,110550300
2009-06-17,30.80076859858273,31.240778121033966,30.585076946339424,30.964693069458008,153421800
2009-06-18,30.912943554308608,31.11137957170524,30.68862228859419,30.904314041137695,126266700
2009-06-19,31.140991826335625,31.40877963316265,31.020056460427156,31.236013412475586,122044700
2009-06-22,30.95095042943378,31.002777986425777,30.25124875286913,30.30307960510254,137714900
2009-06-23,30.389469483372107,30.458574010254857,30.0353001330869,30.233980178833008,114903100
2009-06-24,30.49312240325641,30.985504013447656,30.47584545085159,30.743633270263672,103314600
2009-06-25,30.544955958667412,31.408783883764375,30.475848142943484,31.348316192626953,112538200
2009-06-26,31.20146056687673,31.52971606778435,31.14099288187292,31.417417526245117,87677300
2009-06-29,31.503805350464873,31.74567611399885,31.201463600805393,31.486528396606445,93817600
2009-06-30,31.572895469411776,31.728384687972817,31.192812543618402,31.42604637145996,97843000
2009-07-01,31.581541154356522,31.823411850181877,31.43468873529035,31.443328857421875,85976000
2009-07-02,31.17555263661932,31.184189466708492,30.665893985057956,30.752275466918945,113309800
2009-07-06,30.56223433258596,30.70044667521344,30.268532692597294,30.58814811706543,107632500
2009-07-07,30.596782527843136,30.65725351225139,29.81069927343884,29.82797622680664,149773000
2009-07-08,30.009380363103343,30.121675608799794,29.629294007694824,29.983463287353516,152776400
2009-07-09,30.095766996210862,30.242616171295627,29.931640866073376,30.03529930114746,97851500
2009-07-10,29.94889907316279,30.354899069312467,29.853880812262716,30.16485595703125,108482000
2009-07-13,30.190783974276428,30.752270098845212,29.784783830867536,30.743633270263672,127140300
2009-07-14,30.709077887616154,30.9163980112552,30.579505693678126,30.85593032836914,115631700
2009-07-15,31.374229293549238,31.90116484363687,31.218740006794132,31.89252471923828,160869700
2009-07-16,31.745662926166823,32.34170275808577,31.719749153765324,32.27259826660156,120142500
2009-07-17,32.26397857186779,32.45402181043629,32.108489248537694,32.44538497924805,104906500
2009-07-20,32.618142941220626,32.82546310547759,32.48857072189697,32.75635528564453,97168800
2009-07-21,32.88592400215137,32.9809455871582,32.51447778543824,32.9809455871582,130587600
2009-07-22,33.006844000703374,33.42148075523399,32.93773952256827,33.257354736328125,113808600
2009-07-23,33.222816702966284,34.11256158592086,33.162349020028984,33.99162292480469,160239300
2009-07-24,33.628816866354406,34.00889991600896,33.49924137691407,33.73247528076172,109312300
2009-07-27,33.97434926845824,34.04345377956876,33.576985972416836,33.99162292480469,94718600
2009-07-28,33.84478909456121,34.19895852427997,33.628832044848714,33.75840759277344,111564300
2009-07-29,33.96572474945903,34.060746379226885,33.68929998753969,33.983001708984375,126538200
2009-07-30,34.3371604345805,34.70860671044815,34.129840280163315,34.181671142578125,108969900
2009-07-31,34.18166515581703,34.42353588090615,34.04345284216018,34.078006744384766,78208300
2009-08-03,34.44081691830132,34.60494632572074,34.2421368997995,34.587669372558594,111722800
2009-08-04,34.42353996513918,34.717241578411844,34.354435447732484,34.587669372558594,100690800
2009-08-05,34.66540235162825,34.67403917768269,34.08663614875833,34.31986999511719,118093000
2009-08-06,34.397630741634686,34.49265234899847,33.89661221450154,34.017547607421875,116937500
2009-08-07,34.48400205200321,34.613577532050094,34.198940609237944,34.4494514465332,107442100
2009-08-10,34.328519229960506,34.42353752274781,33.98298678171735,34.20758056640625,87163200
2009-08-11,34.095278074287,34.12119184906235,33.73246875122738,33.91387176513672,91922700
2009-08-12,33.88796568294633,34.74315669231206,33.86205190228854,34.44081497192383,147240000
2009-08-13,34.64814014439691,34.69133088352494,34.24213994706067,34.630863189697266,110107000
2009-08-14,34.44079142545281,34.51853600951548,33.93113321776185,34.23347473144531,124480200
2009-08-17,33.65473790287172,33.697928643584206,33.22282390526225,33.2401008605957,131797200
2009-08-18,33.447425356729156,33.78431779121237,33.35240373772256,33.7152099609375,84496200
2009-08-19,33.31785397980425,34.034832979774556,33.29194018783915,33.948448181152344,88036300
2009-08-20,33.93115015807567,34.41489484433775,33.862045657318845,34.345787048339844,81473500
2009-08-21,34.5444679433443,34.864083239795946,34.32851103853411,34.80361557006836,114660200
2009-08-24,34.864102734209425,35.04550584482451,34.63950558228748,34.769081115722656,109904900
2009-08-25,34.846820285317946,35.20962644937447,34.769075636556956,34.87273406982422,92900400
2009-08-26,34.794982722646694,35.07140735497275,34.62221979887407,34.812259674072266,96407500
2009-08-27,34.80362951960653,34.959118817010335,34.268053808441344,34.898651123046875,121957800
2009-08-28,35.3305641944315,35.486053487824464,34.69133006656685,34.93320083618164,114300900
2009-08-31,34.67405450274898,34.725885367705814,34.371716028606315,34.57903289794922,96415300
2009-09-01,34.458091662770556,35.06277180371928,33.82749774136058,33.931156158447266,162958900
2009-09-02,33.749753644185695,34.095286100319804,33.72383986331024,33.905242919921875,92757200
2009-09-03,34.06936173413977,34.1816602526403,33.706555698548684,34.12982940673828,76783100
2009-09-04,34.19031282925079,34.88137455014241,34.13848196446809,34.864097595214844,74866600
2009-09-08,35.14051000415902,35.226891453369724,34.9504668616062,35.19234085083008,71024400
2009-09-09,35.21826526613365,35.66745618726214,35.062775974387556,35.49468994140625,99280800
2009-09-10,35.51196193276517,35.874768032643,35.416940346061466,35.83157730102539,99289100
2009-09-11,35.85748689170111,35.95250846730339,35.606979359489245,35.866127014160156,93868400
2009-09-14,35.63289492687368,36.030254903685126,35.59834102578363,36.00434112548828,90435600
2009-09-15,35.97843728040833,36.237585019647824,35.90932945914857,36.11664962768555,91594600
2009-09-16,36.280767666041854,36.695404615367636,36.14255534959993,36.64357376098633,96888500
2009-09-17,36.54854821207762,36.85088656448532,36.46216347193192,36.63492965698242,102169600
2009-09-18,36.78279556081387,36.85196694345649,36.49745494903338,36.696327209472656,87444200
2009-09-21,36.48881401730976,36.92114592912994,36.454226672740766,36.808738708496094,71351400
2009-09-22,37.01624902540034,37.03354269280172,36.69632112611961,36.87790298461914,75638400
2009-09-23,37.033555959037045,37.32753851488206,36.644456549196626,36.70498275756836,143924100
2009-09-24,36.851952754571535,36.91247892799118,36.11699019251632,36.37638854980469,111016400
2009-09-25,36.10834666313741,36.39368720418452,35.952710266164786,36.05646896362305,109216000
2009-09-28,36.25533400311326,36.88653784363961,36.220746677992366,36.670372009277344,84478500
2009-09-29,36.67040376335463,36.851982429830784,36.341830487041776,36.50611877441406,106686400
2009-09-30,36.65308819967184,36.834666757724534,35.97000318783964,36.53203582763672,173102700
2009-10-01,36.40233481053771,36.428276960450866,35.45120620727539,35.45120620727539,140119100
2009-10-02,35.20910800671018,35.66737872636332,35.20910800671018,35.34745407104492,145286400
2009-10-05,35.52902328615963,35.79707015813571,35.30421222785317,35.632781982421875,97054200
2009-10-06,35.83166802281797,36.436933365109745,35.8143743503604,36.263999938964844,124628000
2009-10-07,36.22075754853011,36.38504574294592,36.11699884045635,36.36775207519531,93787600
2009-10-08,36.58391791144078,36.85196151503896,36.43692338502868,36.52339172363281,107850400
2009-10-09,36.44558153725724,36.79144508814315,36.36776166108253,36.730918884277344,62828000
2009-10-12,36.87791339763407,37.06813719590206,36.55798540801701,36.808738708496094,53221900
2009-10-13,36.77414698771857,36.964374061779814,36.635800924336834,36.8173828125,70939300
2009-10-14,37.275653277163634,37.362118329281685,37.0508388641682,37.318885803222656,91004900
2009-10-15,37.12000325556786,37.284288128427285,37.06812225961938,37.2324104309082,85772800
2009-10-16,37.094076509393695,37.1718963794918,36.730916016125725,36.99031448364258,111859300
2009-10-19,37.01625426563346,37.413998776882686,36.826027195718495,37.362117767333984,83512000
2009-10-20,37.57827928834955,37.57827928834955,37.12865382025113,37.37076187133789,89847900
2009-10-21,37.36210851669821,37.88955377201174,37.2324109725842,37.30158233642578,110397400
2009-10-22,37.23242717363474,37.60423289905277,36.998967534528234,37.44859313964844,85871800
2009-10-23,37.81173115299004,37.81173115299004,37.19782091329247,37.29293441772461,117020400
2009-10-26,37.35347265964062,37.83768222271873,36.99896067305974,37.17189407348633,107068600
2009-10-27,37.120007289620524,37.275646995950865,36.471509612720695,36.60985565185547,121438200
2009-10-28,36.48016343440399,36.592570648574615,35.71061320336082,35.78843307495117,143553600
2009-10-29,35.99596640675903,36.48017617831358,35.91814650798324,36.39371109008789,85207600
2009-10-30,36.367742400452315,36.44556223541305,35.38202339147334,35.41661071777344,162796500
2009-11-02,35.45120290024571,35.94406082303331,35.13992351776314,35.5636100769043,142456600
2009-11-03,35.37339439311215,35.7279064038117,35.31286819360958,35.676025390625,95107000
2009-11-04,35.90947946453432,36.203465230394244,35.6933135572382,35.736549377441406,107970600
2009-11-05,36.151583949073824,36.66173557178755,36.12564179983099,36.618499755859375,135204800
2009-11-06,36.41962908302852,36.87790302357455,36.38504504661903,36.83466720581055,96312300
2009-11-09,37.120010172794224,37.63016185018362,37.076777650662244,37.62151336669922,101620800
2009-11-10,37.57828297061284,37.84632990048428,37.52640526049141,37.71662902832031,72846500
2009-11-11,38.00197658156116,38.16626152439129,37.707990742833545,37.958744049072266,84676200
2009-11-12,37.98468141025168,38.18355369059904,37.65610823912398,37.742576599121094,92426100
2009-11-13,37.85497221518376,38.16625164602632,37.725274651285986,38.0538444519043,87959500
2009-11-16,38.21814386133095,38.607243264020305,38.14896916821688,38.442955017089844,87776100
2009-11-17,38.3391880683929,38.56399917602539,38.26136820451431,38.56399917602539,81884000
2009-11-18,38.44294907989838,38.46889123502506,38.08843707851747,38.347835540771484,100240800
2009-11-19,38.08842750504715,38.11436965365331,37.48316237963335,37.7512092590332,114558000
2009-11-20,37.55234038050191,37.656099088854866,37.42263952123832,37.56098556518555,70912100
2009-11-23,37.95009381471101,38.39107420169671,37.92415495609914,38.166259765625,91621500
2009-11-24,38.14897162388778,38.17491378469092,37.81175321932704,38.03656768798828,60670000
2009-11-25,38.16626409273874,38.23543878812063,38.05385686195868,38.20085144042969,37630100
2009-11-27,37.15459750987181,37.898208764889915,37.094071319201035,37.62151336669922,61230000
2009-11-30,37.53506348707013,37.7166421324425,37.275664951047986,37.664764404296875,84819400
2009-12-01,37.95008574110009,38.30459769324191,37.941440556212214,38.0538444519043,81817800
2009-12-02,38.18356330257485,38.468904014748354,38.0279235138314,38.105743408203125,81653600
2009-12-03,38.24407812924157,38.477537742818654,37.94144712928824,37.95009231567383,72460400
2009-12-04,38.43429302078902,38.67639774394421,37.75120806796749,38.14895248413086,125062600
2009-12-07,38.1230279043408,38.2959613277938,37.88956827744386,37.96738815307617,67471900
2009-12-08,37.751241434906795,38.04522741505131,37.49184281676337,37.73394775390625,86621400
2009-12-09,37.69933083170532,38.14895628986919,37.45722608439777,38.11437225341797,78820500
2009-12-10,38.27866853169655,38.51212816393673,38.252729672035684,38.30460739135742,76722400
2009-12-11,38.512131549380676,38.55536408542612,38.00197970780992,38.15761947631836,66643700
2009-12-14,38.41700468695387,38.56399591829052,38.20948396799809,38.5207633972168,47965500
2009-12-15,38.399720941354985,38.62453208808768,38.192200168775685,38.30460739135742,61171100
2009-12-16,38.45159699719648,38.650469258605234,38.295957262453925,38.356483459472656,61629700
2009-12-17,38.18355415959723,38.22678669091146,37.83768731222191,37.88956832885742,90440900
2009-12-18,38.24726025105242,38.52441404748561,38.108683352835826,38.5070915222168,96442600
2009-12-21,38.70629824871342,39.08738722276978,38.688975722262306,38.940147399902344,82357400
2009-12-22,39.07006031386776,39.22595973050662,39.000770215835495,39.17399215698242,51569100
2009-12-23,39.25193756750893,39.468464144251115,39.15666534511303,39.45980453491211,73932200
2009-12-24,39.503123173636766,39.82358169555664,39.49446025729771,39.82358169555664,31770400
2009-12-28,39.918845972503284,40.100727532053675,39.78892868486221,40.03144073486328,49381400
2009-12-29,40.040108121432986,40.05743065007813,39.83224438556023,39.866886138916016,32410200
2009-12-30,39.82356584574453,40.06607454376691,39.80624332389533,39.98812484741211,57612700
2009-12-31,40.06608341615412,40.08340594183929,39.62437057495117,39.62437057495117,50079200
2010-01-04,40.12671971672952,40.26529663833719,40.07475213215123,40.20466613769531,62822800
2010-01-05,40.17868399737338,40.273956250466355,39.97947987905826,40.20466613769531,62935600
2010-01-06,40.187351606692374,40.317265627408375,39.9015348140345,39.962162017822266,96033000
2010-01-07,40.022769891110514,40.07473745665811,39.771598280196926,39.98812484741211,77094100
2010-01-08,39.90153752991166,40.31726837158203,39.780283114083005,40.31726837158203,88886600
2010-01-11,40.36923281587791,40.3952149589753,39.94483908965676,40.152706146240234,104673400
2010-01-12,39.910202416622994,39.96216670943615,39.433841039601056,39.650367736816406,90673900
2010-01-13,39.77162439368991,40.26530833070507,39.5031333885729,40.14405059814453,100661000
2010-01-14,40.06610086468999,40.29129049273189,40.03145910216733,40.17869567871094,75209000
2010-01-15,40.2479717064697,40.3172585111684,39.53776461265332,39.71098327636719,126849300
2010-01-19,39.80626151363008,40.39521430989592,39.79760190071502,40.35190963745117,84388200
2010-01-20,40.06609814110646,40.360574578111354,39.34723123261328,39.77162170410156,145680000
2010-01-21,39.884210417667106,40.14404175087662,39.234630432676,39.399192810058594,204939600
2010-01-22,39.26927476522385,39.390529164883446,38.1433368061831,38.24726867675781,171098700
2010-01-25,38.481125341699965,38.628361911632695,38.21263104460853,38.377193450927734,154218700
2010-01-26,38.33388116678256,38.87952931400189,38.151999552354404,38.41183090209961,140816500
2010-01-27,38.342532160653455,38.84487217342388,38.117342638015735,38.71495819091797,161632700
2010-01-28,38.45512163957984,38.481103771725216,37.519725235145714,37.718929290771484,221439800
2010-01-29,38.0307417725096,38.12601402989143,36.92212634974193,37.06070327758789,212099600
2010-02-01,37.15597024281231,37.48508833461077,37.138647716307005,37.46776580810547,136827100
2010-02-02,37.52839580901239,37.918141086483786,37.26856121878605,37.80554962158203,110727700
2010-02-03,37.62366012734543,38.0826987574891,37.60633760319533,38.01340866088867,93581600
2010-02-04,37.73626555063553,37.81421527938106,36.9134635925293,36.9134635925293,151652500
2010-02-05,37.008738828317064,37.25991056381207,36.480413213632694,37.22526550292969,213618600
2010-02-08,37.16463124308978,37.39848040375011,36.930782082429445,36.956764221191406,94354400
2010-02-09,37.39848349079646,37.6842969525731,37.03471699843087,37.33785629272461,118956000
2010-02-10,37.337856495877396,37.511078478711376,37.02605758756313,37.25990676879883,94102900
2010-02-11,37.26856448810035,37.92680732864691,37.0347153187431,37.822872161865234,93050800
2010-02-12,37.4850871597981,38.004753026868165,37.38115530795769,37.90081787109375,93938500
2010-02-16,38.17798144545746,38.41182732570112,37.97877401513433,38.38584518432617,83861400
2010-02-17,38.55905892541455,38.60236358642578,38.33386940186197,38.60236358642578,82691700
2010-02-18,38.57640337594975,38.91418454932659,38.49845362025235,38.84489440917969,65752600
2010-02-19,38.74094397634337,39.018097796520046,38.645671731169976,38.82755661010742,80416500
2010-02-22,38.98344526324661,39.00076778667574,38.593700049858434,38.74959945678711,72055000
2010-02-23,38.72362666282106,38.74961210841568,38.06538707726842,38.24726867675781,95814400
2010-02-24,38.446471785442256,38.79291575008046,38.385844587220745,38.63701629638672,86591000
2010-02-25,38.2299448750108,38.714965761437604,37.96145394296955,38.628353118896484,97961300
2010-02-26,38.61968549121063,38.85353462163524,38.45512646043797,38.76692199707031,66222400
2010-03-01,38.94015777447003,39.39919658788802,38.9314981609044,39.32990646362305,77290100
2010-03-02,39.46847914540625,39.71098794627142,39.364547274168984,39.45115661621094,76368500
2010-03-03,39.54642482713997,39.68500174258417,39.347220717684834,39.49445724487305,65735500
2010-03-04,39.52043872477412,39.67633815200667,39.32123463529562,39.62437057495117,54470900
2010-03-05,39.91885269435013,40.308601318968364,39.832243357294715,40.221988677978516,68136300
2010-03-08,40.23932243235632,40.39522192569728,40.22199989932562,40.299949645996094,58712400
2010-03-09,40.21332851546156,40.75031366651137,40.18734637548743,40.52512741088867,98002800
2010-03-10,40.55109690315322,40.94950501018861,40.533774380595155,40.85423278808594,102578900
2010-03-11,40.75897110349811,41.01013946533203,40.6896810009688,41.01013946533203,67510300
2010-03-12,41.14005701909121,41.166039155739135,40.7936131120937,41.018802642822266,64068300
2010-03-15,40.93219807043295,41.036133245349234,40.629062070096985,40.914878845214844,60150500
2010-03-16,41.044799611408436,41.235344159505594,40.90622265932009,41.17471694946289,74950600
2010-03-17,41.23533201839244,41.48650370257864,41.166041910782106,41.287296295166016,75643500
2010-03-18,41.3219566762532,41.46919655757279,41.226684394917356,41.4258918762207,77829400
2010-03-19,41.54812855616502,41.574141738133264,41.027911221256154,41.17530822753906,86337100
2010-03-22,41.01056036650201,41.712856576906034,40.967209483567025,41.548118591308594,71902800
2010-03-23,41.608813386200865,41.87759084222444,41.418065534214854,41.8342399597168,59182600
2010-03-24,41.7648831449312,41.7648831449312,41.53945653232001,41.634830474853516,62995700
2010-03-25,41.98165638563257,42.13772229325264,41.53080299413249,41.574153900146484,76294800
2010-03-26,41.74753335690426,41.90359916181478,41.39205086959919,41.61747741699219,78067900
2010-03-29,41.82557813777746,41.96430296960007,41.70419101590441,41.8169059753418,57993300
2010-03-30,41.94697384276321,42.09436757134181,41.669524100470205,41.95564270019531,49437300
2010-03-31,41.82558967471225,42.00766544655326,41.67819263979681,41.7562255859375,59947400
2010-04-01,41.929632500412566,42.22442326278164,41.435424944008794,41.7562255859375,83728600
2010-04-05,41.851586890308845,42.24175150295153,41.738871933887445,42.14637756347656,56220300
2010-04-06,42.051007275703626,42.39782102982788,41.9556333279464,42.267765045166016,54097100
2010-04-07,42.20706624787603,42.37180093510361,41.938285466910514,42.16371536254883,77211500
2010-04-08,42.04235545448155,42.32847410621865,41.82559759719552,42.25911331176758,68314300
2010-04-09,42.26776473750712,42.52787339747649,42.16372193501158,42.51053237915039,54227300
2010-04-12,42.52786314845066,42.65791910082297,42.43248922437234,42.545204162597656,44280600
2010-04-13,42.50186566166334,42.78798420978377,42.36314081553741,42.7619743347168,59376000
2010-04-14,42.98739909501168,43.282186463466196,42.918035026579446,43.27351760864258,69004800
2010-04-15,43.23884918888046,43.5162989350473,43.23884918888046,43.46427917480469,72254200
2010-04-16,43.30818923323481,43.4555828820343,42.65791613155699,42.944034576416016,127388000
2010-04-19,42.787977629596945,43.05675842464552,42.397816333748665,42.918033599853516,98251700
2010-04-20,43.15213334480747,43.24750728417339,42.85734267197678,43.13479232788086,69543700
2010-04-21,43.42958271229956,43.51628448889601,43.10878216993978,43.377559661865234,74748700
2010-04-22,42.96138915529086,43.66368551755292,42.70994934945445,43.62033462524414,110477200
2010-04-23,43.61165843354417,43.84575719933926,43.42958271819047,43.802406311035156,77205200
2010-04-26,43.845740766267475,43.91510480752551,43.61164208821091,43.70701599121094,67361000
2010-04-27,43.533628221102845,43.72437611046579,42.666597171214505,42.77931213378906,112608000
2010-04-28,43.00474131089059,43.030754493008864,42.46718295405628,42.80532455444336,130082100
2010-04-29,43.0480918934521,43.637673257503515,43.0134098585171,43.550968170166016,84180200
2010-04-30,43.53362959010159,43.60299366385521,42.65792965745913,42.69261169433594,110897000
2010-05-03,42.87468095044034,43.498940982621804,42.857339934621336,43.290855407714844,74169700
2010-05-04,42.76195994314075,42.76195994314075,41.686843574361504,41.99030303955078,141136500
2010-05-05,41.54812583312443,42.05100542371088,41.305358200405976,41.773555755615234,128560200
2010-05-06,41.48742288888412,41.8949284275133,36.9701931676519,40.37762451171875,274356800
2010-05-07,40.07419144496435,40.577067925521334,38.39214845086359,39.37189483642578,288200400
2010-05-10,41.123284858658245,41.44408543583294,41.0192420539591,41.41807556152344,136041600
2010-05-11,41.00190548279861,41.95563846215931,40.923872543944626,41.37472915649414,113016100
2010-05-12,41.60013773877229,42.189718952353125,41.53077699406516,42.15503692626953,85462400
2010-05-13,41.97297296551486,42.30244569034736,41.383391587377126,41.48743438720703,102844300
2010-05-14,41.175316071483024,41.201325950945034,40.212910841847325,40.68977737426758,147386100
2010-05-17,40.767785924705684,40.984543610412885,39.944106057526355,40.81980895996094,120969600
2010-05-18,41.16663423825514,41.2533393285345,40.074176560423204,40.25625228881836,153072100
2010-05-19,40.10886656605089,40.42967052909002,39.49327513556274,39.935462951660156,159000300
2010-05-20,39.15512382601392,39.259166630549196,38.36612566774407,38.45282745361328,189289800
2010-05-21,37.854577154752505,39.571298311415596,37.707183457432365,38.8776741027832,190631100
2010-05-24,38.86033587463732,39.30252361327283,38.70427000305554,38.72161102294922,113038000
2010-05-25,37.87191459827466,38.808306364667295,37.481749984169056,38.75628662109375,155643000
2010-05-26,39.02506212717541,39.510600656367714,38.25340510052846,38.32276916503906,140203200
2010-05-27,39.189800824408906,39.788051007891475,39.09442688773907,39.77070999145508,110671600
2010-05-28,39.84008783987615,39.874769884747195,39.189814382122336,39.536624908447266,128535300
2010-06-01,39.3892317297531,40.10019712224239,39.1291230045066,39.1724739074707,104242700
2010-06-02,39.39787782113873,40.12618381545149,39.12910039359829,40.10017395019531,97249300
2010-06-03,40.21291187190142,40.55105354341616,39.9528031482333,40.481689453125,98928400
2010-06-04,39.6233184701047,40.13486690671564,38.96437303949016,39.09442901611328,112849900
2010-06-07,39.29383112957726,39.415214898600496,38.34009868085787,38.38344955444336,88436600
2010-06-08,38.452819356111384,38.56553429997443,37.79387732286832,38.31409454345703,133030100
2010-06-09,38.58288278641787,38.93836539439878,37.880586425911694,37.99330139160156,101949200
2010-06-10,38.46149242370253,39.12043447247371,38.357449638625084,39.077083587646484,76892300
2010-06-11,38.678259654788064,39.4845988789636,38.678259654788064,39.44991683959961,74346800
2010-06-14,39.81405865981158,40.09151159986963,39.37187434144067,39.44123840332031,68085000
2010-06-15,39.6493258545435,40.55103885698257,39.4065582413717,40.49901580810547,76332600
2010-06-16,40.38631523181786,40.87185059122906,40.316951147638214,40.66376495361328,78399700
2010-06-17,40.889197217277385,40.90653824069936,40.43834053069196,40.7938232421875,77111900
2010-06-18,40.871115537153486,41.1230318201842,40.70606865192407,40.82768249511719,75921400
2010-06-21,41.34888729598653,41.41838281703263,40.24567406607468,40.4802131652832,95488100
2010-06-22,40.653958871600324,40.94930828281784,40.089322532972204,40.167503356933594,94493400
2010-06-23,40.210939985374885,40.36730164719427,39.6897333414003,40.00245666503906,92397600
2010-06-24,39.8287196741859,39.950336872985154,39.264083305830766,39.39438247680664,114145900
2010-06-25,39.61110781462039,39.741666523323644,39.12369571865277,39.402217864990234,88740300
2010-06-28,39.40220046479542,39.645906405157554,39.00182547127351,39.262939453125,71350000
2010-06-29,38.66236302256828,38.69717909598348,37.48734876687493,37.74846267700195,136384200
2010-06-30,37.62663725801907,38.009604384933574,37.11311142043698,37.17403793334961,101313200
2010-07-01,37.287179477231824,37.39162442807978,36.35587064157853,37.069583892822266,158695000
2010-07-02,37.130516587545834,37.26977765199941,36.6343988379146,36.965145111083984,78565300
2010-07-06,37.51348409286253,37.748487764230745,36.77366030244998,37.07829284667969,88591900
2010-07-07,37.20014442007522,38.30552712198755,37.165328327980816,38.26200866699219,72448400
2010-07-08,38.56663260880155,38.62755909107065,38.01829094813532,38.470890045166016,78264600
2010-07-09,38.45347796071132,38.84515053428458,38.36644108669233,38.83644485473633,47851200
2010-07-12,38.801648252332775,39.19331766873359,38.69719997573028,38.94961166381836,60927500
2010-07-13,39.28905487132456,39.602393017648424,38.993124768712555,39.454429626464844,93310500
2010-07-14,39.53276100309318,39.87221287648363,39.37609524954086,39.65461730957031,87687100
2010-07-15,39.576298147430904,39.81130184942185,39.158514895084615,39.68944549560547,95992500
2010-07-16,39.55017364156114,39.71554841658415,38.557938272404066,38.59275436401367,98831900
2010-07-19,38.70591964530865,39.001849895459685,38.383875656448126,38.92351531982422,81800800
2010-07-20,38.29682475747045,39.39350509643555,38.17497175539048,39.39350509643555,89061200
2010-07-21,39.81130085585489,39.82870558571957,38.78424914104331,38.853878021240234,83577000
2010-07-22,39.40222246831577,40.02019334518362,39.37611205162302,39.8374137878418,82890300
2010-07-23,39.56759687731849,40.12464127593989,39.497967987614075,40.08982849121094,81056100
2010-07-26,40.14204060535423,40.4379707928455,39.959261074321745,40.420562744140625,64850900
2010-07-27,40.59464150353767,40.66427370108896,40.22037674231435,40.40315628051758,67655600
2010-07-28,40.35963403154764,40.542416872852264,39.93314848240997,40.081111907958984,51988200
2010-07-29,40.31610520796621,40.39443974260291,39.38479647408802,39.78517150878906,85669500
2010-07-30,39.45442083168207,40.11590974405623,39.22811963411747,39.8722038269043,98958100
2010-08-02,40.37702921800602,40.725183421717084,40.2203601583605,40.62073516845703,68706800
2010-08-03,40.594630115448425,40.64685424896135,40.2551815482269,40.4466667175293,60856600
2010-08-04,40.62945306134016,40.89927281632593,40.472783954605916,40.855751037597656,43820600
2010-08-05,40.655546266386686,40.83832570680665,40.4901748660416,40.75999450683594,39150200
2010-08-06,40.3161105639033,40.777412151244505,40.08110692877329,40.69907760620117,71339200
2010-08-09,40.90796411202958,41.073335537619926,40.72518464370689,40.977596282958984,26927600
2010-08-10,40.64684889189432,40.86444443915259,40.28128664597325,40.62073516845703,86694500
2010-08-11,39.95054141022968,39.96794613115196,39.34997561083602,39.515350341796875,92219700
2010-08-12,38.7581332295994,39.37610735297224,38.688504353311934,39.202030181884766,66000200
2010-08-13,39.05407073238566,39.21944556997526,38.914809633505556,38.92351531982422,46387300
2010-08-16,38.73201947096449,39.26295330281701,38.55794231491104,38.993133544921875,55472900
2010-08-17,39.27165836782989,39.846110698148365,39.193323808229835,39.489253997802734,56927100
2010-08-18,39.410908556496594,39.88091578432371,39.26294516268708,39.645912170410156,61835400
2010-08-19,39.41092348202802,39.56759261730343,38.7842502611725,39.04536437988281,82969500
2010-08-20,38.98443262264517,39.19332256143637,38.76683699959435,39.09757995605469,65806700
2010-08-23,39.341287481173914,39.463140493173505,38.69720300600321,38.7146110534668,69612200
2010-08-24,38.270709561413824,38.401264910063816,37.83551842542411,37.9921875,79095800
2010-08-25,37.722378724247356,38.52312905263648,37.66145221318496,38.357757568359375,87247900
2010-08-26,38.48831420758868,38.575351127217935,37.86163776147191,37.896453857421875,91199000
2010-08-27,38.17497803517219,38.436092128331865,37.40033812002528,38.357757568359375,109568800
2010-08-30,38.17496632230118,38.51441487128349,37.94866507614976,37.95737075805664,49373200
2010-08-31,37.757195311934524,38.16627284576864,37.583118140820964,37.82682418823242,72066900
2010-09-01,38.38386076326119,39.08887167043157,38.35775035492921,38.95831298828125,83523100
2010-09-02,39.02794609019561,39.41091314248201,38.93220349706269,39.39350509643555,41816800
2010-09-03,39.828695758989376,40.05499703434886,39.64591625829189,40.04629135131836,64041100
2010-09-07,39.8809113017694,40.0636907630764,39.71553988252658,39.776466369628906,51195200
2010-09-08,39.88961761577583,40.42925364734838,39.88091193448337,40.25517654418945,66879800
2010-09-09,40.61204900456577,40.64686510287131,40.31611880946044,40.411861419677734,61476400
2010-09-10,40.45536950524539,40.62074094940852,40.25518197170739,40.559814453125,66995700
2010-09-13,40.87314911452726,41.23000569942761,40.85574107133154,41.12556076049805,64523400
2010-09-14,41.0733507803508,41.51724773414868,40.97761149016005,41.299652099609375,91405800
2010-09-15,41.19519769472158,41.6042751362465,41.0733413782671,41.56075668334961,67108200
2010-09-16,41.48242163505974,41.760943714503455,41.377976685329614,41.72612762451172,66885800
2010-09-17,41.998319412580095,41.998319412580095,41.658075973759274,41.86745834350586,76372600
2010-09-20,42.02449527657671,42.687536742183326,41.97215217477948,42.60029602050781,84475000
2010-09-21,42.62647324708347,42.89692151709962,42.40836808583398,42.591575622558594,82272000
2010-09-22,42.41708405959617,42.76605359311966,42.24259929283443,42.478153228759766,88315900
2010-09-23,42.198975523782465,42.888188466396954,42.15535516762126,42.46070098876953,85040000
2010-09-24,42.940553157515694,43.35058867348395,42.8794839673072,43.32441711425781,79495900
2010-09-27,43.298234332312774,43.40292387010349,43.053954306773896,43.08885192871094,43859800
2010-09-28,43.19354567878555,43.21972056180113,42.39092026408309,43.071407318115234,104922900
2010-09-29,43.0103478053205,43.21100420409814,42.84458903972718,43.001625061035156,81679200
2010-09-30,43.21970815461478,43.48143361349139,42.530495228091226,42.809669494628906,122458600
2010-10-01,43.167374443576044,43.21099481156419,42.556679307679715,42.7573356628418,77675400
2010-10-04,42.63519591102009,42.7922318930734,42.05067567739326,42.294952392578125,71359900
2010-10-05,42.77479107436014,43.41165786369244,42.748619515134,43.32441711425781,99301300
2010-10-06,43.27206305077783,43.36802985507603,42.670093998390065,42.94926834106445,81831200
2010-10-07,43.1935449024632,43.219719785008344,42.748611835443796,43.10630416870117,75693300
2010-10-08,43.123760636850854,43.50762459278035,42.8184146864548,43.40293502807617,83223900
2010-10-11,43.42911001247085,43.63849248641432,43.289522805849046,43.420387268066406,46880000
2010-10-12,43.35056930430797,43.80422832031847,42.97542825891505,43.71698760986328,88571700
2010-10-13,43.99616997269796,44.27534429114929,43.865305554914976,44.07468795776367,71122900
2010-10-14,44.10086526768024,44.179383262996836,43.7693444732301,43.987449645996094,68464000
2010-10-15,44.52835044398183,44.92966314127604,44.170658113259485,44.92094039916992,104654000
2010-10-18,44.92966133146916,45.121594930278896,44.75517654418945,44.75517654418945,72399400
2010-10-19,44.336421966552734,44.755183524524746,43.987452337565536,44.336421966552734,105739800
2010-10-20,44.458550064887895,44.99072712850936,44.38003208291063,44.65920639038086,80861400
2010-10-21,44.93840175132105,45.112886607240505,44.31026092924158,44.7464714050293,85885400
2010-10-22,44.75516905444568,45.09541250229035,44.676651079710766,45.05179214477539,47406900
2010-10-25,45.23501127883272,45.5665320716586,45.23501127883272,45.2699089050293,51413900
2010-10-26,45.0430626726085,45.49672164460683,44.859851873595325,45.39202880859375,60498300
2010-10-27,45.15649789921779,45.56653672888446,45.069257152830524,45.531639099121094,57483400
2010-10-28,45.72356460962306,45.75846223318505,45.226285121936755,45.62759780883789,61220000
2010-10-29,45.62759297395488,45.79335500429921,45.51417737340669,45.52290344238281,46668700
2010-11-01,45.68867285018312,46.0201936605314,45.34842929683506,45.55781173706055,60555600
2010-11-02,45.932943924277204,46.17722061669075,45.87187475117382,46.046356201171875,48137500
2010-11-03,46.08997860062443,46.2731861148026,45.67993988297024,46.2557373046875,126225800
2010-11-04,46.76173814237365,46.98856933933231,46.674497422325025,46.82280731201172,84201000
2010-11-05,46.84898219044242,46.944948979307995,46.68322016312183,46.82280731201172,77937100
2010-11-08,46.74428585726651,46.96239095366357,46.63087027529454,46.883872985839844,39623500
2010-11-09,47.06708871773686,47.14560669932277,46.421496054917164,46.63087844848633,66828700
2010-11-10,46.69194741739405,46.91005255107319,46.32552906224256,46.866432189941406,83553700
2010-11-11,46.159781588019364,46.65706114753935,45.94167640128179,46.569820404052734,85163600
2010-11-12,46.3255345843747,46.56108855618929,45.46184001574182,45.81080627441406,99164300
2010-11-15,46.046361282550315,46.13360534519737,45.61887702365223,45.63632583618164,56723400
2010-11-16,45.31353165861499,45.58398328384113,44.3625929268456,44.88604736328125,101097000
2010-11-17,44.9122133804186,45.25245689172153,44.79879776731077,45.016902923583984,77836200
2010-11-18,45.50546240565004,46.055088364325336,45.47929085029148,45.74101638793945,71488300
2010-11-19,45.67993501304168,45.880591315943015,45.48800145025784,45.775901794433594,54506100
2010-11-22,45.59270004718077,46.15977478027344,45.514182058414406,46.15977478027344,69918900
2010-11-23,45.68867794551505,45.75847320938098,45.16522677860603,45.42695236206055,76818300
2010-11-24,45.87187863177262,46.456398860359165,45.85442981969264,46.34298324584961,53444200
2010-11-26,46.04635472953838,46.35170391331673,45.950387938294334,46.03763198852539,23640300
2010-11-29,45.976590274131716,46.15107515077421,45.453135644204224,46.00276184082031,89269100
2010-11-30,45.52289586678762,46.011452479522184,45.26117041740183,45.44437789916992,118862100
2010-12-01,46.11614428009092,46.639595204814974,46.09869547219748,46.4040412902832,81758800
2010-12-02,46.47384374274405,46.94495164500612,46.42149731093038,46.87515640258789,56844600
2010-12-03,46.67450069917235,47.05836455356419,46.67450069917235,46.99729537963867,38014200
2010-12-06,47.00602183482886,47.06709100925554,46.83153705302959,46.9798469543457,39312000
2010-12-07,47.54691167765327,47.56436048497074,46.953665540938225,47.006011962890625,59067300
2010-12-08,47.1281612258087,47.241576835689195,46.840260830270616,47.18050765991211,48066900
2010-12-09,47.46841309872684,47.4945846563838,47.06710035055519,47.22413635253906,51679800
2010-12-10,47.36371939196773,47.59054730384495,47.18923459082023,47.538204193115234,44696200
2010-12-13,47.72142145559228,47.75631908853314,47.34628022153164,47.37245178222656,53110200
2010-12-14,47.49458439467078,47.65162039578933,47.311376836039486,47.45969009399414,69884800
2010-12-15,47.43349740686647,47.72139774354303,47.13687433029962,47.25028991699219,76951900
2010-12-16,47.29392406054778,47.68651403046244,47.1630629559234,47.616722106933594,65519400
2010-12-17,47.67616718631893,47.79854771794377,47.56252669211612,47.65868377685547,36844200
2010-12-20,47.7461000032216,47.86848054128935,47.34399156825052,47.69365310668945,48159600
2010-12-21,47.877215774670134,47.982112884521484,47.74609188639169,47.982112884521484,35775400
2010-12-22,47.96463004196761,48.04330370893738,47.89469974611617,47.97337341308594,35766500
2010-12-23,47.88596140909649,47.964635084336976,47.73735743065301,47.85099792480469,21664800
2010-12-27,47.711106159886505,47.955867080287774,47.38766827550775,47.877193450927734,29263700
2010-12-28,47.9733690177313,48.008332495144124,47.684897820399065,47.789794921875,24160500
2010-12-29,47.92092254044102,47.99085616996322,47.842248874538036,47.89469909667969,24132700
2010-12-30,47.894695923574666,47.9034359593764,47.68489838352649,47.78105545043945,27553300
2010-12-31,47.719868355414995,47.74609179917518,47.38769028443698,47.60622787475586,38540100
2011-01-03,48.05204337083508,48.681429323390816,48.03455996456704,48.3492546081543,90994300
2011-01-04,48.52407564210673,48.559042450060126,48.008326895958355,48.31428146362305,43851500
2011-01-05,48.16567684902085,48.74261587354342,48.13945340892117,48.725135803222656,43787400
2011-01-06,48.77759494404575,48.91745888409745,48.672697822661824,48.88249206542969,46139600
2011-01-07,48.9698918618756,48.99611529932923,48.35798608921821,48.838768005371094,72261700
2011-01-10,48.73388290457897,49.1097678287291,48.585278942975854,49.02235412597656,55551800
2011-01-11,49.22340139718857,49.26710824242676,48.90870677608396,49.09227752685547,56663800
2011-01-12,49.32830745105967,49.44194793701172,49.12725325875629,49.44194793701172,51979300
2011-01-13,49.47691840001601,49.59055890200283,49.31083100066575,49.45943832397461,47364500
2011-01-14,49.47691471497181,49.844059642269016,49.354534184079206,49.826576232910156,43867400
2011-01-18,49.45068185729612,50.0276209178637,49.380751567788494,49.9664306640625,65805600
2011-01-19,50.05384422498479,50.05384422498479,49.23214415142232,49.398231506347656,67767200
2011-01-20,49.18845175341667,49.25838206327903,48.672702796530466,49.048587799072266,92357800
2011-01-21,49.29334501486404,49.38076206360237,48.646475527297596,48.672698974609375,59673300
2011-01-24,48.76884042077408,49.3545194537065,48.67268336530915,49.34577941894531,64103300
2011-01-25,49.10103100077277,49.43320911781192,48.996133876567576,49.41572570800781,55305100
2011-01-26,49.48564532341312,49.809079976581856,49.34578141923595,49.67795944213867,60547700
2011-01-27,49.83529472953231,50.132505890927895,49.75662108873294,49.98390197753906,53656100
2011-01-28,49.97519114290129,50.01890134316997,48.489137703128726,48.71641540527344,123359900
2011-01-31,48.78633571780561,49.09228702830608,48.41919081058586,48.952423095703125,70571300
2011-02-01,49.319565516491295,49.983921708745186,49.26711862500021,49.87028121948242,76952900
2011-02-02,49.76536058154088,49.97515471758982,49.68668694686811,49.79158401489258,48661000
2011-02-03,49.69543517922266,49.948939525507996,49.302070275573676,49.87900924682617,45341900
2011-02-04,49.87027740708359,50.1937121068238,49.73915685376031,50.158748626708984,47647800
2011-02-07,50.25491145030493,50.674503271265145,50.17623777546118,50.394775390625,45627100
2011-02-08,50.412253099815636,50.761914601517894,50.316099354735776,50.72694778442383,38099900
2011-02-09,50.64826640282087,50.805613721171156,50.48217904883721,50.6395263671875,62540800
2011-02-10,50.30735276030421,50.78813479337998,50.25490587264223,50.718204498291016,70194700
2011-02-11,50.56960492463189,51.120320671511905,50.49967461886431,51.08535385131836,47853500
2011-02-14,51.08534548895571,51.277659633920024,51.032898601870144,51.20772933959961,48506100
2011-02-15,51.08533665260229,51.198977112662625,50.90176591031755,51.137786865234375,39723800
2011-02-16,51.26893553284808,51.60985374334316,51.2514521201791,51.46998977661133,53061700
2011-02-17,51.216466960943585,51.54864501350479,51.18150014812266,51.45248794555664,38361900
2011-02-18,51.452477120371455,51.54863416808894,51.14652257448691,51.338836669921875,44334300
2011-02-22,50.63952744095301,50.81435816889587,49.77411717167618,49.85279083251953,92598100
2011-02-23,49.85279635840595,50.02762710572776,49.06606299738653,49.44194793701172,97842900
2011-02-24,49.54683816857062,49.852789432917056,49.07479621676298,49.704185485839844,98716100
2011-02-25,49.98392360703882,50.45596565610132,49.93147337893652,50.394775390625,54094600
2011-02-28,50.59582137522748,50.74442532877528,50.202453064926196,50.499664306640625,51402800
2011-03-01,50.71821591511333,50.71821591511333,49.56433744214238,49.68671798706055,91993900
2011-03-02,49.66047245444184,50.27237490693356,49.64298905085375,49.94894027709961,61552900
2011-03-03,50.412248668791406,51.0241545756768,50.412248668791406,50.93674087524414,64146600
2011-03-04,50.91927205483267,50.92801209353208,50.3423327966949,50.67451095581055,62328400
2011-03-07,50.88430210226975,50.92800896231934,49.53810947117644,49.99266815185547,98470000
2011-03-08,49.93145830564743,50.42098361629966,49.62550707062627,50.193702697753906,62399100
2011-03-09,50.010138154206224,50.062588372974716,49.58180637209594,49.85279083251953,84764200
2011-03-10,49.293339996349175,49.40698048082964,48.87374820898181,49.07480239868164,102894400
2011-03-11,48.79507389022731,49.52936034199038,48.79507389022731,49.38075637817383,81679400
2011-03-14,49.1097755283125,49.46817710117963,48.83004763410495,49.2059326171875,73565800
2011-03-15,47.76356970401375,48.795067278256006,47.61496576033375,48.50659942626953,101276500
2011-03-16,48.10448926261188,48.37547705224787,47.003061367398004,47.33523941040039,176507700
2011-03-17,48.08701113069154,48.28806865336797,47.31776119411186,47.77231979370117,94434500
2011-03-18,48.338688172405924,48.338688172405924,47.629626185133546,47.664642333984375,94887200
2011-03-21,48.391208164330976,48.8288999989268,47.70840997094506,48.58379364013672,57423000
2011-03-22,48.65381180502769,48.68007223889251,48.39119410908866,48.49624252319336,36162100
2011-03-23,48.32117591510104,48.9076813306252,47.98852920846094,48.76762008666992,60365100
2011-03-24,49.135289810189704,49.73930338308874,48.86391965112403,49.63425827026367,69502400
2011-03-25,49.79184065329783,50.089471333710094,49.66053172337412,49.7568244934082,74131100
2011-03-28,49.97565537279287,49.98440774045646,49.45917885822255,49.48543930053711,37824000
2011-03-29,49.37165003607285,49.96691131591797,49.222833046449395,49.96691131591797,47994800
2011-03-30,50.21202566832521,50.273302279829544,49.966919222307894,50.203269958496094,44935900
2011-03-31,50.11571558286887,50.3170534281598,50.02817855076802,50.273284912109375,50004300
2011-04-01,50.52715074612689,50.6847200871113,50.150735469255686,50.2995491027832,68031800
2011-04-04,50.43961512007537,50.49213935179312,49.91438616019503,50.13323211669922,48659100
2011-04-05,50.03694257884913,50.32582086288478,49.89688129125368,50.00192642211914,55349400
2011-04-06,50.38709137617976,50.5359050153053,49.83559866198842,50.124473571777344,49532100
2011-04-07,50.10697035705375,50.42210572112677,49.730555054587526,50.08946228027344,60697000
2011-04-08,50.31707519278122,50.395859891479745,49.5905081619616,49.85312271118164,42782200
2011-04-11,50.04569390228033,50.1507423702745,49.511712550269905,49.68678665161133,42451700
2011-04-12,49.4591873402126,49.581740544462825,49.15280432958705,49.34538650512695,50422800
2011-04-13,49.71305832063259,49.89688815978327,49.37165909383133,49.76557922363281,49979800
2011-04-14,49.42416981145194,49.74806423005463,49.22283193301809,49.67803192138672,53544100
2011-04-15,49.48544759771323,49.78307823803556,49.26660163686812,49.59049606323242,68530000
2011-04-18,49.09151612652983,49.25783781594778,48.426222690210885,49.24032974243164,69065000
2011-04-19,49.37162931511903,49.54670333862305,49.10901160121711,49.54670333862305,38608400
2011-04-20,50.422107510340844,50.719738147519095,50.360830909097466,50.66721725463867,67397500
2011-04-21,51.15741846704767,51.183682246858126,50.9123121176405,51.069881439208984,43666800
2011-04-25,51.11366962112579,51.22747047256429,51.01737684985666,51.201210021972656,25376800
2011-04-26,51.332501005660355,51.67390012349304,51.21870018660816,51.49007034301758,49400000
2011-04-27,51.586370730284465,51.90150945169209,51.35001668922874,51.840232849121094,56465500
2011-04-28,51.6826556087594,51.84897731333368,51.54259434719056,51.76144027709961,48100000
2011-04-29,51.66515383832408,51.9015078721869,51.63013768382789,51.71767807006836,44831200
2011-05-02,51.79646158287059,51.94527857606388,51.49007856647917,51.62138748168945,48149400
2011-05-03,51.595120059266016,51.64764428951376,51.06113874537286,51.37627410888672,38100000
2011-05-04,51.40253762620865,51.533843192158486,50.86855297576979,51.297489166259766,53097200
2011-05-05,51.04362065219075,51.62137371424501,50.84228281806978,51.017356872558594,72200000
2011-05-06,51.525095927165935,51.82272658118705,51.043635459011796,51.18369674682617,72507000
2011-05-09,51.27122898771543,51.57761198251677,51.06989111408539,51.37627410888672,40022000
2011-05-10,51.52508613876861,51.892745697189106,51.45505383850344,51.813961029052734,38053600
2011-05-11,51.73518788423141,51.91902104371189,51.087405659113244,51.437557220458984,61900000
2011-05-12,51.27997474575472,51.813955956038,50.982344177416,51.743927001953125,66100000
2011-05-13,51.621376800199236,51.70891383267665,51.113652661723755,51.131160736083984,63506600
2011-05-16,50.89481818053262,51.052387545866885,50.13323514096663,50.24703598022461,73115300
2011-05-17,49.984402152929164,50.395833512925435,49.87935705608965,50.387081146240234,63136000
2011-05-18,50.31704264896734,50.89479561930522,50.255766071759005,50.80725860595703,42351100
2011-05-19,50.96484472759473,51.06988984615803,50.64095032476138,50.95608901977539,35015800
2011-05-20,50.90356963271004,50.95609052387993,50.50089054423704,50.5709228515625,44703300
2011-05-23,49.87935985335127,50.02817680993279,49.5904849860115,49.82683563232422,43700000
2011-05-24,49.94939387834235,49.95814624582158,49.511702039259056,49.52045440673828,39314800
2011-05-25,49.459188718222784,49.94940488820622,49.43292827067304,49.713050842285156,41369000
2011-05-26,49.56421695056564,50.159478047139125,49.55546458414102,50.01941680908203,40564100
2011-05-27,50.10696321538828,50.32580913496412,50.06319136001412,50.273284912109375,30127200
2011-05-31,50.745991806765396,51.0873908996582,50.48337403747217,51.0873908996582,47590100
2011-06-01,50.964846879375976,51.08740007942816,49.931893708473,49.97566223144531,51795000
2011-06-02,50.07195136711929,50.255781153913055,49.80058120138277,50.08070373535156,50198100
2011-06-03,49.50294682050736,49.88811777986526,49.2578404567878,49.3278694152832,57773700
2011-06-06,49.21407200652819,49.48543881263318,48.89893334456545,48.925193786621094,50175600
2011-06-07,49.05651151930793,49.24909369464037,48.802649402592024,48.83766555786133,46311100
2011-06-08,48.73262092335599,48.82016131841157,48.3474532030853,48.48751449584961,46426400
2011-06-09,48.50502185369793,48.81140488352567,48.34745248426522,48.57505416870117,45307500
2011-06-10,48.34742420944072,48.443716916593424,47.78717937435877,47.83094787597656,53740600
2011-06-13,47.85720830908271,48.08480986041138,47.66462623409993,47.83094787597656,37736800
2011-06-14,48.198626852349086,48.55753402928429,48.17236307108396,48.44373321533203,40565300
2011-06-15,47.97978568546651,48.27741630114721,47.428292974785535,47.52458572387695,59022400
2011-06-16,47.55083803230051,47.70840735124868,46.938068829649126,47.34074783325195,66316200
2011-06-17,47.727675615921996,47.90314232919657,47.05211806001323,47.1924934387207,70337000
2011-06-20,47.06088148009249,47.578516222264646,47.06088148009249,47.438140869140625,37402900
2011-06-21,47.60482148449029,48.508490690764376,47.40303218319336,48.455848693847656,55892800
2011-06-22,48.25408206684646,48.534832822035796,48.09615934870083,48.10493469238281,36833300
2011-06-23,47.58728809994658,48.57868749497826,47.429365420827665,48.5523681640625,80743300
2011-06-24,48.324268463829576,48.36813513910878,47.61361627578051,47.71012496948242,56298300
2011-06-27,47.76276695213967,48.71907526549643,47.65748625480869,48.473419189453125,49968900
2011-06-28,48.578682006508245,49.201600657904734,48.50849601639184,49.19282531738281,47028800
2011-06-29,49.3068970797324,49.49113912785278,49.04369367573001,49.394630432128906,65407300
2011-06-30,49.57009889126374,50.08773368612467,49.543779555752884,50.05263900756836,50347200
2011-07-01,50.07894818878484,50.87733350322889,49.9385695124052,50.80714416503906,53203900
2011-07-05,50.85981410821281,51.11424223188984,50.73698604571762,51.06160354614258,43128800
2011-07-06,51.000170418379206,51.3160158018523,50.83347238442816,51.22827911376953,49282700
2011-07-07,51.61431466609509,52.079307406463066,51.53535331897482,51.93015670776367,54799800
2011-07-08,51.48270962696889,51.7985550051535,51.21073091868495,51.78977966308594,69519500
2011-07-11,51.245812173541594,51.50901547083268,50.675535573734656,50.85100555419922,52080800
2011-07-12,50.84225194622832,50.94753263385284,50.41235050597474,50.46499252319336,84000700
2011-07-13,50.83347124165312,51.184411292469925,50.491306532853535,50.6755485534668,82378100
2011-07-14,50.8071545369667,51.04403858149781,49.89471303510153,50.087730407714844,98774200
2011-07-15,50.64925113827379,50.75453186035156,50.280766937594684,50.75453186035156,68281500
2011-07-18,50.47376097359163,50.70187301870161,49.99122089683012,50.48253631591797,59512200
2011-07-19,50.9650654212673,51.675717390154475,50.9650654212673,51.6318473815918,73904600
2011-07-20,51.92137641005478,51.9301484041933,51.3247804042772,51.412513732910156,57085500
2011-07-21,51.46515842438022,52.044207125292026,51.18440774192674,51.75468444824219,70148800
2011-07-22,51.728373537881545,52.377611730500014,51.69327885788857,52.28987503051758,43620400
2011-07-25,51.877515539964946,52.47411161237665,51.781006859602414,52.18458557128906,48916100
2011-07-26,52.14948698151726,52.49165500805954,52.04420631394154,52.316184997558594,40918900
2011-07-27,51.9740305093455,52.01789718386948,50.833476890845816,50.96508026123047,83969500
2011-07-28,50.99136998802887,51.70202175119734,50.789580724938986,51.05278396606445,61031900
2011-07-29,50.640444801827286,51.42128270917275,50.39478548780006,50.88610076904297,82860500
2011-08-01,51.500246797623,51.60552745396361,50.03507621513107,50.64921951293945,85421100
2011-08-02,50.41233891050217,50.64045091916816,49.315655571794004,49.3682975769043,90853300
2011-08-03,49.429717477637276,49.903485539758165,48.56114269708232,49.842071533203125,103612300
2011-08-04,49.13141741676608,49.21037875720123,47.52587127685547,47.52587127685547,132830000
2011-08-05,48.008415282317685,48.280390633148684,45.90278174134113,47.227577209472656,214111800
2011-08-08,45.779953066239,46.604657795280524,44.384971618652344,44.384971618652344,204804500
2011-08-09,45.05173825822256,46.56955054134654,43.805907922575706,46.52568054199219,193707100
2011-08-10,45.47288022904454,46.53446891323616,44.56921086887412,44.62185287475586,205917900
2011-08-11,45.262312856297704,47.10473944385895,45.04297619840652,46.58710479736328,143825300
2011-08-12,46.87663793074906,47.28899198135864,46.394097879268315,46.99946594238281,90483300
2011-08-15,47.19248235430374,47.692569732666016,46.964370325724175,47.692569732666016,73554300
2011-08-16,47.22757601748131,47.683793371259775,46.65729930503998,47.28899002075195,89219200
2011-08-17,47.35041212275146,47.74521554078574,46.51693191847724,47.00824737548828,84416600
2011-08-18,45.73609043297374,45.74486242853198,44.28846684855184,44.70082092285156,130019400
2011-08-19,44.23581469911607,45.33249796730294,43.85855873392658,43.89365005493164,96674600
2011-08-22,44.946476480374564,44.95525182265162,43.91998232358219,44.05158233642578,77107700
2011-08-23,44.34988143109683,45.86769104003906,44.165639400680085,45.86769104003906,75688400
2011-08-24,45.736082118558706,46.31513077769904,45.36759478266291,46.227394104003906,80197700
2011-08-25,46.2010734660093,46.411638130098545,45.31495484107742,45.472877502441406,93623700
2011-08-26,45.3237367515353,46.77136034850504,44.87629134431172,46.61343765258789,91573300
2011-08-29,47.078427102995825,47.96454585979158,47.06087976614284,47.91190719604492,45985800
2011-08-30,47.73642218953837,48.51726002691819,47.473218912989516,48.22773742675781,61617900
2011-08-31,48.51727828067986,48.903313021880706,47.90313483979784,48.30671691894531,60900400
2011-09-01,48.42954340141699,48.815574783559164,47.78030530523765,47.8680419921875,57158400
2011-09-02,47.008239963767245,47.91190603552747,46.49060525298536,46.745033264160156,58185700
2011-09-06,45.65711995307205,46.82398924403819,45.54306395275415,46.75380325317383,52992200
2011-09-07,47.42057876738063,47.946988687808734,47.28897879738214,47.93821334838867,48952200
2011-09-08,47.69256799861173,48.403216696334255,47.56096465253831,47.71888732910156,61422800
2011-09-09,47.385487333726886,47.5872799924085,46.367765434358546,46.657291412353516,63663500
2011-09-12,46.1396640715126,47.28898947789203,46.12211673552068,47.2538948059082,65973000
2011-09-13,47.42937264368811,47.98209875796497,47.2012605849725,47.88559341430664,59020000
2011-09-14,48.131242404107255,49.11386980992459,47.65747436410504,48.569915771484375,90757300
2011-09-15,49.09631981602533,49.37707048820466,48.59623247203015,49.289337158203125,83536100
2011-09-16,49.3983391370498,49.79387810498294,49.30165146121952,49.74113845825195,91902100
2011-09-19,49.12585425690866,50.022408101555136,48.721527038642485,49.75871658325195,73042900
2011-09-20,50.0136138202221,50.409149373581045,49.42469959227709,49.53896713256836,66570100
2011-09-21,49.79387918617263,50.03999083688839,48.6687901692868,48.677581787109375,79938000
2011-09-22,47.43823547478523,47.86893092629328,46.36588594952639,47.095436096191406,151885500
2011-09-23,46.69988555605626,47.79860296188185,46.66472579434517,47.596439361572266,85940600
2011-09-26,47.83376109994115,48.238091668197775,46.77020341737509,48.15019226074219,96261400
2011-09-27,48.967645808878395,49.398344588832344,48.32599512475847,48.651214599609375,81148600
2011-09-28,48.86216407278565,49.19617512670029,47.81618623531416,47.930450439453125,76757100
2011-09-29,48.660004434724236,48.72153235060252,46.559256970542755,47.35912322998047,116900200
2011-09-30,46.72624757380876,47.121786458644465,46.11096523662199,46.13733673095703,104870100
2011-10-03,45.724242942518266,46.45378985923828,44.9243764731877,44.95074462890625,99149500
2011-10-04,44.49365705332567,45.96154518265084,44.03659023144678,45.8736457824707,137013700
2011-10-05,45.7593860695014,47.1833229615647,45.407795140414855,47.051475524902344,108825700
2011-10-06,46.98994263711488,47.85133663379864,46.770199167970475,47.84254837036133,71939200
2011-10-07,47.81618607104588,48.044717831558366,47.21848349368133,47.526123046875,72525200
2011-10-10,48.33478101425763,49.169803619384766,48.2468816037571,49.169803619384766,48230200
2011-10-11,49.03795199935747,49.62686287064683,48.95884421857033,49.503807067871094,66449100
2011-10-12,49.978451143902824,50.303670513266184,49.7147596727158,49.749916076660156,85627600
2011-10-13,49.65324190644555,50.26852101375866,49.600502260238855,50.206993103027344,63443700
2011-10-14,50.82227503933725,51.14749447170939,50.54979189960837,51.13870620727539,65643600
2011-10-17,50.90138024821206,51.05959582415211,50.07514595954025,50.347625732421875,65161300
2011-10-18,50.26852447133723,51.23539793351228,49.80266930003773,50.97170639038086,91434600
2011-10-19,50.6904104811629,50.848626011695174,49.82022841625388,49.98723220825195,67639400
2011-10-20,49.978461839011835,50.03119813272313,49.03795993360399,49.74113845825195,80378300
2011-10-21,50.26851999920146,50.681638836933516,49.908140806611655,50.36520767211914,60455800
2011-10-24,50.54978882328808,51.55182191178446,50.373996721149226,51.41118621826172,61449500
2011-10-25,51.244170310327604,51.26175018815502,50.29488037877895,50.40035629272461,65299200
2011-10-26,50.68163212067303,50.78710804396044,49.40711936596495,50.33883285522461,98193800
2011-10-27,51.54303543368221,52.035262086596276,51.006860750851835,51.72761917114258,104455500
2011-10-28,51.43755330313417,51.86824863872731,51.41997342267862,51.80672073364258,42950000
2011-10-31,51.358453462828344,51.54303720663794,50.90138655933323,50.936546325683594,60520200
2011-11-01,49.679606785613565,50.90138000837885,49.32801587339906,49.60928726196289,99933000
2011-11-02,50.127872800887324,50.242140329310025,49.55654186481146,50.031185150146484,65003800
2011-11-03,50.42672795159773,51.13869796470271,49.84660535488892,51.06837844848633,78994200
2011-11-04,50.82226356322068,51.0244271297487,50.29488063775791,50.804683685302734,61527800
2011-11-07,50.769530657057814,51.20022934057311,50.25093592532437,51.165069580078125,65559000
2011-11-08,51.53423527735266,51.84187476879861,50.95411269846958,51.75397872924805,62906900
2011-11-09,50.75195140872062,50.831059189083255,49.776289901921224,49.934505462646484,69539000
2011-11-10,50.426729169503325,50.470677191690456,49.42469951035248,49.90813446044922,66052400
2011-11-11,50.33884108319188,50.99807157927398,50.27731317179912,50.8486442565918,54471000
2011-11-14,50.7079995744317,50.98927093472347,50.34762043449418,50.53220748901367,44617600
2011-11-15,50.38276815982045,51.2969015389549,50.33002853497944,51.0947380065918,52203900
2011-11-16,50.72559284813121,51.12113185080564,50.15426171361922,50.250946044921875,68342800
2011-11-17,50.11908238794524,50.136662264872754,48.76546204169502,49.07310485839844,101706900
2011-11-18,49.08189572186575,49.13463535544366,48.607249078721054,48.69514846801758,60417000
2011-11-21,48.035918442795804,48.10623460166198,47.27120883963078,47.76343536376953,52283700
2011-11-22,47.64039755864511,48.062304730198925,47.350334492128034,47.921669006347656,51940100
2011-11-23,47.561273392632515,47.61400967529709,46.814143642367476,46.84051513671875,48437300
2011-11-25,46.63836008367028,47.174531389160116,46.471352883336095,46.48014450073242,25448100
2011-11-28,47.61401950802259,48.15898579690292,47.587651361245044,48.09745788574219,46710700
2011-11-29,48.07107899267753,48.431458139630145,47.657963560280585,47.79859924316406,52056700
2011-11-30,49.09947547881269,49.609278523401706,48.932468316069986,49.565330505371094,66918600
2011-12-01,49.55654692993303,50.03998188002977,49.530175434205425,49.90813446044922,45362200
2011-12-02,50.40037184545182,50.40037184545182,49.723561428828454,49.76750946044922,36938900
2011-12-05,50.514636915005056,50.64648100335515,50.03119853199556,50.31247329711914,40492200
2011-12-06,50.35643590074065,50.49707164749542,50.00484485734341,50.171852111816406,38670000
2011-12-07,50.03121301204096,50.40038394291014,49.53019795466332,50.171852111816406,44576200
2011-12-08,49.84661681897301,50.23336754107266,49.23133432264891,49.32802200317383,51692600
2011-12-09,49.45106524367276,50.26851115799801,49.43348871806961,50.11908721923828,55757900
2011-12-12,49.59171693193411,50.11031178316615,49.13465335225645,49.55656051635742,55411700
2011-12-13,49.88177867311881,50.083942307669496,48.80942923043955,49.011592864990234,68557700
2011-12-14,48.82700225049934,48.86216201322302,47.974399799077005,48.24687957763672,63682800
2011-12-15,48.65998735299001,48.71272363207589,48.04470505717753,48.11502456665039,58732900
2011-12-16,48.371565194637846,49.023926049948486,48.28340986741946,48.36275100708008,60978900
2011-12-19,48.54790172892179,48.66250639778846,47.754489964324385,47.88672637939453,46733900
2011-12-20,48.66248692759974,49.36773967900342,48.63603763742121,49.3060302734375,81758800
2011-12-21,49.01508768162097,49.05035114269517,48.036551858627426,48.60075378417969,78552300
2011-12-22,48.70656678883304,49.04156312193679,48.636039829059385,49.015113830566406,40334100
2011-12-23,49.11208841300811,49.438270568847656,48.99748714378836,49.438270568847656,26594600
2011-12-27,49.40208101727424,49.781483068050264,49.3491395524482,49.62266540527344,21443500
2011-12-28,49.56091033927097,49.64032087226606,48.91680417868922,49.049156188964844,38180100
2011-12-29,49.12856986003405,49.437386749267525,48.96974878389921,49.402095794677734,28077900
2011-12-30,49.29619716285376,49.516781546714924,49.25208095925164,49.26090621948242,21832400
2012-01-03,50.21383135524187,50.46088479964504,50.07265747760424,50.20500946044922,39514100
2012-01-04,50.1256088568032,50.48736720015699,49.90502441900573,50.416778564453125,29403400
2012-01-05,50.31089871378139,50.87559433305511,50.11678333246178,50.831478118896484,41260600
2012-01-06,50.8403148981227,51.12266279041265,50.6462028258311,51.00796127319336,46325200
2012-01-09,51.1403003281902,51.15794748886812,50.67266235070656,50.84030532836914,39195500
2012-01-10,51.37853471030668,51.52853390120596,50.857955222806666,51.21089172363281,35949900
2012-01-11,51.202044753734604,51.43145439177321,51.00793278983713,51.316749572753906,37144100
2012-01-12,51.43146286257439,51.59028391018968,51.052057400587984,51.51969528198242,26188300
2012-01-13,51.24618680689916,51.352066412376494,50.893250300838744,51.33441925048828,35980400
2012-01-17,51.78438913065751,52.02262067091055,51.60792431492987,51.80203628540039,41790800
2012-01-18,51.899108270183795,52.49027633666992,51.77558151875875,52.49027633666992,48692700
2012-01-19,52.728498526035466,52.91379199776159,52.63144420808987,52.816734313964844,47774500
2012-01-20,52.587328408355326,52.763796631038005,52.5520374564999,52.737327575683594,41041700
2012-01-23,52.746137660766415,53.125543076526114,52.44614275913899,52.75496292114258,40958300
2012-01-24,52.51674311778568,52.79909092762447,52.419685427056464,52.65791702270508,38440200
2012-01-25,53.16966865597454,53.45201981833636,52.79026653916756,53.31966781616211,61591800
2012-01-26,53.549069105033894,53.64612678205812,52.87849399281794,53.13437271118164,37852700
2012-01-27,53.01966035185197,53.390240485140936,52.993191304002885,53.29318618774414,45532300
2012-01-30,52.843196723590374,53.41671749254516,52.64025948564426,53.33730697631836,42797800
2012-01-31,53.60201714174868,53.69907483066502,53.06379058746816,53.407901763916016,51449600
2012-02-01,53.71670994774304,54.03435199813705,53.52259461342435,53.84023666381836,46146700
2012-02-02,54.01671024033548,54.18435317663666,53.79612583506243,54.00788497924805,46373600
2012-02-03,54.51083756307531,54.81083260120002,54.42260511427188,54.74906921386719,36453800
2012-02-06,54.54611973077127,54.72258795489606,54.404945824641715,54.70494079589844,28541300
2012-02-07,54.660797239414435,54.925497760269884,54.41374050287958,54.819618225097656,37935700
2012-02-08,54.828465339955116,55.11081314086914,54.62552806841387,55.11081314086914,41171100
2012-02-09,55.32257959407849,55.56963309591915,54.98729029454365,55.507869720458984,46856400
2012-02-10,55.110807459787104,55.26962850216063,54.92551736563497,55.119632720947266,58090500
2012-02-13,55.53432812729709,55.70197442784156,55.27845277768073,55.631385803222656,36810200
2012-02-14,55.50788987969408,55.78141590310735,55.31377442011998,55.77259063720703,51648200
2012-02-15,56.037262538797556,56.34608273508222,55.29609877990578,55.384334564208984,105709100
2012-02-16,55.40199027101478,56.20491751990551,55.260816360193935,56.14315414428711,83642300
2012-02-17,56.15196489476187,56.196081102038974,55.71962135125501,55.9666748046875,76112300
2012-02-21,56.02843061880734,56.37254170139466,55.772551938885854,56.12548828125,38141300
2012-02-22,56.0196280816324,56.187271050964185,55.79021837007146,55.86962890625,43174700
2012-02-23,55.9401975357246,56.30195576761499,55.666671705426836,56.24019241333008,54250000
2012-02-24,56.39902041432819,56.53137240685899,56.29314083981415,56.4343147277832,41364900
2012-02-27,56.12550974133664,56.6990306755066,55.878456226728886,56.51374053955078,42678500
2012-02-28,56.56666993445084,57.08724594116211,56.49608130352995,57.08724594116211,43717500
2012-02-29,57.13137054703265,57.31666067073219,56.646082081365094,56.83137893676758,59784400
2012-03-01,57.043136213168125,57.33430928285339,56.87548988849429,57.28136444091797,67558900
2012-03-02,57.201968401575826,57.4225528793869,57.051972572273264,57.23726272583008,33358200
2012-03-05,57.20196095176584,57.2725495910811,56.460797068213495,56.64608383178711,45788800
2012-03-06,56.090206146240234,56.222558144811714,55.790211199882535,56.090206146240234,54638600
2012-03-07,56.35489432071527,56.6548892007614,56.2666619184048,56.52253723144531,42741800
2012-03-08,56.85785558304847,57.29902452647571,56.734328817425144,57.131378173828125,43711100
2012-03-09,57.22843545769722,57.475488987121146,57.193141134678974,57.369606018066406,43117200
2012-03-12,57.35194137294379,57.44899904303411,57.104887933332556,57.396060943603516,32687300
2012-03-13,57.704888361413126,58.46369934082031,57.59018014927087,58.46369934082031,61559100
2012-03-14,58.525451653514324,58.887206550670854,58.30486726470871,58.666622161865234,59926900
2012-03-15,58.84309192275791,58.95779337803676,58.54309366261928,58.834266662597656,65531200
2012-03-16,58.92530508401283,58.92530508401283,58.65131826509696,58.792728424072266,53023100
2012-03-19,58.88994101996956,59.349539131896336,58.73085040324536,59.20812225341797,60966200
2012-03-20,58.89878243627962,59.376054295978605,58.73969181637996,59.314186096191406,47290600
2012-03-21,59.323036193847656,59.650050985717264,59.243487499116426,59.323036193847656,39648100
2012-03-22,58.96949216368349,59.34070137050672,58.93413794258677,59.19929122924805,56953900
2012-03-23,59.27002692826606,59.28770742052084,58.82810902574542,59.163970947265625,45541700
2012-03-26,59.56167355759606,60.198036193847656,59.50864558561833,60.198036193847656,40855300
2012-03-27,60.24223118547562,60.533891776998274,60.21571045612832,60.28641891479492,37278200
2012-03-28,60.32176973086678,60.55156883696535,59.6942473677505,60.04778289794922,44421900
2012-03-29,59.74729612888255,60.0389635485297,59.39376047565556,59.8180046081543,53975300
2012-03-30,60.0831402021027,60.11848768811625,59.46445130678991,59.70309066772461,39480900
2012-04-02,59.641230696970474,60.40132312766778,59.53516799487914,60.321781158447266,40031600
2012-04-03,60.37480175290312,60.586927131138694,59.968238225979675,60.304100036621094,45539900
2012-04-04,59.853322057829914,59.88867627573465,59.13741768885973,59.482112884521484,54088100
2012-04-05,59.37607953048063,59.906379574478045,59.331885050509634,59.85335159301758,42979900
2012-04-09,59.11091294204272,59.64121961079477,59.00485700279583,59.40258026123047,36908200
2012-04-10,59.37607386910019,59.605873005402884,58.262439162696644,58.44804382324219,69254200
2012-04-11,58.96068374158084,59.119774450807476,58.580634088602295,58.73088455200195,62950000
2012-04-12,58.8457663507961,59.46444847350095,58.757384153713886,59.40258026123047,57407400
2012-04-13,59.19930662078733,59.39374477267998,58.47456175769491,58.501075744628906,55227500
2012-04-16,58.79274210678812,58.82809634054212,57.661433599182395,57.84703826904297,57588000
2012-04-17,58.09449892652768,59.20812658188196,58.006109999452995,59.02252197265625,47362400
2012-04-18,58.85459963562002,59.21697540840339,58.695515727330005,58.87228012084961,42536100
2012-04-19,58.66015043210236,59.367214615902476,57.99727396678019,58.20939254760742,81110900
2012-04-20,58.527583989614584,58.78389707671379,57.961929846750564,58.05031204223633,59906900
2012-04-23,57.50234285752382,57.60840555867271,56.998556827545144,57.520023345947266,70514400
2012-04-24,57.41394884436655,57.65258818712076,56.963190886042426,57.210670471191406,49661500
2012-04-25,58.395029385026525,58.76623879217807,58.30664715615213,58.73088455200195,57526900
2012-04-26,58.72204409390586,59.2081496667036,58.64249537714886,59.0755729675293,41799500
2012-04-27,59.3230478949301,59.614708518128324,59.01370004044967,59.42910385131836,46003800
2012-04-30,59.25232129356195,59.36721745886045,58.96065401650218,59.00484848022461,37787700
2012-05-01,58.942975424116064,59.77377598004471,58.854586503948276,59.10206604003906,37643800
2012-05-02,58.81041279649523,59.3141987430726,58.66899588504148,59.27000427246094,38299300
2012-05-03,59.30537094111328,59.34956542099585,58.49224375906886,58.642494201660156,51297600
2012-05-04,58.103348121439645,58.64248835522844,57.17532482460418,57.18415832519531,107554000
2012-05-07,56.83946779250459,57.511184766294676,56.821794046700205,57.23719787597656,50267800
2012-05-08,56.8748273654269,57.21952275757671,56.10589123127997,57.02507781982422,72659700
2012-05-09,56.362199631542296,57.166489935703176,56.13240047517323,56.84830856323242,85715300
2012-05-10,57.10460769993219,57.12228144156406,56.52127645070689,56.7333984375,49448900
2012-05-11,56.5389703563826,57.32558358365023,56.485939001042475,56.72457504272461,47099900
2012-05-14,56.23844692413442,56.63617352475634,56.10587026673897,56.19425582885742,46360000
2012-05-15,56.34450247455689,56.80409388070617,55.91142167793086,56.008644104003906,66908600
2012-05-16,56.20309930978126,56.37102684021094,55.51370870199485,55.628604888916016,52825900
2012-05-17,55.6463019993973,55.73468760367203,54.444284753789496,54.453125,62253900
2012-05-18,54.6210201326302,54.762433643869755,53.70183062379106,53.74602508544922,79496500
2012-05-21,53.852099646405726,55.301589390522636,53.78139118495368,55.248558044433594,61473000
2012-05-22,55.407646344735646,55.63744546307533,54.78896419127851,55.18668746948242,62954800
2012-05-23,54.71825310090734,55.42532079339485,54.24098114414151,55.292747497558594,56951100
2012-05-24,55.37229955789733,55.42532753405505,54.52381485215747,54.930381774902344,83131200
2012-05-25,54.983382221340264,55.08060462437114,54.70055525155779,54.85964584350586,32078900
2012-05-29,55.3722948312588,55.81421257653121,55.045273272230546,55.557899475097656,44216700
2012-05-30,55.05411949172993,55.283915260729025,54.514979244519694,55.089473724365234,56431800
2012-05-31,55.018765255177485,55.16017881414344,54.43543390299725,54.85083770751953,55260100
2012-06-01,53.86093741015068,54.19679586447914,53.37482853009624,53.39250564575195,71430800
2012-06-04,53.54275490983577,53.878609964163935,53.06548294223497,53.79906463623047,74119500
2012-06-05,53.61346362217363,54.126089852774776,53.58694963492358,54.02002716064453,47916900
2012-06-06,54.42659628657359,55.301591617099575,54.37356493834938,55.25740051269531,58781800
2012-06-07,55.84073591390213,55.84073591390213,54.99225451006089,55.03644561767578,38414800
2012-06-08,54.94805259112517,55.63744658852459,54.76244794133356,55.56673812866211,39730800
2012-06-11,55.99097933342903,56.01749669192528,54.594520952820446,54.62987518310547,51008900
2012-06-12,54.886180624259154,55.319261482412905,54.51497135003998,55.292747497558594,48802600
2012-06-13,55.13367101859534,55.5490714982142,54.72710404077914,54.91271209716797,50840100
2012-06-14,54.90386005319075,55.33694092960655,54.62103296426955,55.11598205566406,65170600
2012-06-15,55.26923240782845,55.88048269904705,55.242657483623766,55.80075454711914,41536100
2012-06-18,55.57044384530521,56.46517152591429,55.48185848532891,56.32343292236328,32191200
2012-06-19,56.606904766366924,57.14728419724396,56.56260871126063,56.90809631347656,36476500
2012-06-20,57.03210972718019,57.20042660430056,56.527169233761406,56.95238494873047,51389700
2012-06-21,56.90807735665927,56.97008775797415,55.47297418730817,55.53498458862305,42492700
2012-06-22,55.72102586201413,56.19053420814488,55.57042674122962,56.11966323852539,29504200
2012-06-25,55.6590212583981,55.676735623336725,54.87945740784558,55.03891372680664,33136400
2012-06-26,55.224931689363295,55.54384425057812,54.976890088113265,55.3843879699707,30611100
2012-06-27,55.5969955616545,55.96906135268323,55.53498515970196,55.72101974487305,35705800
2012-06-28,55.304674440312716,55.34010992965662,54.516253388639214,55.10092544555664,49793400
2012-06-29,56.16396609193865,56.83722686767578,55.99564920834724,56.83722686767578,44761300
2012-07-02,56.916961211493344,57.03212150146052,56.58033076706936,57.00554656982422,33425600
2012-07-03,57.04095339112294,57.48388671875,56.952368077322774,57.48388671875,15895100
2012-07-05,57.430758981945566,57.80282149825422,57.12070688502169,57.519344329833984,37016200
2012-07-06,57.25358327508207,57.30673989234067,56.38543737719694,56.801795959472656,40684100
2012-07-09,56.739784029507064,56.925815288393096,56.412010806539,56.69548797607422,35628300
2012-07-10,57.00553938026633,57.147281342622875,55.915923389508215,56.13739013671875,47365700
2012-07-11,56.06651600762816,56.21711175612816,55.366680356881815,55.82733154296875,43432000
2012-07-12,55.38438511862094,55.53498083182296,54.79971324626551,55.304656982421875,57680400
2012-07-13,55.455265581680976,56.27026487213086,55.41983347460279,56.146244049072266,32357200
2012-07-16,56.022217556780845,56.27025917779718,55.76531537540613,55.98678207397461,27621400
2012-07-17,56.3411394475341,56.46516366527606,55.4818507615798,56.27912902832031,42467800
2012-07-18,56.17280565496805,57.20927142063961,56.155087915973056,57.04095458984375,44489700
2012-07-19,57.43961363367307,57.855972209387026,57.333313918089196,57.66994094848633,53017800
2012-07-20,57.652228135761796,57.66994250262685,56.88152138386443,56.90809631347656,40573100
2012-07-23,55.80075834364531,56.412005297137576,55.37553925155651,56.21711349487305,48657800
2012-07-24,56.31455688486011,56.39428503865731,55.410972268263166,55.77417755126953,57269700
2012-07-25,55.340100647173415,55.76531631003388,55.056623538599766,55.4021110534668,46264400
2012-07-26,56.199400555592554,56.456302793392226,55.78304536877052,56.13739013671875,41928200
2012-07-27,56.54488416385976,57.57248622274747,56.37656729511514,57.4661865234375,42621000
2012-07-30,57.607925317560536,57.85596697632615,57.22700226770527,57.42189407348633,37821300
2012-07-31,57.510478323336685,57.74080561294614,57.35102200878063,57.404178619384766,34588300
2012-08-01,57.81166988044008,57.829384242834045,57.005527839653176,57.23585510253906,30920200
2012-08-02,56.80179537881957,57.599070284629164,56.615760737574256,57.0321159362793,40534900
2012-08-03,57.953401532242296,58.360899428803876,57.749655963274996,58.112857818603516,42117400
2012-08-06,58.41406620050678,58.81270360650328,58.29004537381328,58.55580139160156,23523600
2012-08-07,58.80384193915387,59.282210872530605,58.715256601556995,59.04302978515625,28223300
2012-08-08,58.89244338933882,59.140485077458045,58.7949974749164,59.01646423339844,20723500
2012-08-09,59.007591361827494,59.27335412002022,58.90128490682486,59.19362258911133,20726200
2012-08-10,58.98103467243451,59.24679075416125,58.83043888359305,59.22907638549805,20312000
2012-08-13,59.21134750140893,59.379664395493556,58.91015596318265,59.37080383300781,19890300
2012-08-14,59.59227735938843,59.71630497240199,59.22907535972979,59.39739227294922,24218700
2012-08-15,59.35310084602061,59.636578072253414,59.34424028183609,59.54799270629883,29100400
2012-08-16,59.76945666595316,60.38956095685723,59.69858567309844,60.25667953491211,35699900
2012-08-17,60.38957186216427,60.53131387346984,60.24783660948979,60.52245330810547,22584800
2012-08-20,60.47814534411204,60.619887327537555,60.23896419536871,60.611026763916016,26924000
2012-08-21,60.770467384158195,61.01850903231193,60.13264214111829,60.371829986572266,41391000
2012-08-22,60.23893484153704,60.735018024530405,60.0706180078958,60.61985778808594,44555700
2012-08-23,60.34523832887127,60.54012331364922,59.96431540093405,60.12377166748047,28800400
2012-08-24,59.98204520061465,60.63758479466496,59.884599303828104,60.495849609375,38384800
2012-08-27,60.75275618478883,60.83248096500774,60.46041847339611,60.593299865722656,20671400
2012-08-28,60.540143253615014,60.7616099879498,60.3363976428589,60.593299865722656,27337900
2012-08-29,60.593299865722656,60.743895622999496,60.3363976428589,60.593299865722656,26672400
2012-08-30,60.32753559100657,60.35411051708982,59.88460213327726,59.98204803466797,24425400
2012-08-31,60.41611644001511,60.63758315241785,59.76943742463063,60.38068771362305,42128000
2012-09-04,60.26551470784803,60.54899180120357,59.725135442603566,60.31866455078125,32017200
2012-09-05,60.29211503133946,60.549017311465406,60.097223180303935,60.25667953491211,26129300
2012-09-06,60.62873431822908,61.61204714256296,60.61101319495323,61.59432601928711,43100000
2012-09-07,61.45261032343706,61.61206669036955,61.328589455670716,61.505760192871094,32958600
2012-09-10,61.34626877363662,61.47915012992577,60.67300819143111,60.71730422973633,25490000
2012-09-11,60.726164223853004,60.96534525604581,60.52241191162275,60.61985778808594,29810100
2012-09-12,60.841361799941616,60.956522107062426,60.42500311927548,60.79706573486328,42203400
2012-09-13,60.85021062643204,61.88667346647331,60.7882002024628,61.62091064453125,45417800
2012-09-14,61.842354742879635,62.39159455288684,61.82464038193668,62.170127868652344,38880300
2012-09-17,62.20559213126742,62.22330650040669,61.97526478067714,62.19673156738281,31798400
2012-09-18,62.037248908820985,62.27643672188798,62.02838834869296,62.249855041503906,27169800
2012-09-19,62.24101517569011,62.524492335613225,62.06383772659528,62.36503601074219,36484600
2012-09-20,62.06382883026238,62.36502707123502,61.89551872603391,62.303016662597656,42520200
2012-09-21,62.613933914885926,62.667235319396625,62.25857540304823,62.320762634277344,23678500
2012-09-24,61.8055253546906,62.0631602406491,61.672264996035736,61.95655059814453,32341600
2012-09-25,62.11645101563589,62.258597181253975,61.05926771493584,61.08591842651367,41299600
2012-09-26,61.00596680696166,61.04150335261447,60.27748456583662,60.58842086791992,32770400
2012-09-27,60.73946297100458,61.56566915544226,60.63285331633695,61.42352294921875,25339500
2012-09-28,61.2192021035443,61.40576393362239,60.86384333191254,60.917144775390625,30112600
2012-10-01,61.21031760718275,61.59232710889676,60.632860437907404,60.82830810546875,37715300
2012-10-02,61.09481180130504,61.281380381892866,60.52624056134318,61.00597381591797,33254300
2012-10-03,61.174771304926686,61.51235836371695,60.93490128644359,61.39686965942383,38236000
2012-10-04,61.49459963253646,61.77888528363038,61.29915197655229,61.61008834838867,26128600
2012-10-05,61.92102110862979,62.00986587646215,61.121472421371884,61.2813835144043,25207900
2012-10-08,60.92602460797423,61.050399149109914,60.57955170368136,60.7216911315918,30911500
2012-10-09,60.5617606749078,60.71278588686869,59.611180255651036,59.753326416015625,67974000
2012-10-10,59.7355757734611,59.904372703805464,59.34468725073826,59.451290130615234,45134300
2012-10-11,59.895467830392725,59.939890201489156,59.22917293135954,59.26470947265625,30469400
2012-10-12,59.255847774674145,59.575669998689165,59.12259416292203,59.23808288574219,24891200
2012-10-15,59.46016549061712,59.753336914451715,59.104806805172444,59.673377990722656,22220100
2012-10-16,59.762217109842,60.58842318868329,59.74445222528665,60.517356872558594,33960600
2012-10-17,60.20640881596252,60.677262941643214,60.12645667520147,60.481815338134766,33439400
2012-10-18,60.28635971561804,60.48180729312897,59.55787760356028,59.77997589111328,61707600
2012-10-19,59.70890712908603,59.76220855302361,58.27859351160731,58.349666595458984,75362600
2012-10-22,58.32302836192845,58.802761613714495,58.189767995670586,58.651729583740234,38621500
2012-10-23,58.17200376213507,58.58954297349932,57.9143688585887,58.092044830322266,52591200
2012-10-24,58.42074134487132,58.518465143477854,57.79886201029311,57.8877067565918,39872400
2012-10-25,58.28748100332581,58.385204801932346,57.71890987210732,57.8877067565918,52688700
2012-10-26,57.887724581434256,58.29638478421367,57.434641991826915,58.056514739990234,54213100
2012-10-31,57.98542693852973,58.09203657315875,57.50570052745633,57.701141357421875,38524500
2012-11-01,58.06538070022446,58.63395181192611,57.89658382153412,58.518463134765625,26945000
2012-11-02,58.78499225527066,58.82052880619325,57.8432973784861,57.89659881591797,44083000
2012-11-05,57.90546764771964,58.39408660707211,57.781093144957566,58.27859115600586,28094700
2012-11-06,58.37631467093256,58.78497471776951,58.15421637735365,58.38520050048828,29608400
2012-11-07,57.76332688650008,57.83439997412417,56.768330771373634,57.00819396972656,70737800
2012-11-08,57.16809508571664,57.30135540736057,56.11090850830078,56.11090850830078,58585800
2012-11-09,56.14645426026789,56.95489198483728,56.11091771680408,56.35078430175781,51542100
2012-11-12,56.67950177788343,56.74168904864653,56.1908860551939,56.34191131591797,32663700
2012-11-13,55.90659648056205,56.484053541468384,55.77333611606002,55.95101547241211,43288300
2012-11-14,56.22640654426882,56.288593797266564,55.20475300681827,55.29359436035156,82655300
2012-11-15,55.32913492071901,55.51570009364219,54.90270653351895,55.10703659057617,55124200
2012-11-16,55.15144911940859,55.50680435081063,54.467385978047155,55.346893310546875,70873100
2012-11-19,55.95101012208187,56.70614646713018,55.93324184925057,56.66172409057617,55306400
2012-11-20,56.643952592103254,56.75944466445413,56.13756870657808,56.67948913574219,52012700
2012-11-21,56.74166665974941,56.87492359211089,56.50180011475785,56.79497146606445,19611700
2012-11-23,57.11482149436783,57.674506984467406,57.07928493942272,57.656742095947266,16462900
2012-11-26,57.51457660623369,57.9410083447966,57.33690066894229,57.90547180175781,26430900
2012-11-27,57.89659521405725,58.100928674674165,57.61230960226652,57.71003341674805,25828600
2012-11-28,57.43461802040527,58.25193808484015,57.0792594078113,58.207515716552734,37295800
2012-11-29,58.51847574920447,58.75833898513652,58.26084084963078,58.554012298583984,41136100
2012-11-30,58.56288643061135,58.60730880807823,58.287486668445624,58.45628356933594,33497400
2012-12-03,58.909364849802586,58.962673063378666,58.314142891783014,58.34079360961914,28240000
2012-12-04,58.36742788116648,58.42961513122944,57.92323130131619,58.305240631103516,49584500
2012-12-05,58.21642758604684,58.22531341925932,57.34580571255861,57.656742095947266,54076200
2012-12-06,57.47903616382817,58.17198853922097,57.32801094958575,58.029842376708984,47512300
2012-12-07,58.3141231625304,58.37631040907633,57.487917299619255,57.68336486816406,30089400
2012-12-10,57.523457311770294,58.154215644234526,57.523457311770294,57.85216522216797,33219600
2012-12-11,58.25193738168577,58.93599711090295,58.207515013934575,58.607295989990234,40750800
2012-12-12,58.918251553367206,58.918251553367206,58.32302958654178,58.482940673828125,45917700
2012-12-13,58.36741924145071,58.77608599897461,57.77219753925424,58.02094650268555,45467700
2012-12-14,57.6300801445234,57.8166419382035,57.2747214422217,57.47016906738281,39630300
2012-12-17,57.52346313681581,58.25194533322386,57.44351099743203,58.23418045043945,42302900
2012-12-18,58.52734522027035,59.211411822490284,58.367434163197096,59.12257385253906,55596000
2012-12-19,59.2913464105199,59.30911806599092,58.8293850367828,58.86492156982422,34832500
2012-12-20,58.971524391047815,58.99818187425436,58.57175025565804,58.86492156982422,40754300
2012-12-21,57.95997687210905,58.31731472923308,57.70984241681804,58.245845794677734,51152900
2012-12-24,58.09399193493661,58.192260037205685,57.99572383266754,58.12972640991211,11418300
2012-12-26,58.174372570822015,58.227970853680745,57.43289785156958,57.62049865722656,21751300
2012-12-27,57.674112399936405,57.74558134000662,56.81650556605352,57.53118133544922,52933200
2012-12-28,57.093437865345365,57.55797571382235,56.95050340487755,56.97730255126953,33082100
2012-12-31,56.914783486255175,58.29053014981517,56.79865155032026,58.183326721191406,57544000
2013-01-02,59.612644330588026,60.0593148036264,59.389309094068835,60.032508850097656,70695900
2013-01-03,60.032516641388725,60.157583844819214,59.54118314666935,59.7198486328125,47366500
2013-01-04,59.746654535162264,59.746654535162264,59.3803882024263,59.523319244384766,33972500
2013-01-07,59.371465507073786,59.639470639255876,59.183864640807776,59.541202545166016,26766200
2013-01-08,59.532248395527056,59.6930500608503,59.11237700186906,59.425045013427734,28734900
2013-01-09,59.5144074082516,59.809204894746316,59.45187378194616,59.64840316772461,25600300
2013-01-10,60.05933478453361,60.09506243649031,59.451862466477785,60.00572967529297,37528000
2013-01-11,59.97893245798067,60.11293501191385,59.85386522515051,60.08613586425781,21158600
2013-01-14,59.78238839972542,59.98785986406604,59.5590531111888,59.81812286376953,36768500
2013-01-15,59.523319244384766,59.612658813217514,59.255320984843074,59.523319244384766,31675300
2013-01-16,59.60372468199444,59.96999102203555,59.49652128664829,59.7645263671875,33822300
2013-01-17,60.005726179753275,60.282666583680935,59.90745810346481,60.05039596557617,32024200
2013-01-18,59.8717311180201,59.9789345279971,59.64839579230797,59.91640090942383,31992000
2013-01-22,59.9789330418794,60.05933730128325,59.6126666609263,60.01466751098633,32123100
2013-01-23,60.35413652023969,60.559608019738256,60.26480375266986,60.38093566894531,31975700
2013-01-24,59.55013656616211,60.10400383094679,59.460796980284016,59.55013656616211,42596300
2013-01-25,59.73773466279807,60.023603603674744,59.62159593279453,59.85386657714844,39240100
2013-01-28,59.862802026772,60.19333394357509,59.79133308748634,59.98786926269531,32926100
2013-01-29,59.91639140565431,60.130791375947524,59.523319113739944,59.996795654296875,35554700
2013-01-30,60.103997620854095,60.28266995849594,59.737731256080686,59.871726989746094,34445000
2013-01-31,59.844932343284405,60.166535759571154,59.68413063514103,59.737735748291016,34870500
2013-02-01,60.15760186212365,60.55067422814612,59.91640270202569,60.443477630615234,53120800
2013-02-04,60.09506543728306,60.26480246299063,59.371461175103455,59.38933181762695,48483700
2013-02-05,59.64838204340574,60.452390393776795,59.505451012035145,60.26478958129883,35120300
2013-02-06,60.06828689575195,60.34522742464637,59.88962130314402,60.06828689575195,43593200
2013-02-07,60.13973195944442,60.1844017476723,59.46079070916661,60.12186813354492,46017900
2013-02-08,60.425605525946075,60.86334085846923,60.41667020448344,60.73827362060547,39837200
2013-02-11,60.77399022582937,60.80078936668619,60.55065496448756,60.756126403808594,17650400
2013-02-12,60.6757421828625,60.7918809190919,60.443478341710765,60.506011962890625,22057900
2013-02-13,60.68466729844413,60.95267238165703,60.54172943655662,60.720401763916016,23494700
2013-02-14,60.44346696513724,60.79186947694261,60.40773250038127,60.70252990722656,24478800
2013-02-15,60.693609401535554,60.84547578502357,60.354135349441,60.52387237548828,25333600
2013-02-19,60.64001685463629,60.979490977072764,60.62215302402864,60.96162033081055,23436500
2013-02-20,60.94371870163046,60.97051783874783,60.014643326209594,60.02357864379883,38200300
2013-02-21,59.80025777662479,59.862791383468284,59.16598638845451,59.38038635253906,45855600
2013-02-22,59.71983885537016,59.98784385635803,59.487568308890694,59.97890853881836,21968000
2013-02-25,60.36308084253339,60.57748087980119,59.183870414079045,59.23746871948242,40927600
2013-02-26,59.31785767741756,59.56799212558786,58.92478536420564,59.46078872680664,42088800
2013-02-27,59.46081433896732,60.43456022095033,59.38041686699039,60.06828689575195,36339500
2013-02-28,60.077209360710164,60.51494473986232,59.934271464694916,59.943206787109375,28557300
2013-03-01,59.737737314840395,60.300539900274366,59.44293303957111,60.193336486816406,31617200
2013-03-04,59.99679979157148,60.47026954912589,59.91639553738439,60.461334228515625,19380500
2013-03-05,60.818671923830706,61.43507273129578,60.818671923830706,61.35467529296875,35581900
2013-03-06,61.5423062741075,61.560176924034764,61.12243460434432,61.20283889770508,29071100
2013-03-07,61.274288787007215,61.46189649541585,61.149221525171185,61.36362838745117,21775900
2013-03-08,61.56907640118239,61.65840916172703,61.19387471750326,61.43507385253906,26159900
2013-03-11,61.354676864621986,61.6316104690458,61.167076021400746,61.613746643066406,23187900
2013-03-12,61.4350781672331,61.578016046665496,61.09561092706099,61.39041519165039,27575400
2013-03-13,61.47081452886635,61.54228347078202,61.09561280728924,61.31001281738281,34297300
2013-03-14,61.524407732032316,61.64947494834506,61.381469875873684,61.515472412109375,31530800
2013-03-15,61.5593595635198,61.59517673794624,61.192238649219426,61.34446334838867,30752600
2013-03-18,60.78035997933308,61.460872726743716,60.64605409553954,61.21015930175781,36163000
2013-03-19,61.39816656715737,61.51456722421077,60.54753114166432,61.09373092651367,33125100
2013-03-20,61.523536682128906,61.65784936591225,61.237006144723665,61.523536682128906,28035400
2013-03-21,60.959420233184055,61.11163805840277,60.681838916780144,60.82510757446289,30050800
2013-03-22,61.07581624182075,61.460842190733594,61.00418191843579,61.41606903076172,28837200
2013-03-25,61.61307726782872,61.74738995395256,60.896754327546596,61.19223403930664,24909800
2013-03-26,61.425041169449585,61.54144868339435,61.29072848566625,61.523536682128906,19725200
2013-03-27,61.10269242106679,61.64889231611051,61.013152910544015,61.6041259765625,22539500
2013-03-28,61.604106964013184,61.83690825323882,61.460838326251576,61.756324768066406,23662800
2013-04-01,61.80111219335167,61.863790535915264,61.16537276694184,61.33550262451172,28112800
2013-04-02,61.630995714053675,62.02497098140672,61.577266535129574,61.81903076171875,29431900
2013-04-03,61.85483938025143,61.9443788908345,61.102692462214726,61.25491714477539,35131200
2013-04-04,61.22804635008062,61.42503736323267,60.9415158304303,61.27281951904297,32287400
2013-04-05,60.305786913970714,60.85198687920737,60.16252504500884,60.762447357177734,55610800
2013-04-08,60.78931791829767,61.10270970951206,60.61023884658335,61.08480453491211,17891600
2013-04-09,61.245971622977834,61.74739843317452,60.96839021182358,61.49668502807617,30931400
2013-04-10,61.71158094560618,62.83084209231883,61.675763769140026,62.696529388427734,55271300
2013-04-11,62.54432482048071,62.81295028542225,62.47269045230572,62.669681549072266,37233600
2013-04-12,62.51745690657665,62.66967479898124,62.15034276422271,62.624908447265625,32783700
2013-04-15,62.39210082725626,62.490596366034325,61.317612735131995,61.38924026489258,48795800
2013-04-16,61.73844313057721,62.27569395493483,61.6130864266079,62.20405960083008,27682600
2013-04-17,61.666814106691945,61.68471927906825,60.62813649174251,60.98630142211914,60204800
2013-04-18,61.147471739021924,61.18328891311698,59.884941970023974,60.14461135864258,56798200
2013-04-19,60.261016826950836,61.09374730983309,60.171470479053674,60.9683837890625,43062800
2013-04-22,61.183274281536384,61.81901359897904,60.959422120545625,61.59516143798828,34412100
2013-04-23,61.944373184236454,62.409982695230426,61.62202551069212,62.18613052368164,53078300
2013-04-24,62.033937408906425,62.383146389178414,61.89067551436275,62.15929412841797,44500700
2013-04-25,62.32044023998714,62.72337822853835,62.31148424075023,62.490570068359375,26437100
2013-04-26,62.33832936170691,62.47263514384433,62.024930986257466,62.293556213378906,24079800
2013-04-29,62.49060233087196,63.108436800102574,62.46374115071921,62.86667251586914,31664000
2013-04-30,62.947240799019866,63.33226685276874,62.71443260034157,63.32331085205078,30135800
2013-05-01,63.34120077850536,63.43969626841836,62.90245248889082,63.027809143066406,28537200
2013-05-02,63.13525314444089,63.95902729745483,63.08152399086208,63.82471466064453,31744200
2013-05-03,64.4425915706941,64.77388855298742,64.38886921279335,64.576904296875,34061700
2013-05-06,64.69328588531481,64.92609408642139,64.63956354330061,64.82759857177734,19244300
2013-05-07,64.93505570655834,64.97982888777307,64.55002957496797,64.79179382324219,25838100
2013-05-08,64.7559699163865,65.15890117974106,64.6485183914924,65.10517883300781,24252100
2013-05-09,64.97982308330239,65.45438870350225,64.89028356029958,65.01564025878906,29337200
2013-05-10,65.14995279433161,65.43648336607299,65.03354526643724,65.40962219238281,20663700
2013-05-13,65.3021383855357,65.65134713373983,65.23946006743303,65.49017333984375,29730100
2013-05-14,65.50811867430554,66.0274506465706,65.48125066879497,65.83045959472656,36009800
2013-05-15,65.70508287453983,66.02743052817009,65.5439090477247,65.96475219726562,27214400
2013-05-16,66.01847566503663,66.34977245776801,65.85730185212606,65.89311218261719,27253400
2013-05-17,66.23341349823887,66.55576132697408,66.01851722289189,66.52890014648438,31114500
2013-05-20,66.40352060364081,66.64527797642171,66.16175639943283,66.43038177490234,25132400
2013-05-21,66.39454661603396,66.74375541068518,66.16173847579141,66.50199127197266,25900000
2013-05-22,66.58260647275657,67.11089444564115,65.57974604360138,65.92000579833984,59843200
2013-05-23,65.33799165169133,65.99163635436106,65.21263494620868,65.76778411865234,48222100
2013-05-24,65.3290260474193,65.74986928172477,65.14994701774455,65.73196411132812,26430300
2013-05-28,66.50201132161541,66.74377553321725,65.95581821593015,66.16175842285156,27057100
2013-05-29,65.90208812711302,66.08117399089704,65.47229571688574,65.8483657836914,32090300
2013-05-30,65.87520791179435,66.51094717373309,65.85730274630568,66.19755554199219,32390500
2013-05-31,65.94687192405117,66.44829876056504,65.51707261316191,65.58870697021484,38347600
2013-06-03,65.5976487030108,65.72300538486998,64.85445778096938,65.70509338378906,47613100
2013-06-04,65.83941855251611,66.09908796602076,65.09622748952984,65.36485290527344,35251900
2013-06-05,65.1499376479923,65.40065098605064,64.4604691369058,64.51419830322266,48654200
2013-06-06,64.60374637148213,64.83655457258871,63.99486811342209,64.82759857177734,62524100
2013-06-07,65.09620848657958,65.78567699771803,64.93503465046906,65.71404266357422,31969800
2013-06-10,65.83941654785296,66.0453636045095,65.59765914618717,65.74092102050781,25390000
2013-06-11,65.0872802734375,65.66929063931421,64.86342803073775,65.0872802734375,40278900
2013-06-12,65.46332263343646,65.49018379813796,64.2366104044737,64.3351058959961,42081900
2013-06-13,64.24557576918629,65.29320233382441,64.0664967574525,65.14994049072266,28221500
2013-06-14,65.14996076389,65.2215882920165,64.62166590145723,64.72016143798828,27690700
2013-06-17,65.23052395168891,65.72300148075756,65.0066717714625,65.34693145751953,32441900
2013-06-18,65.43648135943454,66.00954248534413,65.41856935657191,65.88418579101562,24853100
2013-06-19,65.90208053771626,65.97371487498035,65.07830615345858,65.14994049072266,43145100
2013-06-20,64.3977967382096,64.61269976043336,63.385987293089705,63.60088348388672,60908400
2013-06-21,63.57753625022848,63.74820433887602,62.733186994442825,63.263153076171875,51558900
2013-06-24,62.74216493038126,63.119424700776065,62.1133986463899,62.63438034057617,41492300
2013-06-25,63.23621310238826,63.34399771371282,62.706246968896295,63.092491149902344,28897400
2013-06-26,63.63144466449657,63.775166639340654,63.40688421858339,63.65839767456055,23742300
2013-06-27,63.99069872050964,64.33203474939158,63.891891644047625,63.92782211303711,23545000
2013-06-28,63.730255452836005,64.39495934493414,63.586540322815694,64.01769256591797,28301100
2013-07-01,64.44884858487018,64.94288431175458,64.3500414394933,64.41291809082031,24942800
2013-07-02,64.38592705894412,64.83504764198558,64.08950582940807,64.4398193359375,23067900
2013-07-03,64.2062963687919,65.00573064266099,64.15239722633659,64.70032501220703,18847500
2013-07-05,65.06859797025234,65.22129733714881,64.54761640350772,65.19435119628906,28795900
2013-07-08,65.53570826551987,65.5626544178361,65.0147264772737,65.25725555419922,20558500
2013-07-09,65.56263542487157,65.79618009902242,65.25723664970624,65.65245819091797,26108600
2013-07-10,65.58958850018708,66.12853885949153,65.5536648724027,66.02973175048828,25598900
2013-07-11,66.73933593804635,67.39504829460749,66.6944211287311,67.34115600585938,47768900
2013-07-12,67.3860447173157,67.68246592685067,67.20639923743522,67.63755798339844,31412600
2013-07-15,67.70942266860219,67.83517589482193,67.52079282927258,67.79026794433594,19783600
2013-07-16,67.84416976793332,67.89806205731082,67.52978665816823,67.70045471191406,31747100
2013-07-17,67.9070700161324,68.03282330379055,67.68250959487995,67.87113952636719,24631500
2013-07-18,67.86213843308437,68.0327996337924,67.59266328012126,67.70045471191406,36278800
2013-07-19,67.11662322306141,67.13458504233989,66.80223998788391,66.99984741210938,37732400
2013-07-22,67.25134024847685,67.35014735683683,66.99084940398588,67.19744110107422,21135900
2013-07-23,67.32319688456816,67.33218121831237,66.64951576756566,66.70341491699219,24739500
2013-07-24,67.35915053939063,67.38609669685454,66.76631451606119,66.91901397705078,24426900
2013-07-25,67.23336457532542,67.42199443898154,66.88305099238723,67.34115600585938,23162200
2013-07-26,67.07168163934607,67.70943219145177,66.96389706059107,67.70045471191406,20885600
2013-07-29,67.56573032631499,67.85316734750778,67.39506223924957,67.57471466064453,20958400
2013-07-30,67.81724441956123,68.22145041991881,67.68250680176207,67.93401336669922,24104600
2013-07-31,68.06876827315938,68.45501255399718,67.93403062113845,68.05978393554688,25007600
2013-08-01,68.52687385614377,68.85024148122758,68.45501286100476,68.75143432617188,16880000
2013-08-02,68.76040492538179,69.15562661359698,68.60769862796197,69.13766479492188,18105300
2013-08-05,69.10171770816052,69.23645530150458,68.96698011481645,69.18255615234375,15462800
2013-08-06,69.09273087442996,69.15560750197693,68.49091074604638,68.76936340332031,23675400
2013-08-07,68.57176999871383,68.77836861080671,68.14960214450755,68.64363098144531,20281200
2013-08-08,69.02087846585813,69.14663858957337,68.53583405213041,68.98495483398438,19994000
2013-08-09,68.86818859979898,69.11071769335155,68.50889055385754,68.70650482177734,18558500
2013-08-12,68.44600468816486,68.99393259246997,68.43702720668001,68.86817932128906,20515900
2013-08-13,68.95802647034247,69.40714741267465,68.46399754560213,69.25444793701172,23917000
2013-08-14,69.22749467504222,69.32630182046219,68.89514274471674,68.99394989013672,29921000
2013-08-15,68.22141623014178,68.25734670041734,67.62858060318625,67.8261947631836,39406600
2013-08-16,67.83520189221889,68.14959193129302,67.68250246657914,67.79927825927734,23825000
2013-08-19,67.80825602151613,68.38313009351188,67.66454093003695,67.68250274658203,29586900
2013-08-20,67.80825950767424,68.29331081580301,67.75436720222876,67.97892761230469,18842800
2013-08-21,67.76335288717488,68.34720448256938,67.4938776485005,67.7453842163086,30705100
2013-08-22,68.04178245327498,68.45497265306895,68.00585197680971,68.41006469726562,17269500
2013-08-23,68.89512547182221,68.95800210741267,68.62565711345138,68.86817932128906,20697300
2013-08-26,68.92208243961306,69.41611121822781,68.76039867407522,68.90411376953125,27525500
2013-08-27,68.08668555883104,68.42801474702411,67.33215938882994,67.49384307861328,40068900
2013-08-28,67.41303467351396,68.04180105092051,67.41303467351396,67.75436401367188,20490400
2013-08-29,67.73639426439499,68.57175227381742,67.63758715193967,68.23042297363281,27287900
2013-08-30,68.30226518052683,68.30226518052683,67.54773897017155,67.79026794433594,26228500
2013-09-03,68.34716720438757,68.6615570957119,67.85313867365952,68.17650604248047,27241500
2013-09-04,68.4100849909165,69.02088271290425,68.20348640321382,68.90411376953125,27142900
2013-09-05,68.94901991127549,69.21848825122039,68.92207376258489,69.0208740234375,17809700
2013-09-06,69.25443742856703,69.47001352932396,68.31128770460501,69.10173797607422,27715100
2013-09-09,69.3981284383822,70.02689464052298,69.37118229443868,69.91012573242188,25161900
2013-09-10,70.31435674524067,70.3502872343616,69.99098919619237,70.25148010253906,27619400
2013-09-11,69.78440754488703,70.16166745567017,69.69457788257014,70.11675262451172,28132900
2013-09-12,70.13469975259848,70.28739916676177,69.92810118699481,70.07182312011719,18332700
2013-09-13,70.14369878199035,70.1886136131488,69.73949271372858,70.11675262451172,16932500
2013-09-16,70.70958088589153,70.70958088589153,69.76642445083833,69.92810821533203,25704300
2013-09-17,70.08077459098509,70.48498723809077,70.04485097407635,70.3951644897461,27174300
2013-09-18,70.50297470139745,71.38325440278176,70.35925962235774,71.23953247070312,31714700
2013-09-19,71.4640790551854,71.58085481571796,71.28443352780276,71.41018676757812,26435700
2013-09-20,71.57958452434781,71.66067259019144,71.1291151267783,71.16515350341797,26328900
2013-09-23,71.46246946540424,71.54355753636524,70.68766150279795,71.02101135253906,30319400
2013-09-24,71.17416930771013,71.39940402070921,70.786765326407,71.02101135253906,21871300
2013-09-25,71.0750672153738,71.17417104139685,70.63360909175543,70.77775573730469,22746400
2013-09-26,71.06602042813792,71.49847389615499,71.0389933751896,71.3272933959961,22421700
2013-09-27,70.91288988589801,71.36335927168591,70.80477475880667,71.23722839355469,25151600
2013-09-30,70.4984738550564,71.25525928464266,70.27323911430543,71.0660629272461,28031900
2013-10-01,71.07503905775613,71.82281967654977,71.03900069224152,71.78678131103516,33129700
2013-10-02,71.30028498390728,71.85886942746346,71.22820824145812,71.759765625,25503800
2013-10-03,71.66968639319624,71.82284434402375,70.54351286013922,70.92190551757812,42998200
2013-10-04,70.9218920788077,71.63363444166801,70.85882664785129,71.53453063964844,22852700
2013-10-07,70.90387251605362,71.48948404227094,70.87684545499413,70.93991088867188,20227100
2013-10-08,70.939919564354,71.00298500574442,69.54346854110393,69.57049560546875,43660700
2013-10-09,69.73264823436722,69.76868660279784,68.78665996550706,69.35425567626953,64526700
2013-10-10,70.1020383407602,70.98496129484587,70.0840225910762,70.82279205322266,48062700
2013-10-11,70.64260869460723,71.43543229774622,70.63359738274856,71.38137817382812,25214100
2013-10-14,70.93992904270587,71.88591766357422,70.88587490675403,71.88591766357422,31471900
2013-10-15,71.83186314806933,72.17421746331956,71.51652902703374,71.60662841796875,38684000
2013-10-16,71.93996869997665,72.45350359024894,71.88591456635375,72.41746520996094,46735900
2013-10-17,72.09310167687916,72.85890496377581,72.03003625163522,72.83187103271484,32193500
2013-10-18,73.49859584807812,74.0391578040611,73.29137688024859,74.01213073730469,39628200
2013-10-21,74.18329032679743,74.36348219356202,73.94003989868636,74.17428588867188,31176900
2013-10-22,74.46257098080574,74.68780561361301,73.81389413854234,74.28237915039062,43944800
2013-10-23,73.92203908566204,74.0571744210201,73.47156963815311,73.83193969726562,38021300
2013-10-24,73.87696884915619,74.3094224229083,73.76885373731406,74.15625762939453,23155100
2013-10-25,74.84998203135663,75.03016700550594,74.32743598326098,74.68781280517578,35824500
2013-10-28,74.69680611186918,74.82293693809575,74.37246773768244,74.705810546875,28618400
2013-10-29,74.95807816292157,75.01213914533007,74.50760892666936,74.83194732666016,36878100
2013-10-30,75.09323057660608,75.21936143011436,74.39951088231058,74.7598876953125,33535500
2013-10-31,74.57069960422456,75.04820293023383,74.30943340748051,74.5887222290039,31309900
2013-11-01,74.8409735743167,74.93106606482668,74.23734632692188,74.60672760009766,30867800
2013-11-04,74.8319785846351,74.84098989773645,74.4535859177929,74.71485900878906,16834000
2013-11-05,74.42652488174967,74.97609787858758,74.2103015813328,74.79590606689453,27975600
2013-11-06,75.11122744824844,75.13825449707542,74.53462749456072,74.77787780761719,25576800
2013-11-07,74.78691752556225,74.89502576193892,73.30937872374022,73.37244415283203,52173200
2013-11-08,73.64271836398459,74.38148773225807,73.43550633767272,74.36347198486328,31470500
2013-11-11,74.255365216709,74.4535728283853,74.00310348316341,74.2463607788086,24822900
2013-11-12,74.02111779543466,74.47158709007986,73.98507942702913,74.36347198486328,20108500
2013-11-13,73.87695067149905,75.27340797632081,73.87695067149905,75.26439666748047,31345900
2013-11-14,75.06618091825264,75.55268843828947,74.90401174490704,75.4986343383789,31101200
2013-11-15,75.51667614776343,75.64280700683594,75.32747985915466,75.64280700683594,20511300
2013-11-18,75.62480653779623,75.77796448709749,74.75990609786136,74.904052734375,31679600
2013-11-19,74.85898646853278,75.21936329044759,74.56168194854803,74.68781280517578,25545300
2013-11-20,74.88603654902171,75.16532538126268,74.29141363359787,74.50763702392578,32177400
2013-11-21,74.82293876490922,75.32746208213351,74.7598733502562,75.26439666748047,28125000
2013-11-22,75.39054915988942,75.6968650123326,75.33649503854453,75.66983795166016,25361300
2013-11-25,75.94008329188917,76.02116443225157,75.66079464360116,75.84999084472656,21695100
2013-11-26,75.86804448149257,76.43563336838459,75.70587524614963,76.2464370727539,26621000
2013-11-27,76.39959207638722,76.7960003658174,76.33652665259498,76.77798461914062,21638100
2013-11-29,77.08430012735928,77.33656182154452,77.00321895720646,77.23746490478516,16708900
2013-12-02,77.32754171447444,77.44466122772147,76.89508827378324,77.01221466064453,26354600
2013-12-03,76.95817741107959,77.1563850127707,76.65186157109616,76.94917297363281,37147000
2013-12-04,76.62483191802627,77.27350194667405,76.38157464286923,77.021240234375,37193200
2013-12-05,77.0843036206846,77.1744029786473,76.7329381202011,76.92213439941406,39829300
2013-12-06,77.57080536810031,77.64288209952673,77.11132479727614,77.480712890625,36842900
2013-12-09,77.79605102539062,77.95822025727819,77.66090885321492,77.79605102539062,22590000
2013-12-10,77.66994289058805,77.88616630516641,77.58886168772807,77.74201965332031,26965900
2013-12-11,77.73298208393604,77.84109719151671,76.63383588118886,76.74195098876953,36830600
2013-12-12,76.76896630725646,76.95816256137746,76.48967758073714,76.54373168945312,33662600
2013-12-13,76.90410638708195,76.94014474979633,76.3184950217993,76.44462585449219,34072000
2013-12-16,76.82305333503305,77.30956114279309,76.76899920315459,76.86810302734375,24902500
2013-12-17,76.86810852855207,77.05730487728484,76.57079703470697,76.71495056152344,24454900
2013-12-18,76.80505262723437,77.6789645897515,75.72392853618145,77.60688781738281,68387200
2013-12-19,77.48070984453888,77.48972115401676,77.0482563465973,77.39061737060547,44964100
2013-12-20,77.53705907580874,78.34144110770255,77.48283324301421,78.17875671386719,40475400
2013-12-23,78.82045642995791,79.001220703125,78.58546632256667,79.001220703125,28181800
2013-12-24,79.01925002844058,79.09155569776206,78.8746386897976,79.03732299804688,13852500
2013-12-26,79.18197738919726,79.3627347653335,79.02833292993627,79.29946899414062,15241100
2013-12-27,79.39887227396473,79.44406505699017,79.00120474423316,79.10061645507812,15827400
2013-12-30,78.983154296875,79.09161287927041,78.7572040884744,78.983154296875,18983700
2013-12-31,79.12772120923218,79.49827575683594,79.10060140730573,79.49827575683594,24890500
2014-01-02,79.12772657758416,79.1548394859008,78.64870658067441,78.8746566772461,29177500
2014-01-03,78.87465911256353,78.9469648006069,78.2871943596985,78.30526733398438,35723700
2014-01-06,78.32338627281038,78.41376498022211,77.72687439207682,78.0160903930664,32073100
2014-01-07,78.37756844217826,78.85658153043794,78.23295707454162,78.73908996582031,25860600
2014-01-08,78.7571755761442,79.12773709358491,78.58545127338382,78.91082000732422,27197400
2014-01-09,79.20001561882039,79.2090555522964,78.37756095417335,78.64869689941406,23674700
2014-01-10,78.83855153780793,78.99219602809744,78.25107960354732,78.90181732177734,38008900
2014-01-13,78.7933383199025,79.06448126405724,77.43763739003181,77.73589324951172,48842300
2014-01-14,77.99799495226121,79.28139015616625,77.99799495226121,79.21812438964844,37178900
2014-01-15,79.56159296011415,80.02253335468677,79.48025418807683,79.86888885498047,39835600
2014-01-16,79.80556986832323,79.9953671053442,79.67903837697592,79.87786865234375,31630100
2014-01-17,79.63387969605007,79.86886980720506,79.23620518416502,79.4260025024414,36895800
2014-01-21,79.93212130677374,80.06768587029813,79.36272255816797,80.03153991699219,26412700
2014-01-22,80.23939514160156,80.43823232477743,80.00440511644375,80.23939514160156,29376900
2014-01-23,79.99538225921948,80.00441529927751,79.40791056927728,79.96826934814453,35011900
2014-01-24,79.57963610480972,79.69712768644595,78.36853985949931,78.3956527709961,63974600
2014-01-27,78.39563300408476,78.53120442283583,77.04897254084146,77.63644409179688,63519300
2014-01-28,77.27494925363902,77.67262371365243,77.10322493764212,77.59127807617188,44378800
2014-01-29,76.92248054951617,77.49187252607312,76.60615167365118,76.75979614257812,51939300
2014-01-30,77.6997434696441,78.4498996687434,77.61839782500053,78.17875671386719,65833600
2014-01-31,77.31110799175397,78.34144017529789,77.22976234807857,77.97087860107422,45187000
2014-02-03,77.82626746603255,78.1787491359342,75.98251347976563,76.18135070800781,65596900
2014-02-04,76.5699901520231,77.04900338061863,76.3350000584936,76.74171447753906,37675500
2014-02-05,76.48863684682755,76.81400559128541,75.68425492176529,76.5428695678711,41721800
2014-02-06,76.76882504794028,77.61839292167654,76.7507451745164,77.51897430419922,32308600
2014-02-07,77.952823666783,78.95604316647874,77.7268734532561,78.90181732177734,38359400
2014-02-10,78.8746861837552,79.38985232084097,78.82046034683637,79.35370635986328,30205400
2014-02-11,79.52538624735601,80.41111357291537,79.43500759669462,80.2574691772461,38635500
2014-02-12,80.42016511811156,80.59188251052697,80.1670952060914,80.41112518310547,32507200
2014-02-13,79.82369063691132,81.07093332505954,79.80561765394681,81.0076675415039,40454500
2014-02-14,80.98053655397827,81.3510981288906,80.73651341340192,81.17033386230469,33212400
2014-02-18,81.30589780278846,81.7216452342262,81.10706057569845,81.56800079345703,29546600
2014-02-19,81.41438206046436,81.60417941113127,80.84498311301039,81.0076675415039,41749900
2014-02-20,81.0618916148105,81.54090490986992,80.7184429161245,81.38726043701172,41814800
2014-02-21,81.64931736187312,81.76681581621939,81.17934423083558,81.27876281738281,31192200
2014-02-24,81.46860115533632,82.08318595701132,81.37822245709495,81.71263122558594,31500400
2014-02-25,81.83010005436012,81.99278442406862,81.36011992166856,81.62222290039062,26771700
2014-02-26,81.8391350018875,82.10123106918303,81.22455040883347,81.54991912841797,42953700
2014-02-27,81.56172077837783,82.16070164507389,81.43466402107641,82.07902526855469,28742400
2014-02-28,82.06088710444894,82.55096623586621,81.26224347773673,81.98828125,48609800
2014-03-03,81.21683596176447,81.59801310827291,80.65415808790458,81.38019561767578,38885700
2014-03-04,82.26959781831408,82.56909166788039,82.18791453021741,82.41480255126953,33189000
2014-03-05,82.55093928883558,82.78690477673094,82.37850217182668,82.64169311523438,27203300
2014-03-06,82.83232173079907,82.89585013505017,82.26964355716838,82.56913757324219,24063900
2014-03-07,82.83229999653514,82.91398330861193,81.7432399453943,82.16071319580078,31167800
2014-03-10,82.1153428261936,82.27870253242637,81.70694009857408,82.23332214355469,18131700
2014-03-11,82.43295607077593,82.64168916911889,81.63430581882636,81.87934875488281,27484300
2014-03-12,81.5072782100458,82.23332289416872,81.20779118261471,82.18794250488281,27977200
2014-03-13,82.49650521985045,82.52373068092098,80.65417516394965,81.0262680053711,48542000
2014-03-14,80.76308800654783,81.11703289681398,80.43636858105978,80.47267150878906,38732300
2014-03-17,80.98997969441838,81.59804510568748,80.94460622580627,81.1805648803711,28467200
2014-03-18,81.28038630782571,82.26054450829744,81.25316084515843,82.16071319580078,31250200
2014-03-19,82.18791218289769,82.2786729279847,81.1805288442717,81.71598815917969,40869400
2014-03-20,81.46191514818987,82.18795300095853,81.2985554196036,81.94291687011719,31634500
2014-03-21,82.41224300158484,82.45772714862335,80.80220551905614,80.95684051513672,62754000
2014-03-24,81.24794935421747,81.31162301833884,79.5105639818151,80.24736022949219,77735300
2014-03-25,80.66576629473437,81.18425368774892,79.83800194558626,80.5111312866211,41723300
2014-03-26,80.91138875587144,81.0933184769431,79.46508390787535,79.47418212890625,40930400
2014-03-27,79.36500708889149,79.7197612931793,78.59182502672338,79.0284423828125,64784500
2014-03-28,79.28316508535812,80.05634735376756,78.96478979256341,79.18310546875,39895100
2014-03-31,79.80162216305632,80.28372361881772,79.70156258470128,79.74703979492188,33924300
2014-04-01,80.13817825437184,81.20244072252353,79.78342409832128,81.14786529541016,38683800
2014-04-02,81.49353239750944,81.57540248930177,80.99324138731897,81.35709381103516,34631600
2014-04-03,81.4389558319895,81.57540135647675,80.24734592727675,80.71125793457031,30319100
2014-04-04,81.24793564927174,81.3298057407087,78.35531965014117,78.56453704833984,131213200
2014-04-07,78.07336689016627,78.80106507015189,77.27288987029861,77.81867218017578,83995800
2014-04-08,77.909600786431,78.64639687871076,77.63670974637539,78.53723907470703,51495700
2014-04-09,78.82832716220629,79.92897566977709,78.61910977122325,79.88349151611328,45685200
2014-04-10,79.93805731339823,79.93805731339823,77.19098548494158,77.40929412841797,73659600
2014-04-11,76.71799190416887,77.7185878611091,76.32685868088441,76.50878143310547,93657400
2014-04-14,77.18191037168143,77.5184751252174,76.39962998015037,77.10913848876953,46500700
2014-04-15,77.39112591625134,77.80955382294644,75.75379329013262,77.36383819580078,84631500
2014-04-16,78.0369769429046,78.39173126220703,77.40023326063385,78.39173126220703,46970900
2014-04-17,78.09152857651075,78.80103699870912,77.89140939283268,78.40989685058594,53719500
2014-04-21,78.59181878293141,78.99205017089844,78.22796638849188,78.99205017089844,25947900
2014-04-22,79.26495098032653,79.81982438882038,79.12850544809054,79.61970520019531,38593400
2014-04-23,79.61969110211903,79.64697881575286,78.8737968565318,78.91928100585938,34376700
2014-04-24,80.22006805358986,80.23825755379649,78.81924058079017,79.67428588867188,48926300
2014-04-25,79.20127237689827,79.29223374607133,78.20978165506898,78.40080261230469,44334000
2014-04-28,78.77376669466227,79.23767881938596,77.41842320546809,78.655517578125,58623800
2014-04-29,78.89202473360955,79.42870182204511,78.50997577075502,79.28316497802734,36742700
2014-04-30,78.91927730870641,79.57421016486352,78.71915816489103,79.49234008789062,38689400
2014-05-01,79.61972399639768,80.18369575748888,79.41960476052952,79.7288818359375,37127200
2014-05-02,80.00174850105998,80.14729225523266,79.39229964525526,79.58332061767578,40074200
2014-05-05,79.11030839759793,80.01993593913195,78.91928744666468,80.00173950195312,27924400
2014-05-06,79.8744027470806,79.91988690612548,78.92838914619496,78.96477508544922,33698500
2014-05-07,79.12849054800684,79.21036062789533,77.80043529346234,78.73735046386719,67489100
2014-05-08,78.45537155052881,79.61969363532835,78.27344882724402,78.66458892822266,46556900
2014-05-09,78.6191389172262,79.01027918805458,78.09155307473021,78.95570373535156,35081500
2014-05-12,79.42866728324498,80.28371929223303,79.35589542292546,80.25643157958984,38951100
2014-05-13,80.32920176438506,80.60209278851394,80.15637725968332,80.3110122680664,30311900
2014-05-14,80.06541790780854,80.36559667992188,79.70157242150998,79.89259338378906,26483600
2014-05-15,79.87439479089534,80.01084031453055,78.75555676488341,79.26494598388672,59680300
2014-05-16,79.35592871118664,79.8289390617756,78.81015340966123,79.78345489501953,66804100
2014-05-19,79.54693172259203,80.46565755191308,79.4104931330114,80.33831024169922,32017000
2014-05-20,80.30192821437166,80.59300878616276,79.71976707078946,80.04723358154297,33716000
2014-05-21,80.19277730148823,80.85680160250737,80.1472931428285,80.81131744384766,36837700
2014-05-22,80.90229902327418,81.39349886970567,80.77495168604113,81.16609191894531,30617100
2014-05-23,81.24795015951923,81.7755359188449,81.06602738591472,81.75733947753906,22687300
2014-05-27,82.12118240489093,82.79430491675988,82.04841052795695,82.77611541748047,29725200
2014-05-28,82.74881495652501,82.86706403340303,82.45773443351928,82.52140808105469,30468100
2014-05-29,82.81249847920856,83.05809488044405,82.64876523174894,83.04900360107422,33036100
2014-05-30,83.06721131941784,83.1854604363331,82.62149563575787,83.05811309814453,29906400
2014-06-02,83.15813424971732,83.17633068384764,82.44862599657213,82.97621154785156,30409900
2014-06-03,82.70335993533945,83.07631067362732,82.59420903820899,82.93986511230469,21774500
2014-06-04,82.73064269901411,83.38557580216465,82.60329536672475,83.24913024902344,20118300
2014-06-05,83.32188629400603,84.10416658071077,83.03990396039426,83.94953155517578,35583100
2014-06-06,84.25879391820166,84.43162536621094,84.09506068848421,84.43162536621094,22680600
2014-06-09,84.44982885671253,84.57718311418024,84.14055878261351,84.36796569824219,23399500
2014-06-10,84.2951807969158,84.55897361108076,84.19512121430469,84.51349639892578,20626000
2014-06-11,84.22240925934142,84.61354937292339,84.14054611319757,84.49530029296875,22878200
2014-06-12,84.31340053864076,84.40436192800045,83.44015870895112,83.73123931884766,35275900
2014-06-13,84.09508627234287,84.18605460312189,83.61298465481487,83.97683715820312,39447100
2014-06-16,83.83128238509101,84.29518746124702,83.6493527023661,84.04959106445312,25212300
2014-06-17,83.98594187191944,84.32249973814653,83.84949630511205,84.0950927734375,19977900
2014-06-18,84.17693695103313,84.68632617424599,83.66754772782026,84.56807708740234,34514000
2014-06-19,84.6954191273602,84.74999455790906,84.13144756536192,84.51349639892578,38422200
2014-06-20,84.54908552569078,84.70414307970262,84.39403493023723,84.61293029785156,25897500
2014-06-23,84.60381875708954,84.6585408620511,84.3758007083382,84.63117980957031,20837900
2014-06-24,84.62201678830233,85.3425543138045,84.30279306397992,84.5490493774414,31945800
2014-06-25,84.35755867028696,85.23314717674478,84.34844295814223,85.08721923828125,32818600
2014-06-26,85.14192753982988,85.15105020905428,84.47611881616132,85.13280487060547,22563900
2014-06-27,85.02333219735324,85.52496749975904,84.9959711574018,85.50672912597656,22877800
2014-06-30,85.48849860062852,85.86244444522144,85.4337695571457,85.65267181396484,19751900
2014-07-01,85.95367031198107,86.82014295748239,85.91718659399133,86.59212493896484,31862500
2014-07-02,86.64684655297772,86.86574190113647,86.5647634068773,86.73805236816406,18777300
2014-07-03,87.02077598573693,87.28527069091797,86.78363536332535,87.28527069091797,15291700
2014-07-07,87.184956374676,87.29440751628515,86.8566168669624,87.02079010009766,23266400
2014-07-08,86.85661181377935,86.92045656969773,85.61619344860235,85.9719009399414,40612400
2014-07-09,86.19992196830174,86.71068003371411,85.95365864493738,86.6103515625,29919000
2014-07-10,85.49761950533826,86.69243844778599,85.39729103783753,86.33673095703125,44245300
2014-07-11,86.55562713542115,86.8930892944336,86.2911254419573,86.8930892944336,19566300
2014-07-14,87.28529721800975,87.61364373081261,87.1393693004073,87.4129867553711,19579000
2014-07-15,87.5497825114281,87.67747202479644,86.49178269229657,87.11199188232422,39467500
2014-07-16,87.74129713683892,87.83250987615723,87.36735134814298,87.45855712890625,22052600
2014-07-17,87.22143481733285,87.53154288720563,86.02662283417486,86.30024719238281,43111500
2014-07-18,86.7471405886926,87.71393437114365,86.64681214426223,87.6683349609375,36682200
2014-07-21,87.48592388358642,87.70482612198734,87.1484617768571,87.55889129638672,29750700
2014-07-22,87.96936051869156,88.25210763126474,87.87815469080545,88.11529541015625,25770400
2014-07-23,88.42536963310387,88.78107712430429,88.26119640958395,88.68075561523438,28947500
2014-07-24,88.83580045489512,88.93612891606574,88.4527319441833,88.5804214477539,24707200
2014-07-25,88.12438151896069,88.35239947335387,87.76867406679176,88.23382568359375,29898900
2014-07-28,88.32505997945391,88.48923323794412,87.57716112601142,88.26121520996094,25603400
2014-07-29,88.45271657760006,88.65336650652705,88.03315747183541,88.10612487792969,27022200
2014-07-30,88.59867142837322,88.76284466283357,88.10615172499213,88.45274353027344,35348500
2014-07-31,87.7230763327777,87.86900421951351,86.53738006972561,86.66506958007812,50047900
2014-08-01,86.48267554789606,86.95694997431501,85.77126042898874,86.34586334228516,60708000
2014-08-04,86.52829100184783,87.2761899178488,86.20906016912275,86.938720703125,33230500
2014-08-05,86.5921189543014,86.8383753355154,85.87158123055772,86.27288818359375,50331100
2014-08-06,85.7347634278196,86.7471638505135,85.6617960016572,86.20903778076172,34431900
2014-08-07,86.61034844580846,86.7745216692913,85.63443177248166,85.93541717529297,33274700
2014-08-08,86.0722365019032,86.65596202085673,85.707406312918,86.55563354492188,40236900
2014-08-11,86.8931103154659,87.34003067731088,86.8292655435678,87.06640625,28277500
2014-08-12,86.97518513414546,87.25792522304285,86.58299390185701,87.0299072265625,28152300
2014-08-13,87.38560090486627,87.98757166034582,87.34000148792613,87.95108795166016,27996500
2014-08-14,88.06965068028347,88.42535812519118,87.95108385149945,88.40711975097656,25006600
2014-08-15,88.91789857072395,89.0455880958188,87.99671084804783,88.8358154296875,55205500
2014-08-18,89.3009487825908,89.60192717293693,89.17325233514804,89.51984405517578,38938300
2014-08-19,89.72965969902091,90.07625158528515,89.67493759426702,90.02152252197266,21363400
2014-08-20,89.94856203515367,90.20394113541663,89.86647191946423,90.02152252197266,23435600
2014-08-21,90.06706818186902,90.24947971375252,89.93025605367946,90.2038803100586,19339500
2014-08-22,90.24041553116976,90.52315565458663,90.0397585563999,90.34074401855469,24692000
2014-08-25,90.76938679468687,90.91532162973978,90.44104733292968,90.65994262695312,24124700
2014-08-26,90.79676604921457,90.85148813986412,90.54138005621749,90.75115966796875,20100400
2014-08-27,90.77852421860575,90.8788526943752,90.57786726706688,90.76940155029297,15589100
2014-08-28,90.45932585094218,90.7785497460867,90.3681200178379,90.66910552978516,23563900
2014-08-29,90.8697262064006,91.12511219852409,90.54137974651287,91.00653839111328,17906300
2014-09-02,91.22543548813918,91.29840291588123,90.89709598041381,91.27104187011719,18326800
2014-09-03,91.51728554067988,91.51728554067988,90.5687369458912,90.73291015625,25950700
2014-09-04,90.94268057591772,91.40783915373447,90.42279991549515,90.65081787109375,24663500
2014-09-05,90.78764874667772,91.16159465247729,90.32249007299598,91.10687255859375,30798200
2014-09-08,91.13420891556373,91.50816167860967,90.86059156171689,91.28014373779297,25571300
2014-09-09,91.28927704233263,91.62674616487234,90.34984405845009,90.52313995361328,36449200
2014-09-10,90.64170998331666,91.30752558398821,90.3863309447764,91.27104187011719,31080100
2014-09-11,90.87888095375686,91.2437112555869,90.51405065192682,91.19810485839844,28691900
2014-09-12,91.11597866090189,91.14333970286903,90.45016315262566,90.73291015625,30444400
2014-09-15,90.83322394654935,90.84234661261597,89.58369007908172,89.85730743408203,32972200
2014-09-16,89.51987883620981,90.8150195601568,89.42867301707628,90.6417236328125,38166900
2014-09-17,90.62347573405478,91.20720126546921,90.23128449027098,90.77852630615234,37196500
2014-09-18,91.06127151438758,91.47170811825336,90.96094998923742,91.46258544921875,30196700
2014-09-19,91.8447005456105,91.93612330087994,91.04017053408647,91.40586853027344,46918000
2014-09-22,91.18646319030385,91.1956075601328,90.16251697299762,90.5556411743164,48658000
2014-09-23,90.18996606485457,90.71108367598494,90.12596940998284,90.3088150024414,33989600
2014-09-24,90.40024449061642,91.3236308436447,90.08940556540433,91.27791595458984,35959000
2014-09-25,90.98537448646339,91.10423042845248,89.32145407464162,89.35802459716797,68642500
2014-09-26,89.65055970941098,90.47337882569902,89.49514025830999,90.3088150024414,56106200
2014-09-29,89.41285251541348,90.43679888664285,89.36713763450723,90.18995666503906,33342700
2014-09-30,90.43678867007463,90.78420498544715,89.88824503672578,90.31793975830078,41834300
2014-10-01,90.06196845244675,90.15339124430835,88.5900384856056,88.87345123291016,58164900
2014-10-02,88.83688072114313,89.14772658360688,87.73979326858004,88.87345123291016,54501300
2014-10-03,89.39456015531898,90.11681199871765,89.08372129809263,89.75111389160156,41627800
2014-10-06,90.03454512974757,90.25396123210375,89.28486705284455,89.55913543701172,36038700
2014-10-07,89.13857522854015,89.39456181574275,88.27918570712166,88.288330078125,45154000
2014-10-08,88.3340382756587,90.29051501568631,87.82205816487284,90.00709533691406,64931600
2014-10-09,89.88823583744319,90.11679624253993,88.41630627061136,88.5534439086914,62497100
2014-10-10,88.03235724137463,88.526048725998,86.32272230249994,86.34101104736328,77579400
2014-10-13,86.18558501274622,86.84384032860396,84.91478926828682,84.98793029785156,80835900
2014-10-14,85.5181648864729,86.0941346156637,84.75934264198406,84.9970474243164,71814500
2014-10-15,83.71712818531003,84.80507824821333,82.50118481796069,84.44852447509766,108847800
2014-10-16,82.66575236057953,84.64051824695183,82.63832621912086,83.91826629638672,93165800
2014-10-17,85.02445983886719,85.83813421910138,84.53076858988648,85.02445983886719,69546700
2014-10-20,85.015355610884,86.36843674418333,84.8416543862527,86.29529571533203,41479300
2014-10-21,87.36491519022691,88.56257629394531,87.14549918405545,88.56257629394531,53609800
2014-10-22,88.83688095007311,88.9557368574002,88.05063238283573,88.1054916381836,39178000
2014-10-23,88.9923055218465,89.92483619026093,88.83688606881486,89.43114471435547,48123800
2014-10-24,89.62311511790529,90.22651800400182,89.26656140343398,90.16252136230469,43157600
2014-10-27,89.9888195349495,90.3910881539872,89.61397705355321,90.22652435302734,29545700
2014-10-28,90.64707716569357,91.60702688440081,90.58308051777976,91.5887451171875,34495100
2014-10-29,91.28708169421466,91.53393099270832,90.60140004857693,91.2505111694336,40552800
2014-10-30,90.83906316305895,91.66188215414142,90.6379288568931,91.44245910644531,35935800
2014-10-31,92.96009575026662,93.02409238985965,92.40240775876575,92.70410919189453,54254100
2014-11-03,92.86868137613071,93.22523511113049,92.73154371456667,92.97838592529297,33481000
2014-11-04,92.68583090019797,92.90525395363244,92.03672006112158,92.66754913330078,22773300
2014-11-05,93.2800927578201,93.2800927578201,92.35670655689532,92.67669677734375,25818600
2014-11-06,92.66756727263231,92.99669494209816,92.26529857103789,92.96926879882812,24671900
2014-11-07,93.1337967764532,93.1703672784376,92.40240068698509,92.88694763183594,20931700
2014-11-10,92.93267463282547,93.33493625693775,92.68582545598903,93.2160873413086,20360000
2014-11-11,93.23437576691553,93.5086441040039,92.97838222047774,93.5086441040039,15454000
2014-11-12,93.13381843771045,93.77378493350723,93.13381843771045,93.6732177734375,22050300
2014-11-13,93.84694760571598,94.42291758481389,93.63666886566313,94.07550811767578,28027800
2014-11-14,94.04804354242863,94.36802673339844,93.73719774612194,94.36802673339844,19251300
2014-11-17,94.14862952453538,94.35890124563106,93.63664934142174,94.08463287353516,23361600
2014-11-18,94.16690477863682,94.9165827706856,94.15776040766596,94.78858947753906,26336800
2014-11-19,94.68803726270271,94.68803726270271,93.92007738264975,94.3589096069336,23760200
2014-11-20,93.95663041547873,94.86173485518763,93.88349636968452,94.77944946289062,22874000
2014-11-21,95.62055911466493,95.7119888868025,94.66060928323117,94.96231079101562,34049100
2014-11-24,95.21827284739192,95.74853469849356,95.13598746871935,95.70281982421875,17928300
2014-11-25,95.84907531738281,96.13249492488168,95.6022331819319,95.84907531738281,17526000
2014-11-26,95.94050178097362,96.52561576185686,95.83993466159286,96.47075653076172,18973800
2014-11-28,96.7267646774443,97.13817060998379,96.66276804404681,96.91875457763672,17360400
2014-12-01,96.6536569158138,96.83650250980179,95.46513962955497,95.82169342041016,35969500
2014-12-02,95.922230679637,96.3793514971821,95.72109640389954,96.20565032958984,26031300
2014-12-03,96.35194550429853,96.51650931201743,95.77597566483814,96.3793716430664,32974300
2014-12-04,96.28794905897887,96.70849946290235,95.93139530401956,96.33366394042969,31008800
2014-12-05,96.48906307667134,96.63533811133803,96.13250939672804,96.34278106689453,25622200
2014-12-08,96.09595123214535,96.5165016015834,95.15428334241334,95.65711212158203,32685800
2014-12-09,94.54175346909834,96.03196518006082,94.203481472082,95.95882415771484,46035100
2014-12-10,95.7851250377263,96.02282989528926,94.27663141598197,94.45033264160156,39330100
2014-12-11,94.72458438410453,96.03195031190074,94.7062956437937,94.8982925415039,47576000
2014-12-12,93.99320479110918,95.07201048094248,93.85607409016117,93.8652114868164,46889400
2014-12-15,94.34974391045466,94.69716023253133,92.63097196609787,92.89610290527344,52968400
2014-12-16,92.31096566512659,93.68232791949585,91.38757979415406,91.40586853027344,65348600
2014-12-17,91.46987096939904,93.33491761576924,91.35101510239723,93.06979370117188,79715300
2014-12-18,94.40461776965539,95.31885964275847,94.14863116120443,95.3097152709961,49840900
2014-12-19,95.40787424726449,96.11446020504042,95.1692837805313,95.72904968261719,51419900
2014-12-22,95.57304716126613,95.99516443011247,95.52716195767668,95.96763610839844,33869200
2014-12-23,96.31636427351117,96.32554271677613,95.51800773588096,95.62812805175781,30156900
2014-12-24,95.74742364928285,96.07777760905978,95.68318854605408,95.71072387695312,14291300
2014-12-26,95.98603343772713,96.59168481922238,95.95850510240508,96.38980102539062,13924300
2014-12-29,96.29802289405838,96.58249165049119,96.24295923070575,96.37142944335938,17073800
2014-12-30,96.09611032349144,96.31634390757623,95.6005795084761,95.72904968261719,18604000
2014-12-31,95.89423737976222,96.27047650417263,94.60952849311475,94.74717712402344,24367100
2015-01-02,95.21520183057768,95.61896237382727,94.00390619862526,94.46273040771484,31314600
2015-01-05,94.04978486043335,94.15990519152852,92.81096089029563,93.07707977294922,36521300
2015-01-06,93.21472977243933,93.37072832623343,91.4161396787198,91.8290786743164,66205500
2015-01-07,92.43470914857757,93.23305862676582,92.2144685329184,93.01282501220703,37577400
2015-01-08,93.80202123164372,94.9766100717754,93.70107934684162,94.79308319091797,40212600
2015-01-09,95.08672335065773,95.11425168063506,93.61848040825565,94.16907501220703,41410100
2015-01-12,94.35260517426289,94.45354705510547,92.94860428758162,93.18719482421875,34129800
2015-01-13,94.09561937009198,95.08668081252011,92.40714354212946,93.15961456298828,56162300
2015-01-14,92.22364225907765,93.12294055761036,91.82905326091023,92.64575958251953,51354200
2015-01-15,93.07706205287334,93.22388213194667,91.3335289818618,91.44364929199219,51005400
2015-01-16,91.32435031773302,92.63658758892907,91.17753023901554,92.51729583740234,35362200
2015-01-20,93.0770560418171,93.4899949262119,92.03093766699017,93.25141143798828,30964100
2015-01-21,92.9761357684793,94.1690814909796,92.64578178382081,93.72860717773438,40128800
2015-01-22,94.09565765158347,95.5638935333832,93.26977278022707,95.46295166015625,40887200
2015-01-23,95.45378582706654,95.96767370441097,95.17849550098025,95.67402648925781,34783000
2015-01-26,95.56388092041016,95.73823631499006,95.07752850510829,95.56388092041016,19960900
2015-01-27,94.05895530998025,94.1140119702971,92.77424622747733,93.08625030517578,45253200
2015-01-28,94.58200738548669,94.68294925578343,92.59071230981604,92.60906219482422,43591700
2015-01-29,92.53566525193659,93.67355435738152,91.72813714580644,93.49919891357422,46539700
2015-01-30,93.41660425754169,94.13236884597589,92.64577600769628,92.77424621582031,42927600
2015-02-02,92.98531424789972,93.66437210501995,91.53542809258485,93.581787109375,43624700
2015-02-03,93.92130542926613,94.54530657539763,93.30648272676778,94.48107147216797,30750400
2015-02-04,94.09565005175017,95.0224767214764,93.88458787902228,94.39847564697266,34073200
2015-02-05,94.6370490120602,95.27940690294318,94.39846553934045,95.21517181396484,23605500
2015-02-06,95.36198965908218,95.59140168597631,94.29752149486521,94.63704681396484,34169300
2015-02-09,94.27002392476186,94.78390479229205,94.10484693146975,94.33425903320312,22604700
2015-02-10,94.85729088088507,95.93093752587772,94.71046381775803,95.8024673461914,23686500
2015-02-11,95.91260879375997,96.37143299905199,95.72908191208386,96.15119934082031,20303600
2015-02-12,96.77517532402724,97.30741294374896,96.6283552571626,97.27070617675781,22520300
2015-02-13,97.54602312684246,98.12413907122145,97.36248925482435,98.10578918457031,29030200
2015-02-17,98.10577685927325,98.2617753800641,97.85800791345203,98.19754028320312,17675300
2015-02-18,98.07825003789983,98.39025410764363,97.94977983303507,98.33519744873047,15149600
2015-02-19,98.27093870283322,98.88576829467905,98.24341037803862,98.821533203125,19828100
2015-02-20,98.75730346857758,99.5373030515015,98.44529943474785,99.48224639892578,28336700
2015-02-23,99.42720000392016,99.61073387953103,99.20696635428864,99.58319854736328,17868000
2015-02-24,99.4547248260446,99.77590734675633,99.15190619389828,99.65660858154297,19745000
2015-02-25,99.50979350637562,99.89520414934739,99.1886109694642,99.40885162353516,19472300
2015-02-26,99.50976041698809,99.96858445874683,99.23446319149313,99.91352081298828,22255500
2015-02-27,99.87684401322474,99.94108611939933,99.31708495535901,99.47308349609375,27757600
2015-03-02,99.66576660174833,100.40905936640279,99.64740971804586,100.37235260009766,22988600
2015-03-03,100.06955014336557,100.17049201668355,99.27119360015085,99.90437316894531,20788900
2015-03-04,99.57401507259613,99.72083515424264,98.97754230086197,99.51895141601562,21007400
2015-03-05,99.77590558856369,99.99613922654414,99.2803746522818,99.69331359863281,15381000
2015-03-06,99.5648235699911,99.7575288399946,98.31682153474011,98.56459045410156,30990400
2015-03-09,98.7664680843377,99.09682197916231,98.36270765818523,98.84906005859375,26237100
2015-03-10,98.14245901217511,98.16999433540214,97.01375579833984,97.01375579833984,34234500
2015-03-11,97.16059609564277,97.27989485118746,96.41730323891348,96.45401000976562,25459700
2015-03-12,96.38060321366592,97.19730966926019,96.31636811045405,97.08719635009766,21473200
2015-03-13,96.99542353164729,97.38084114254532,96.05942533626863,96.66506958007812,42021100
2015-03-16,97.0229652698621,97.94978508304872,96.92202338904352,97.91307830810547,25674100
2015-03-17,97.64695156281601,98.22506742760399,97.41753950520327,98.0690689086914,19603800
2015-03-18,97.80297767580795,99.48227609159368,97.29826820622131,99.03262329101562,40622200
2015-03-19,99.13357338945775,99.45474898709305,98.98675325958288,99.17945861816406,31314000
2015-03-20,99.99615988951926,100.318074008231,99.80301141829223,99.82140350341797,31761400
2015-03-23,99.76622295387881,100.04214634150503,99.59146656300767,99.62825775146484,17268500
2015-03-24,99.6190675649748,100.07894693811893,99.2511696802214,99.26956176757812,22445300
2015-03-25,99.42595077878947,99.51792527930992,96.96099627193684,96.99778747558594,41581400
2015-03-26,96.19756231767306,97.21849507057216,95.8756481652279,96.66664123535156,47846300
2015-03-27,96.64826648486186,97.28289535146294,96.50110169323041,97.0529556274414,33878400
2015-03-30,97.64161596186958,98.24865323522738,97.64161596186958,98.16587829589844,30570200
2015-03-31,97.88991966197307,98.09226770066905,97.098926610999,97.12651824951172,30488100
2015-04-01,97.12652964278361,97.14492874875174,95.99523022784473,96.62066650390625,32970500
2015-04-02,96.71262734342466,96.99775029089575,96.37231410303517,96.6850357055664,19164200
2015-04-06,96.11479754785307,97.7427675862139,95.96763276708218,97.47604370117188,24451100
2015-04-07,97.4208600451419,98.13827085732922,97.31049346923828,97.31049346923828,19379400
2015-04-08,97.34722877982641,98.22100349790031,97.33803624791821,98.08303833007812,25866900
2015-04-09,98.03707529449241,98.7360938629649,97.7059686222706,98.69930267333984,23114700
2015-04-10,98.6625014341311,99.11318819823063,98.44176133606678,99.10398864746094,17164300
2015-04-13,99.17760421511723,99.68346740154965,98.74531640786532,98.8556900024414,17783500
2015-04-14,98.75449733810476,99.03962029881866,98.0094879953199,98.57054138183594,23755700
2015-04-15,98.82808507817185,99.39833808820613,98.7085189545273,99.1867904663086,21128600
2015-04-16,98.9200700729326,99.22358516940523,98.7821048378796,99.04883575439453,16195300
2015-04-17,98.10144550587422,98.36816929717233,97.08051300400732,97.50360107421875,46514000
2015-04-20,97.99109952098073,99.14079797553907,97.95430832837056,98.9660415649414,28945900
2015-04-21,99.53628676825022,99.71104316523002,99.26955590551333,99.38912200927734,22759800
2015-04-22,99.64665561073271,100.09734243254506,99.00282731843232,99.9317855834961,21429200
2015-04-23,99.59145783913527,100.75955516442356,99.57306575511862,100.30886840820312,29473200
2015-04-24,101.36659059930685,101.80807779804357,101.2010337769307,101.67011260986328,32508100
2015-04-27,102.04723407363632,102.24038959302797,101.19185812554053,101.41260528564453,31121300
2015-04-28,101.48618191162896,101.67933743341204,100.35488252520067,101.21025848388672,36849200
2015-04-29,100.64918967617139,101.23783465270176,100.02375351145766,100.57560729980469,34043900
2015-04-30,100.00540050049413,100.4100896942296,98.46939761679263,98.99365997314453,44080500
2015-05-01,99.37994665439916,100.364088344251,99.36154754774596,100.2997055053711,32874300
2015-05-04,100.6215977649673,101.09067664152396,100.41005018779026,100.46524047851562,23507300
2015-05-05,100.06977465496162,100.25372363456556,98.78211074612278,98.82809448242188,47843300
2015-05-06,99.00285229597888,99.28797532347421,97.49444818728773,98.14747619628906,42687200
2015-05-07,98.11987015384685,99.01203732250261,98.04628776490141,98.7361068725586,29335800
2015-05-08,99.75701932385216,100.18010744800893,99.60986159324179,99.96856689453125,33023300
2015-05-11,100.03298521601599,100.23533330746356,99.50872289599447,99.5822982788086,19679300
2015-05-12,98.99364182566228,99.63747722660291,98.23024731843151,99.13160705566406,33665000
2015-05-13,99.56387062425966,100.07893320600313,99.18676622176793,99.33393096923828,20738400
2015-05-14,100.14331988221186,100.86993006210338,99.77542203378214,100.78715515136719,23904200
2015-05-15,101.04468645214867,101.18265165391064,100.53881638475531,100.78715515136719,23937400
2015-05-18,100.62160820137949,101.43099337155033,100.5480258175815,101.22864532470703,17631100
2015-05-19,101.33904157518417,101.49539891283835,100.95274449961363,101.11830139160156,14212900
2015-05-20,101.19185549906429,101.78970009539071,100.64920119993268,101.18266296386719,21131900
2015-05-21,101.0078906685099,101.84487437517275,100.86073293927328,101.7069091796875,16771800
2015-05-22,101.587367188845,101.97367125798306,101.52298434685589,101.60576629638672,13543800
2015-05-26,101.3849791884192,101.52293734509472,100.03293311539726,100.4376220703125,25488400
2015-05-27,100.74116421707862,102.16679293719527,100.52042410500692,102.0564193725586,30572700
2015-05-28,101.86329113448636,102.1024303967747,101.51378530283652,101.82649993896484,17302400
2015-05-29,101.76209852105835,101.90006372477315,100.9803050562768,101.21944427490234,30383000
2015-06-01,101.76210909821683,101.83569148347311,100.73197675623629,101.55976104736328,24570200
2015-06-02,101.18264021874054,101.73449394621896,100.68596975884971,101.23782348632812,19449600
2015-06-03,101.6977238792475,101.91846401263457,101.29302778703595,101.54136657714844,20507200
2015-06-04,100.97112400684136,101.614959403087,100.44686175042011,100.7687759399414,31374600
2015-06-05,100.64919103927882,100.88833025710849,99.91338130004985,100.52962493896484,22641700
2015-06-08,100.48366261349949,100.5572450116703,99.30637231158134,99.50872039794922,24549200
2015-06-09,99.26958776291526,99.70187560962464,98.59816061473182,99.34317016601562,27554600
2015-06-10,99.68346617750578,100.99872167360533,99.57309960148847,100.70439910888672,30297900
2015-06-11,101.04469573454048,101.31142661119621,100.6767908351118,100.85154724121094,17593500
2015-06-12,100.31809573953906,100.52964335891964,99.88580796482448,100.02377319335938,27201800
2015-06-15,99.27874498811416,99.68343399821046,98.69929258226526,99.5270767211914,31238800
2015-06-16,99.42592021406965,100.23531241112369,99.37993648654766,100.06975555419922,16456900
2015-06-17,100.23534415962237,100.66762501782108,99.72947387623447,100.34571075439453,23296700
2015-06-18,100.71359023349297,101.98285487188642,100.65840695010283,101.80810546875,43032400
2015-06-19,101.85787928273751,101.94085161880365,101.23100453990135,101.30475616455078,27877600
2015-06-22,102.0514907836914,102.355711016292,101.82102218929884,102.0514907836914,19120900
2015-06-23,102.16210029156298,102.22663120532135,101.7103838952543,102.13444519042969,18127900
2015-06-24,102.01460518141994,102.44788015944673,101.58132317005098,101.60897827148438,15815900
2015-06-25,102.00538573741795,102.106792466162,101.24022843265556,101.40616607666016,18326700
2015-06-26,101.38773700523235,101.61820557658751,100.3552352735579,100.73320007324219,32311700
2015-06-29,99.6177378053025,100.17086802973353,98.30867794528075,98.35477447509766,50874900
2015-06-30,99.09227129096496,99.3043054848067,98.4008655327993,98.70508575439453,34809900
2015-07-01,99.68228603613431,99.88509954919704,99.02775599246912,99.48869323730469,21293000
2015-07-02,99.77444996461152,99.85741526844001,99.21210612752242,99.51631927490234,20499400
2015-07-06,98.88944432959055,99.85741507240884,98.67741719799477,99.28585052490234,24311000
2015-07-07,99.39648460219102,99.62695317222331,97.56195675406994,99.5347671508789,44230800
2015-07-08,98.82492443090156,98.94477259401108,97.61727132065755,97.80164337158203,39691500
2015-07-09,99.10146339315293,99.19364939429231,97.73708666293062,97.74630737304688,28381000
2015-07-10,99.04616099551096,99.60850479006915,98.6866306394284,99.23975372314453,26415800
2015-07-13,100.09708792098449,101.06505147169857,100.0878672109755,100.98208618164062,25780700
2015-07-14,101.1203679433321,101.9223938746005,101.06505071703224,101.64583587646484,21977200
2015-07-15,101.8394496959361,102.15288356546452,101.47069858864083,101.75647735595703,28631500
2015-07-16,102.59536814338344,103.21302209461767,102.39255471859819,103.19458770751953,29838900
2015-07-17,104.02427735993201,104.71568298339844,103.84912605132621,104.71568298339844,35926800
2015-07-20,104.93694329154174,105.45319059984602,104.61428872385156,105.07522583007812,26539000
2015-07-21,105.11209610527115,105.27803374720816,104.70647622869129,105.01069641113281,35468900
2015-07-22,103.40663216793318,104.32850641109923,103.40663216793318,103.82147979736328,35575000
2015-07-23,103.92289495078838,104.26398394706946,103.16695829144953,103.43429565429688,25698300
2015-07-24,103.98742523094329,104.17179728004871,102.26351773510189,102.42023468017578,30844700
2015-07-27,101.83943448595272,102.28193012194525,101.35084233092951,101.57209014892578,35994800
2015-07-28,102.02383748754237,102.65071235674428,101.21259055289309,102.4478988647461,33553500
2015-07-29,102.66912249795341,103.0563079374158,102.27271634802536,102.8350601196289,26714100
2015-07-30,102.59537276812907,103.4988054768264,101.97771878905252,103.32365417480469,25438100
2015-07-31,103.6463296708254,103.70163987913789,102.99179975020375,103.20382690429688,22081700
2015-08-03,103.22224524477018,103.50802396826391,102.19896441977748,102.88114929199219,25001800
2015-08-04,102.83507191555594,103.01944394597027,102.26350736792412,102.68756866455078,22132300
2015-08-05,103.25911413618407,104.17176747481382,103.13926600854748,103.48036193847656,28989900
2015-08-06,103.57257699442857,103.71085954716001,101.36007725075393,101.82101440429688,42125400
2015-08-07,101.57209157373971,101.93162192052999,100.85303088015914,101.69193267822266,30006800
2015-08-10,102.33725308418668,103.07474819660108,102.32803237319577,102.85350036621094,21500800
2015-08-11,102.30958753303258,102.70599366504648,100.97286590957127,101.53520965576172,36123300
2015-08-12,100.83460769131658,102.0883572931476,99.7652371681917,101.88554382324219,41889000
2015-08-13,101.98692592855768,102.47552509412624,101.49833379633013,101.7195816040039,22510500
2015-08-14,101.47992129734077,102.02382374046344,101.27710783267044,101.87632751464844,17924900
2015-08-17,101.6274089888246,102.75209662875433,101.36928534031783,102.72444152832031,21224900
2015-08-18,102.58614476966444,102.66911709280467,102.0606768342462,102.19895935058594,13984400
2015-08-19,101.88553900073815,102.42944846549828,100.9360096487089,101.52600860595703,42511400
2015-08-20,100.58569799889732,100.9083525733734,98.70507372193951,98.71429443359375,57747300
2015-08-21,97.32228066694336,98.15196903821801,94.39994049072266,94.39994049072266,97763400
2015-08-24,86.868214180632,94.51976628041302,78.1196224329178,90.76773834228516,150829900
2015-08-25,94.09569810579872,94.71335212387464,90.35289115247325,90.4266357421875,75088300
2015-08-26,93.07246317721602,95.16512255693699,91.20105877597568,94.98074340820312,104103800
2015-08-27,96.35430090218145,97.4513335944533,95.21117871388164,97.38680267333984,69377700
2015-08-28,96.87055706991448,97.71867977238949,96.65852287762421,97.36837005615234,49919600
2015-08-31,96.82444082075709,97.3591295156022,95.92100809269346,96.16069030761719,39549400
2015-09-01,93.76383653294891,95.22039965105229,92.76821057626992,93.15540313720703,73155500
2015-09-02,94.84237671410654,95.80112633742249,93.75456531778067,95.7826919555664,43963600
2015-09-03,96.16072199132351,96.81525200928961,95.04525474661985,95.3125991821289,45131800
2015-09-04,94.00353728534795,94.81478425634323,93.65322049862199,94.17869567871094,49379600
2015-09-08,95.98556407729885,96.95352796738267,95.58915780802353,96.83368682861328,37343500
2015-09-09,97.97676774603082,98.00442284073907,95.49692443153074,95.74583435058594,47146700
2015-09-10,95.63526211897413,97.42370096431685,95.52464167631426,96.78760528564453,47686700
2015-09-11,96.3450660516969,97.32225036621094,96.06850100293113,97.32225036621094,29106100
2015-09-14,97.68178966652543,97.70023108924951,96.65850873894031,97.02725982666016,19718800
2015-09-15,97.2577186096691,98.47459215359386,96.89818826941914,98.17037200927734,30020200
2015-09-16,98.18884419496221,98.81571906754021,97.84774813536977,98.72352600097656,31329100
2015-09-17,98.6221233357266,100.23540348549147,98.30868239214806,98.7603988647461,56139800
2015-09-18,97.2448538590019,98.51088988207941,97.18940203394675,97.35574340820312,48384000
2015-09-21,97.89171192310391,98.46466698857252,96.7827743678551,97.66068267822266,35772600
2015-09-22,96.16360363028862,96.49628628272686,95.30417461989859,96.20056915283203,47359700
2015-09-23,96.45931854385783,96.7180771957163,95.77547401864845,96.27449798583984,21775100
2015-09-24,95.34114166744443,96.28374488124743,94.50943502304551,95.92333984375,38284300
2015-09-25,96.94914397056692,97.04155428536995,94.51871109356213,95.11014556884766,44700000
2015-09-28,94.70351463049028,94.76820253940677,92.12522731718441,92.40245819091797,44077500
2015-09-29,92.63347240009739,93.57607554888638,91.2565402479511,91.92190551757812,49315500
2015-09-30,93.23416265237127,94.1398004056964,92.87375758993909,94.03814697265625,41411400
2015-10-01,94.20448994327866,94.47248472134471,92.95692634355144,94.46324157714844,39339100
2015-10-02,93.151001496242,96.11741638183594,92.85528432214566,96.11741638183594,59370900
2015-10-05,96.82899638394917,97.75311355814293,96.61645338213914,97.4943618774414,32853500
2015-10-06,97.26330920628139,97.58674872941836,96.27450434957531,97.03227996826172,33051500
2015-10-07,97.64224665595303,97.82706731347592,96.3762032955072,97.61451721191406,37389300
2015-10-08,97.24484874671136,98.16896587723033,96.30224532532766,98.00262451171875,50188900
2015-10-09,98.04881926010428,98.63101752378222,97.7808244649984,98.4461898803711,23916200
2015-10-12,98.63100238426877,98.87126770814281,98.27983344091767,98.68644714355469,16162000
2015-10-13,98.12273628360698,99.12078426392165,97.95639495355454,98.0488052368164,26999600
2015-10-14,98.04882948765325,98.53861045548823,97.48511745474202,97.89173126220703,30902600
2015-10-15,98.25210037582325,99.50889981960604,98.12272458459135,99.4996566772461,38393800
2015-10-16,99.71222810019874,99.97097973832854,99.23168330042628,99.91553497314453,27091100
2015-10-19,99.78613304929877,100.55314461868383,99.56433994567877,100.48845672607422,23776300
2015-10-20,100.31290361287523,100.52544657555943,99.62905195353102,99.97097778320312,23404700
2015-10-21,100.47924120438451,100.58088758462134,99.32409499241237,99.36105346679688,30195200
2015-10-22,100.24822004988677,101.46805426612589,99.96173897189675,101.38488006591797,42778700
2015-10-23,104.11100380499035,104.64698619956772,103.56577121768089,104.22189331054688,53170900
2015-10-26,104.14801734683968,104.48994328750409,103.75064662407772,104.28663635253906,25918000
2015-10-27,104.00936465655771,104.64700055231737,103.98163522591359,104.4991455078125,31390500
2015-10-28,104.65620068319284,105.36776733398438,103.81525122726207,105.36776733398438,42221900
2015-10-29,104.88730347137462,105.37708446523867,104.77640686786671,105.20149993896484,24913300
2015-10-30,105.2476667504749,105.42325120689837,104.70244119698388,104.73016357421875,27199200
2015-11-02,105.00744030328602,106.04245415872894,104.78565413799649,105.91307830810547,22176900
2015-11-03,105.7004861795742,106.66156858067697,105.54338800210752,106.28268432617188,20418400
2015-11-04,106.63386462451862,106.7077956797879,105.84836655102953,106.29193878173828,28633000
2015-11-05,106.38436166602469,106.64311332248822,105.45100143339222,106.0054702758789,25004100
2015-11-06,105.80217638714468,106.19954706566341,105.12757477854957,106.07941436767578,29924900
2015-11-09,105.68203395857545,105.82065293607778,104.3051014297482,104.95198059082031,33479800
2015-11-10,104.39750880730615,104.78563629307877,104.08330533040412,104.6839828491211,35452100
2015-11-11,104.97043045415069,105.47869754593204,104.37899622941535,104.55458068847656,22748800
2015-11-12,104.12949732828346,104.6377644666705,103.46413200183234,103.5380630493164,31196900
2015-11-13,103.10374584667522,103.21464243821721,101.44957537105758,101.50502014160156,52836000
2015-11-16,101.40335038509512,102.98358943563933,101.17232116044622,102.96510314941406,33980600
2015-11-17,103.14071990393258,103.76911987371288,102.77107161868747,103.02982330322266,30579500
2015-11-18,103.44567029817992,105.10907684578555,103.34401685327329,105.0074234008789,32966500
2015-11-19,105.06287299450166,105.56189706334364,104.87804534838216,105.08135223388672,26188100
2015-11-20,105.58037294995849,105.87609012390521,105.47871951043427,105.79292297363281,22727600
2015-11-23,105.82987960563598,106.21801411816581,105.03514544300722,105.48796081542969,20696200
2015-11-24,104.8041116474971,105.64505444559074,104.27735819261407,105.39554595947266,26374400
2015-11-25,105.55264872577574,105.68202454646787,105.26617470145081,105.48796081542969,14159900
2015-11-27,105.71897741197,105.84835321716686,105.27539818668605,105.63580322265625,8828000
2015-11-30,105.9499652805364,105.9499652805364,105.0258487182124,105.36776733398438,25041600
2015-12-01,105.79292579091586,106.42132568359375,105.66354291406846,106.42132568359375,28639400
2015-12-02,106.50447119528518,106.96652963864867,105.60807668708763,105.76517486572266,22395500
2015-12-03,106.05169105260619,106.2365116710414,103.35326349045133,103.97242736816406,42754300
2015-12-04,104.28660323102498,106.57841651940046,104.07406026685119,106.40283203125,40037300
2015-12-07,106.47677875332617,106.54146667156637,105.41404262470519,105.92230987548828,25892100
2015-12-08,104.81332284509129,106.27342904053923,104.7763573280665,105.93150329589844,30792600
2015-12-09,105.46948110003258,106.05167937988693,103.68593483166799,104.32357788085938,48509200
2015-12-10,104.56384683344643,105.49720703892643,104.24964336655705,104.79487609863281,30154600
2015-12-11,103.58427485364909,103.86151278375428,102.31823903062056,102.38292694091797,56022200
2015-12-14,102.52156648914945,103.20541125679622,101.07993883380277,103.1592025756836,53098500
2015-12-15,104.11101369514269,104.68396166281738,103.65819133626452,103.78756713867188,48428000
2015-12-16,104.4899216254616,105.50644903909263,103.39946315072366,105.33087158203125,44944100
2015-12-17,105.79292548295928,105.79292548295928,103.77834998439626,103.79682922363281,45668800
2015-12-18,103.47425004018059,103.7059849066728,101.8057632446289,101.8057632446289,53746100
2015-12-21,102.76975801163204,102.95514303431392,102.00966810345987,102.93660736083984,26432800
2015-12-22,103.48351030445622,103.76159494318496,102.93661947280545,103.61328125,26540300
2015-12-23,104.15091741965438,104.45680913617102,103.96553235800071,104.38265228271484,25656900
2015-12-24,104.38264034245118,104.65145360149036,104.31775487109593,104.36409759521484,11468600
2015-12-28,104.11385336345991,104.327052578577,103.36303456654643,104.30850982666016,19183600
2015-12-29,104.92954156353376,106.18091546255104,104.86465608574659,105.94918060302734,27725700
2015-12-30,105.85647683900649,105.89355526371064,104.97588723623878,104.99442291259766,19520100
2015-12-31,104.62365741123315,104.81831384550178,103.66890384507744,103.68744659423828,29886800
2016-01-04,101.45351287284781,101.59255519501342,100.22068886534464,101.49986267089844,50807600
2016-01-05,102.00042997644047,102.13020094901199,100.85102690281224,101.32376098632812,38795200
2016-01-06,99.5625894808815,100.93445617886589,99.5625894808815,100.3504867553711,41891100
2016-01-07,98.20924210633696,99.45134477587123,97.15253158926396,97.2081527709961,61386300
2016-01-08,97.91260220531768,98.52438557843594,96.30900107030061,96.41096496582031,69344000
2016-01-11,97.09690104208181,97.3842499897674,95.2244865871209,96.70758819580078,50024100
2016-01-12,97.63455190240116,98.3297566176185,96.47587737703891,97.82920837402344,46734200
2016-01-13,98.22776688170627,98.46877309980758,94.30681020653986,94.45512390136719,69870700
2016-01-14,94.82591862189099,97.31011689426704,93.31500263205801,96.46659851074219,78445700
2016-01-15,93.26866681017542,94.49222682175846,92.2397632695274,93.47258758544922,91443900
2016-01-19,94.74247247716777,94.8907861714191,92.58270204053947,93.6764907836914,56563800
2016-01-20,92.20264852763368,94.39022572810482,90.14484225668328,93.38912963867188,86675000
2016-01-21,93.78772610218073,94.87224347199816,92.52708798834662,93.4818344116211,61660100
2016-01-22,95.3635315056168,96.22558550805232,95.03910410082645,96.18850708007812,42229800
2016-01-25,95.84553423351703,96.39242507845375,94.67758862326328,94.76101684570312,38881500
2016-01-26,95.15960931839572,96.02165623578715,94.32536238158009,95.61380767822266,36143900
2016-01-27,95.0576391486563,95.46548767935192,92.83298315436951,93.2315673828125,54524700
2016-01-28,94.77955590042414,94.81663432594289,92.93494843078238,94.54782104492188,47641500
2016-01-29,94.52000854990074,96.55927233207463,94.49220150035985,96.5221939086914,54245100
2016-02-01,96.05873481235159,97.14325936788934,95.68796468162398,96.78175354003906,32750300
2016-02-02,96.33681785894282,96.37389628578813,94.39951072019944,94.6868667602539,44928100
2016-02-03,95.3171757361726,95.3171757361726,92.58270039101906,94.23265838623047,61572900
2016-02-04,93.98238245475926,94.97420730090589,93.10179287927824,94.223388671875,49321600
2016-02-05,93.88970581610353,93.92678424593166,90.5805319778077,90.95130920410156,70749900
2016-02-08,89.25499848883246,89.95947443520065,87.91093207326246,89.5608901977539,91673100
2016-02-09,88.36514588388344,90.63614487253516,88.22610354188721,89.2828140258789,73778400
2016-02-10,90.3116806638867,91.47962596006481,89.56086222376442,89.62574768066406,59421700
2016-02-11,88.4856345704631,90.20974242597195,88.23536404330245,89.49600219726562,76839200
2016-02-12,90.50633197669234,90.95126585055678,89.662821084136,90.85856628417969,49186500
2016-02-16,92.20267426027065,92.90715026855469,91.62796921772485,92.90715026855469,40565900
2016-02-17,93.58380393413599,95.14106245825022,93.34279770236007,95.01129150390625,41766500
2016-02-18,95.30791856771042,95.32645424593117,93.80627404029384,93.9267807006836,38991500
2016-02-19,93.47257383420654,94.4922129205113,93.2686530889326,94.2048568725586,28257900
2016-02-22,95.08541365355991,95.82696068318121,94.99272115885525,95.73426818847656,23979100
2016-02-23,95.17814796386054,95.43768989185443,94.09363044817731,94.15851593017578,29869700
2016-02-24,93.05545500840076,95.17814729308688,92.4807499776166,95.05764770507812,40739100
2016-02-25,95.25229579348033,95.99384307861328,94.39950616119707,95.99384307861328,29389300
2016-02-26,96.72611159535442,96.74465434110176,95.64159434465384,95.87332916259766,30925000
2016-02-29,95.78065292750735,96.49439317639917,95.01129150390625,95.01129150390625,27553900
2016-03-01,95.91968548539268,98.0609130859375,95.62306518110947,98.0609130859375,37699800
2016-03-02,97.94042918728483,98.11654288013774,97.33791710882085,98.09800720214844,29209800
2016-03-03,97.99607168771,98.0238787487446,97.20817431311082,97.91264343261719,25474600
2016-03-04,98.02383335675026,98.57999553586659,97.30082181670048,97.94967651367188,31655400
2016-03-07,97.44913950096382,98.0145731176939,96.65197102727838,97.34717559814453,25861200
2016-03-08,96.67977565231273,97.52328677132687,96.37388397390706,96.54073333740234,28898500
2016-03-09,96.90225464544864,97.1803322478566,96.36462804667806,97.16179656982422,31047400
2016-03-10,97.56966638594888,98.12582874357744,95.76212988367097,97.01350402832031,44236100
2016-03-11,98.06093821889529,98.70979309082031,97.75504646270734,98.70979309082031,31454000
2016-03-14,98.33900609444774,99.10836756056118,98.31119904154987,98.87663269042969,25374900
2016-03-15,98.52439020048469,98.95078147812207,98.20922712536968,98.83954620361328,26524600
2016-03-16,98.59852768001055,99.97966514189481,98.57071356285775,99.72012329101562,31693100
2016-03-17,99.43278541579393,99.8962551115498,99.06201531677827,99.66452026367188,29623700
2016-03-18,99.90437783284094,100.07172213445564,99.29078678889641,99.82070922851562,37682300
2016-03-21,99.64404800484124,100.3041262158428,99.58826894539297,100.2111587524414,17288600
2016-03-22,99.64406494445855,100.7503970980126,99.62547428580295,100.51797485351562,18840300
2016-03-23,100.32275589911784,100.3971256377347,99.46743652185577,99.69056701660156,20912900
2016-03-24,99.20711303345294,99.74633435953974,99.03976872856269,99.71844482421875,19017300
2016-03-28,99.99735964789815,100.0159574023903,99.40235917752118,99.5790023803711,13892300
2016-03-29,99.39305364533813,101.24313275536115,99.2257093428811,101.17805480957031,29963900
2016-03-30,101.78236449942506,102.3029881190805,101.45696764417555,101.6707992553711,23807200
2016-03-31,101.59644868697337,101.97762471629501,101.36402635484068,101.5220718383789,21447200
2016-04-01,100.90843791756912,102.63765990516035,100.76898315864138,102.60047149658203,26389000
2016-04-04,102.60046671690935,102.67484353060111,101.96827798645612,102.20999908447266,17163000
2016-04-05,101.41977455882895,101.8009504720688,101.0943848115294,101.22454071044922,20107900
2016-04-06,101.32680922067995,102.92587554754935,101.32680922067995,102.88868713378906,25056000
2016-04-07,102.29366299579532,102.47960502150981,100.97350653155594,101.41046142578125,28567200
2016-04-08,102.04265563783595,102.28436964487341,100.98281085939966,101.33609008789062,22898000
2016-04-11,101.77304238580258,102.28436701180057,100.95491163546464,100.9642105102539,25772100
2016-04-12,101.03859057562596,102.00546788890509,100.42499249311743,101.81023406982422,28564100
2016-04-13,102.59116294006363,103.26983891988733,102.4610070688037,103.1117935180664,25356700
2016-04-14,103.13042314560003,103.5023002438538,102.26581190667046,103.12112426757812,17199700
2016-04-15,103.03744489593863,103.25126941737763,102.6004898830438,102.86080169677734,21353300
2016-04-18,102.56332683731365,103.44652886565434,102.49824886778293,103.40934753417969,17126100
2016-04-19,103.60455283665654,103.60455283665654,102.15423305575588,102.77713012695312,42481400
2016-04-20,102.77713308220511,103.33494512491481,102.42384668388252,102.86080169677734,18078300
2016-04-21,102.80502397442044,103.2419789930703,102.405257371503,102.87010192871094,20216000
2016-04-22,101.5313446602254,102.00548808212045,100.51798695682358,101.31752014160156,39074000
2016-04-25,101.01072103961272,101.32681192556618,100.82477896584757,101.31752014160156,14351900
2016-04-26,101.53134905012283,101.69869337726448,100.5179913029066,100.82478332519531,19118300
2016-04-27,99.79279974040723,100.24835239290681,99.18850765025132,100.01593017578125,33059800
2016-04-28,100.12747596949393,100.71318442401494,98.61208585392706,98.80731964111328,29818200
2016-04-29,98.80735150566687,99.01188423238276,97.50578541171869,98.28672790527344,67502800
2016-05-02,98.53773928570536,99.35587017975614,98.12868093164444,99.21641540527344,24813800
2016-05-03,98.50984500448416,98.95609884274121,98.0357016312668,98.2960205078125,38569400
2016-05-04,97.7010225691614,98.06360783795458,97.42212009935142,97.6638412475586,27474500
2016-05-05,98.01712412466192,98.2309557429906,97.44071431726881,97.63594818115234,20788100
2016-05-06,97.15251967289711,98.17517635612397,97.05955217314296,98.15658569335938,30758500
2016-05-09,98.16586752342702,98.89103097108922,98.1193873247462,98.43547821044922,19289600
2016-05-10,98.78877170513239,99.83001902038136,98.61212849573893,99.78353881835938,21178900
2016-05-11,99.63477499587076,99.93227521176418,98.85383958901228,98.88172912597656,20966300
2016-05-12,99.11415573069067,99.2350127604821,97.74751161588961,98.44477844238281,29196300
2016-05-13,98.3611239633342,98.96541629209938,97.88698046714933,98.08221435546875,21059300
2016-05-16,98.23095910949564,99.67197303791626,98.13798452001372,99.30939483642578,18311900
2016-05-17,99.22573303976851,99.51393442667501,97.8033025826998,98.0636215209961,29932700
2016-05-18,97.84048318464951,98.94681553186997,97.65454819368912,98.4168930053711,27524400
2016-05-19,98.03571163016335,98.27743277941315,97.18969824723634,97.90555572509766,27334600
2016-05-20,98.29601804820454,99.38375244222291,98.24023188671573,98.9839859008789,29549600
2016-05-23,99.09554245189078,99.44882879479766,98.76086095313433,98.85382843017578,15729800
2016-05-24,99.40231629994416,100.95489476096816,99.3744267732013,100.83403778076172,29931300
2016-05-25,101.2152617974912,101.86604137484362,101.03861858665321,101.55924224853516,37951700
2016-05-26,101.66150898498769,101.98689877481941,101.41978781555608,101.85674285888672,21885900
2016-05-27,101.92183595054166,102.39597948210768,101.9032452853475,102.38668060302734,19870000
2016-05-31,102.52610721829654,102.73993882053237,102.06126269366301,102.5818862915039,24366100
2016-06-01,102.2657815600954,102.82359349546684,102.1821129616233,102.59117126464844,19571500
2016-06-02,102.38665883927172,102.8143149774981,101.82884679345317,102.80502319335938,15696600
2016-06-03,102.60977976973491,102.65625996499205,101.65219412030886,102.32157135009766,20269900
2016-06-06,102.50752357173971,102.96306925101875,102.33088037054446,102.6934585571289,12502400
2016-06-07,102.74924215277261,102.85150852712356,102.386663950243,102.43315124511719,12184300
2016-06-08,102.60977935791016,102.8236038597563,102.22860345632415,102.60977935791016,14568700
2016-06-09,102.19142381945619,102.55400199977636,101.99618996028109,102.44244384765625,17571600
2016-06-10,101.51272616382911,101.7079599680244,100.92701765828036,101.28030395507812,32965000
2016-06-13,100.70393689916676,101.27104789571742,100.3041702473846,100.434326171875,25154700
2016-06-14,100.16471544458322,100.79690440337906,99.69987083055587,100.434326171875,24588500
2016-06-15,100.6760253657911,100.81548013813035,99.97875859705921,100.14610290527344,24605700
2016-06-16,99.65337682916432,100.53657863636164,99.01188908086347,100.44361114501953,32079900
2016-06-17,100.23574160040425,100.37556782897629,99.03324741365664,99.26628875732422,29208800
2016-06-20,100.4221725684096,100.89757175877938,99.81626369096092,99.89083862304688,20562800
2016-06-21,100.02134108312623,100.41284880834134,99.83490375312599,100.20777130126953,22804100
2016-06-22,100.2636932951374,100.85096196172826,99.88150923592012,99.96540069580078,22724200
2016-06-23,100.73909637400236,101.41025647918079,100.319624864194,101.39160919189453,18714200
2016-06-24,97.78412883625812,99.27559170237329,97.0011063866377,97.21550750732422,68012700
2016-06-27,96.5723276850148,96.5723276850148,94.84782323046862,95.28594207763672,48222600
2016-06-28,96.3392737018803,97.4205887666998,96.29266970816953,97.37397766113281,28260600
2016-06-29,98.13835120564984,99.3035577066893,98.09174721272191,99.09848022460938,31356700
2016-06-30,99.26627219807838,100.31029980381686,98.93069215022874,100.24504852294922,36300800
2016-07-01,100.19843952628027,101.12128823321953,100.16115206330588,100.74842071533203,19902800
2016-07-05,100.21708490839345,100.35691111392497,99.59252880526681,100.13318634033203,21167900
2016-07-06,99.65779725069056,101.00011046836723,99.34085734539202,100.95350646972656,24579300
2016-07-07,101.04672302695202,101.47551822461872,100.77639422827707,101.25180053710938,19161700
2016-07-08,101.79244545210399,102.87376058762983,101.62465541768987,102.81783294677734,29457900
2016-07-11,103.16271015534666,103.78725906698578,103.15339362486034,103.40507507324219,20218500
2016-07-12,104.03898643770019,104.20677650316524,103.78729778357364,103.9271240234375,21906100
2016-07-13,104.16944612736548,104.23469739751243,103.66607613829385,103.67539978027344,21107800
2016-07-14,104.36524095334136,104.57964213200107,104.12287594960817,104.3838882446289,20871000
2016-07-15,104.6262275933968,104.68216234548818,103.98303839512701,104.21607971191406,17999300
2016-07-18,104.2813271604962,105.09230636149775,104.26267987319943,104.90587615966797,20713900
2016-07-19,104.54236708110054,104.84998341716981,104.33728952372103,104.52371978759766,18936700
2016-07-20,105.09230733435042,105.9405811177981,104.96180476949023,105.74482727050781,24997900
2016-07-21,105.8193511549106,106.02442856079965,105.21344968896099,105.5024185180664,18885400
2016-07-22,105.57705360261262,106.06177647408288,105.25079713990597,105.94059753417969,20003400
2016-07-25,105.8566984266791,105.97788447783923,105.59569325780726,105.94992065429688,12968100
2016-07-26,105.91260906756027,106.45325946059798,105.5397415775697,106.07107543945312,21223800
2016-07-27,106.96596914216921,107.08714807199644,106.36006026931932,106.80750274658203,27646100
2016-07-28,106.97528140279071,107.3015378036507,106.63970135851868,107.18035888671875,16939700
2016-07-29,107.42270764404995,107.7023600279332,107.07781109736358,107.41339111328125,22385300
2016-08-01,107.48795589096494,108.25233099194509,107.3574533453236,107.98200225830078,13990100
2016-08-02,107.82354142156612,107.916756514392,106.47190479595137,107.16170501708984,21278400
2016-08-03,107.07781850809778,107.52525381905079,107.01256722892313,107.51593017578125,15011300
2016-08-04,107.47865839462432,107.92609374124692,107.22696978927458,107.82355499267578,12835300
2016-08-05,108.37354588366233,109.1006337207869,108.25235983623674,108.85826873779297,23196600
2016-08-08,108.91418236379657,108.94215329473403,108.3921721093322,108.73707580566406,12358200
2016-08-09,108.8209947213581,109.3336885733994,108.7557434230854,108.98878479003906,13276500
2016-08-10,109.0540030122075,109.0819668298632,108.42013040187295,108.7091064453125,14688400
2016-08-11,109.08198682033252,109.40825038438972,108.85826912623219,109.17520904541016,12969800
2016-08-12,108.98875074780818,109.25907950246122,108.867571835111,109.249755859375,19379000
2016-08-15,109.38958679709137,109.96753179192345,109.3522993349871,109.7158432006836,11777800
2016-08-16,109.51075558108391,109.52007211125066,109.09127703236258,109.10992431640625,14161400
2016-08-17,109.1379045577054,109.34298204192275,108.53199574847852,109.30569458007812,15980300
2016-08-18,109.20316137328663,109.4921303274096,109.01672405461332,109.33366394042969,10036300
2016-08-19,109.1379045577054,109.54805241428394,108.83961197480455,109.30569458007812,18743000
2016-08-22,109.14723006574376,109.57603235629436,108.94215967651719,109.38959503173828,14500600
2016-08-23,109.81836077838892,110.00479805297857,109.5387155342867,109.58531951904297,11997900
2016-08-24,109.51081071759108,109.65995350575535,108.51339387472837,108.87693786621094,17728700
2016-08-25,108.59725220759124,109.03537101533865,108.46674964083965,108.69979095458984,24266300
2016-08-26,108.73708980222462,109.56671639708289,108.20575583572149,108.85826873779297,23896000
2016-08-29,108.88625258995036,109.29640769633261,108.86761240868687,109.00743865966797,11184900
2016-08-30,108.83028137909295,109.14721411674175,108.28030735369448,108.65316772460938,19843300
2016-08-31,108.48537080043447,108.65316080139714,108.08453952657116,108.54130554199219,16169800
2016-09-01,108.57861839735197,108.95147883172679,108.04728445532524,108.82097625732422,20944700
2016-09-02,109.36163927185089,109.58535696595123,108.76505401301182,109.17520904541016,18088200
2016-09-06,109.3616131023458,109.85565948486328,109.11924817648334,109.85565948486328,18525200
2016-09-07,109.95820878800477,110.10735863728942,109.50144982031892,109.9209213256836,17546900
2016-09-08,109.59466561307033,109.62262943202394,108.98875679226917,109.2777328491211,20125300
2016-09-09,108.36418298984145,108.60654788505201,106.50917660137766,106.52781677246094,50813300
2016-09-12,105.93126247391865,108.58793211518838,105.92193882974388,108.43878936767578,39646000
2016-09-13,107.89813264465624,108.21506543052597,106.9473271751903,107.4693374633789,45863900
2016-09-14,107.5811780908705,108.56927082554216,107.55320716378561,107.98200225830078,28221800
2016-09-15,108.01000540021418,109.82772505083578,108.00068175507171,109.6599349975586,38521400
2016-09-16,109.54217495681442,109.71973237416641,109.06557759583913,109.60758972167969,27596500
2016-09-19,109.88794003190793,110.22436087308297,108.91606552370774,109.13099670410156,16222900
2016-09-20,109.52347565123524,109.78514182771174,109.149681087046,109.33657836914062,18078600
2016-09-21,109.80383561267008,110.57012592495023,109.15902782842741,110.41126251220703,31546800
2016-09-22,111.05607815545478,111.41119304324971,110.94394261587804,111.28970336914062,22614400
2016-09-23,111.20555850352198,111.20555850352198,110.42058151279896,110.5794448852539,22213400
2016-09-26,109.95336686179947,110.0841964026063,109.49545633930035,109.6543197631836,16403900
2016-09-27,109.57954821666165,110.79439478387215,109.47675257478645,110.73832702636719,20238400
2016-09-28,110.87849592332216,110.99063143061915,110.3551707471328,110.92521667480469,14794300
2016-09-29,110.7383100113664,110.9439012635276,109.64494612997065,110.12153625488281,27207500
2016-09-30,110.41125124503229,111.27099011650527,110.29910860235903,110.94391632080078,25543200
2016-10-03,110.80373631349713,110.92521882531527,110.35517288659189,110.78504943847656,19216400
2016-10-04,111.11216669729573,111.35513894567039,110.19635261014608,110.61688232421875,21239700
2016-10-05,110.94393886526174,111.3644613838096,110.89721097223399,111.00935363769531,14481300
2016-10-06,110.86913831820983,111.18687219440342,110.41123507130007,110.9532470703125,11987100
2016-10-07,111.05607262569472,111.21494318164407,110.16829970976328,110.71031188964844,19984200
2016-10-10,111.28037191785701,111.6541737139862,111.23364401971226,111.41120147705078,19687300
2016-10-11,111.31773966171319,111.33642654095806,109.33659536701238,109.8225326538086,27774400
2016-10-12,109.9253092229347,110.10286662846364,109.39264413602201,109.72906494140625,14267800
2016-10-13,108.98147068129113,109.6356182982966,108.34600994062538,109.33657836914062,22821000
2016-10-14,109.8785974583304,110.31781394183383,109.40200009009533,109.46741485595703,21313300
2016-10-17,109.37397204946984,109.61694424836274,109.02820419449435,109.16838073730469,14182700
2016-10-18,110.46735558125656,110.65426004760282,110.08421390218041,110.1402816772461,19276700
2016-10-19,110.05614338486828,110.28976855792152,109.93466086156339,110.13090515136719,13702900
2016-10-20,110.018770300521,110.24304847170751,109.36461553418809,110.00007629394531,18132200
2016-10-21,110.08418868312552,110.47667727802335,109.7197339693383,110.41126251220703,15707800
2016-10-24,111.12149155233672,111.8130201355943,111.10279754405467,111.7382583618164,19143000
2016-10-25,111.8036706847257,111.82236469259865,111.21493777087784,111.38314819335938,20341800
2016-10-26,110.66356343709685,111.23360939457105,110.29910875998044,110.62618255615234,20463700
2016-10-27,111.10276463849831,111.1962132632062,109.96267287991209,110.12153625488281,19099800
2016-10-28,109.80385549600805,110.37390161406354,109.0936328173416,109.4300537109375,35369300
2016-10-31,109.83185591808564,109.83185591808564,109.27115697615434,109.32722473144531,18749400
2016-11-01,109.5141376347471,109.53282451140367,107.56102749427352,108.50487518310547,23498700
2016-11-02,108.43013516827426,108.68245439663725,107.3648047432826,107.63581085205078,26960100
2016-11-03,107.4582369341122,107.81335177446346,106.45832143831343,106.5798110961914,36205200
2016-11-04,106.3181749850344,107.03774474326833,106.01913495204384,106.20603942871094,26997500
2016-11-07,107.92547773786177,108.8412915090814,107.74792746309019,108.7291488647461,26591200
2016-11-08,108.61701878712014,109.93466105806496,108.36469960715392,109.43937683105469,20777900
2016-11-09,108.15909311795434,110.12154287346038,108.0282636095655,109.9439926147461,70234400
2016-11-10,110.47666713027144,110.6261835256858,106.71997055367589,108.16844940185547,72825400
2016-11-11,107.70119363455517,108.44879696284674,107.31804496814547,108.21517181396484,41115200
2016-11-14,108.24322372171608,108.34601937472121,106.56111951770012,107.12181854248047,35906000
2016-11-15,107.93481682888704,108.98146004360721,107.77595344164583,108.60765838623047,31796600
2016-11-16,108.09371620476557,109.32725709403147,108.09371620476557,109.25250244140625,16538100
2016-11-17,109.19642997278038,110.06551610478647,108.97215175055575,110.04682922363281,20598600
2016-11-18,110.17760922446082,110.36450647063835,109.53280160470439,109.6355972290039,16428700
2016-11-21,109.90664028422346,110.87852197731875,109.86925939644956,110.77572631835938,20268500
2016-11-22,111.21493249021562,111.38314290471025,110.84113077693036,111.11213684082031,18850600
2016-11-23,110.74768299148815,110.86916551913798,110.17763697847592,110.66357421875,22926000
2016-11-25,110.79441431708612,111.06542040892913,110.663584773393,111.0186996459961,7162800
2016-11-28,110.87852297438873,111.28035860947743,110.65424477540387,110.7663803100586,13479000
2016-11-29,110.8691906291509,111.68220901127259,110.55146373271856,111.14954376220703,18553000
2016-11-30,111.28970890672718,111.32708979833802,109.76647500438527,109.8038558959961,30405300
2016-12-01,109.76645375353945,109.77580075705158,107.73858890156119,107.90679931640625,39796600
2016-12-02,107.9722182056091,108.55161124102179,107.6731782488711,108.12173461914062,32876800
2016-12-05,108.68243026220388,109.3926456347013,108.18713892050468,108.96277618408203,21419700
2016-12-06,109.27119994679913,109.41137651982454,108.76656856171368,109.22447204589844,27293300
2016-12-07,109.00014838201535,110.74766705415887,108.67307460104564,110.60749053955078,26622400
2016-12-08,110.65424029715345,111.08410979850873,110.43930198163825,110.80375671386719,18578400
2016-12-09,111.21492534802758,111.71020955621181,111.20557834513517,111.6728286743164,21863100
2016-12-12,111.17754463474252,111.40182279678088,110.71029430485265,111.16819763183594,23259300
2016-12-13,111.50463124374532,113.17738847239373,111.50463124374532,112.56996154785156,54477900
2016-12-14,112.7101436089878,113.07459835562778,112.00926799934548,112.33634185791016,28746000
2016-12-15,112.48587450032738,113.17740316141528,112.21486838713766,112.51390838623047,22762300
2016-12-16,112.79035994052022,113.01530847621461,111.87184511408674,112.09678649902344,26283900
2016-12-19,112.2092851995314,113.24964916368623,112.04995198178929,112.55606842041016,21138700
2016-12-20,112.91223789963851,113.19341291545535,112.78102146210541,112.98722076416016,11461800
2016-12-21,113.03405607075742,113.10903891960993,112.64978148421484,112.90283966064453,7079300
2016-12-22,112.9122314437289,112.94034822862702,112.1436750032242,112.58419036865234,16645000
2016-12-23,112.39672396086961,112.70602287079271,112.29362432422857,112.6591567993164,9007500
2016-12-27,112.90284158834429,113.89633932494993,112.85598267007994,113.2402572631836,16110600
2016-12-28,113.48396678669019,113.58706643504559,112.28426958847398,112.35924530029297,17975200
2016-12-29,112.33112182182236,112.59355467445148,111.84374754561956,112.19990539550781,13267500
2016-12-30,112.41549378112721,112.4248612765265,110.72841501047483,111.04708862304688,41749000
2017-01-03,111.78750014740874,112.46233152856786,111.43134231880074,112.04056549072266,22307600
2017-01-04,112.16241410466426,112.85599481690608,112.15304661045805,112.64979553222656,19749100
2017-01-05,112.56542720679616,113.36210033402507,112.56542720679616,113.28712463378906,20644300
2017-01-06,113.4089986809213,114.58057924580686,113.11844898907297,114.28065490722656,24074300
2017-01-09,114.37433549147863,114.86171682156466,114.29935264827193,114.655517578125,18909200
2017-01-10,114.70240056679707,115.25539021306585,114.43996771124945,114.90859985351562,16176600
2017-01-11,114.95547027174314,115.21790313720703,114.36498917369012,115.21790313720703,20686000
2017-01-12,114.80550173581166,115.1148006699998,113.97133708355334,115.0398178100586,19622500
2017-01-13,115.09606357531602,115.63030396198563,115.09606357531602,115.43347930908203,16930800
2017-01-17,115.13354410558544,115.31162661226058,114.74926945788971,115.08668518066406,14538500
2017-01-18,115.2553909312121,115.43347343462575,114.96484128943956,115.32099914550781,12499700
2017-01-19,115.48971958919667,115.89274356400634,115.0210873929417,115.26477813720703,12710700
2017-01-20,115.77089576657131,116.0614525936525,115.20853855563082,115.51783752441406,22091000
2017-01-23,115.44281866349914,115.78023431501649,114.88046162788946,115.61152648925781,17434200
2017-01-24,115.83652890338365,116.567601300685,115.6397041947584,116.38951873779297,17640900
2017-01-25,117.12055789362967,117.58919009093968,117.01745823816067,117.56107330322266,15036200
2017-01-26,117.72037564034558,117.92657489716994,117.47668495948422,117.6828842163086,16052200
2017-01-27,117.93598422024668,118.02033458606483,117.52358558533106,117.90786743164062,15053000
2017-01-30,117.5142151734877,117.5142151734877,116.34263460095059,116.98934936523438,25006700
2017-01-31,116.57693000856985,116.78312929683204,116.08018107817043,116.75501251220703,19091100
2017-02-01,117.57981544478073,117.79538940187767,117.02683288431963,117.56107330322266,22861900
2017-02-02,117.3548395227627,117.81409693902044,117.02679851115002,117.45793914794922,15101400
2017-02-03,117.57980569944229,117.91722142560035,117.46733855789577,117.79537963867188,16957200
2017-02-06,117.59853556249442,117.95469336981856,117.48606128876982,117.93595123291016,11630100
2017-02-07,118.17963120065293,118.61077899487579,118.0671640810799,118.3670883178711,17541100
2017-02-08,118.20779167826788,118.73265746723872,117.98284306805746,118.56394958496094,12569100
2017-02-09,118.68578770354854,119.25751955626535,118.62017948196268,118.99508666992188,17542700
2017-02-10,119.25749360735193,119.55741786230762,119.05129434130272,119.38871002197266,13915700
2017-02-13,119.75423918573817,120.21349662426094,119.70738026795476,120.06354522705078,19120200
2017-02-14,120.11039540937266,120.47592785674777,119.72612082528308,120.46656036376953,16333500
2017-02-15,120.38222797552869,121.23514191377463,120.31661261034756,121.17889404296875,17891400
2017-02-16,121.25387796719974,121.49757583827731,120.83211189232013,121.14141082763672,15098300
2017-02-17,120.96331922259486,121.67564919028952,120.94456993357205,121.66626739501953,15563700
2017-02-21,121.90058081156897,122.34109613419956,121.83497975368616,122.26611328125,18479600
2017-02-22,122.15366268962518,122.39734626856323,121.94746339147807,122.31299591064453,12110900
2017-02-23,122.50042090824583,122.50042090824583,121.36633930148687,121.85370635986328,17489000
2017-02-24,121.30075220930125,122.08805084228516,121.2632679274293,122.08805084228516,18624500
2017-02-27,121.86309899161652,122.24736645614098,121.65689971722917,122.23799896240234,12008700
2017-02-28,122.20990428348946,122.26613785912646,121.52570527737315,121.86312103271484,16598600
2017-03-01,122.64102543177162,123.41894212698928,122.40670938341249,123.19400787353516,25813800
2017-03-02,123.16590528071036,123.18464026964543,122.42545847374589,122.57542419433594,19951400
2017-03-03,122.49105511553817,122.83783827756477,122.1630069395828,122.80035400390625,13722700
2017-03-06,122.39735563742916,122.7347713964501,122.0412048873381,122.52857208251953,12026200
2017-03-07,122.28485764473868,122.85658936162478,122.10677516384553,122.32234191894531,15500900
2017-03-08,122.39729702781644,122.9221625568475,122.27546243812118,122.53789520263672,15776000
2017-03-09,122.50981058096568,122.80036019639809,121.97556311915758,122.63164520263672,20855300
2017-03-10,123.194029469304,123.34399519890664,122.61293014399266,123.14716339111328,21922600
2017-03-13,123.10031288287568,123.3814950860653,123.03471180632664,123.35337829589844,10731600
2017-03-14,123.07217031053162,123.11903638483214,122.55667209626164,123.05342102050781,14019700
2017-03-15,123.30648373177311,124.10316407321487,122.9128344588369,123.81261444091797,22709100
2017-03-16,124.0469446086984,124.0469446086984,123.4470959862871,123.72826385498047,18457300
2017-03-17,123.8822701687357,124.01375950167302,123.61929150286105,123.68504333496094,21234500
2017-03-20,123.6474823727928,124.07952699627361,123.46904380155983,123.79776000976562,10105200
2017-03-21,124.26736100677068,124.38006206354446,121.84418796728953,121.91932678222656,35841900
2017-03-22,121.9568755821229,122.86791380027664,121.79719667970559,122.74581146240234,29177900
2017-03-23,122.58616781906059,122.92428530136925,122.2292620512729,122.4358901977539,20311700
2017-03-24,122.83032940490419,123.30932308783781,122.21984641697352,122.689453125,22967600
2017-03-27,121.81600812767955,123.10274057965923,121.53424116506473,122.88671112060547,18472400
2017-03-28,122.88674095688422,124.00440777015362,122.61437523669413,123.63811492919922,23721900
2017-03-29,123.72264144763734,124.25800024278001,123.59115207657422,124.2110366821289,13710000
2017-03-30,124.16405658669754,124.54913766898254,124.05135552115645,124.41764831542969,16092400
2017-03-31,124.2391951448225,124.67123978059112,124.09831881319397,124.33312225341797,19841400
2017-04-03,124.43639504806279,124.73693589956203,123.56291908802145,124.25794219970703,23700300
2017-04-04,123.90104477459042,124.47396559012063,123.85408123274155,124.4551773071289,13400000
2017-04-05,124.63366587060789,125.36625147327587,123.71324037799566,123.94804382324219,32011200
2017-04-06,124.07015118330327,124.34251688497059,123.69445705706235,124.01378631591797,18832200
2017-04-07,123.97621909017057,124.32372360313066,123.5066121996775,123.94804382324219,16743100
2017-04-10,124.07015683404146,124.51158849543845,123.65690044198757,123.9950180053711,15619300
2017-04-11,123.88227615473711,124.07013035194966,122.56738276182811,123.45963287353516,33778400
2017-04-12,123.44082386661609,123.54413792523529,122.83034082194123,122.96183013916016,15955200
2017-04-13,122.79281617586763,123.51600047631645,122.45469863790859,122.47347259521484,23683000
2017-04-17,122.82098972963122,123.50661177463739,122.77402617449054,123.48782348632812,13325500
2017-04-18,123.07454847304193,123.65687067222959,122.99002268536175,123.29996490478516,12841100
2017-04-19,123.83534042844241,124.24858244604818,123.32815697073238,123.49722290039062,17764800
2017-04-20,123.9949977407573,124.8027221028738,123.80715786541334,124.53034210205078,21977900
2017-04-21,124.64304212684533,124.68999134144573,124.18282230741212,124.50215148925781,22454900
2017-04-24,125.88277285316487,126.12696318178669,125.66675778048943,126.00487518310547,22469900
2017-04-25,126.4181344673106,127.1413184959492,126.3054191095118,126.9159164428711,19384400
2017-04-26,126.96292046093338,127.27286274898076,126.66237948332939,126.73751831054688,25398500
2017-04-27,127.04745713707993,127.49827575683594,126.97231831190967,127.49827575683594,16136500
2017-04-28,128.00542359285222,128.05238714216986,127.51704280748555,127.72367095947266,22771900
2017-05-01,128.14629504666718,129.02915804905362,128.0899445284316,128.86009216308594,24815500
2017-05-02,129.01977557217293,129.13249095635578,128.69105939073597,129.0761260986328,18345100
2017-05-03,128.78500615329008,128.8319697148247,128.3153992004776,128.6629180908203,23827600
2017-05-04,128.64411661158087,129.0761469383679,128.25903551024845,128.70985412597656,14630100
2017-05-05,129.03855179760313,129.17942810058594,128.55955803619986,129.17942810058594,19330700
2017-05-08,129.2452122546377,129.4612274169922,128.9822335357891,129.4612274169922,13279900
2017-05-09,129.65848708126208,130.2032328853655,129.54577166337583,129.91207885742188,28426100
2017-05-10,129.9871368408203,130.0341003799673,129.52693141845586,129.9871368408203,20499400
2017-05-11,129.63028795820998,129.92144193258258,129.02919172139616,129.8838653564453,27232100
2017-05-12,129.94019966553984,130.20317831160307,129.82748429489746,130.1750030517578,19738600
2017-05-15,130.2313654017237,130.66339564610428,130.1092630437949,130.5882568359375,20481300
2017-05-16,130.9263522363829,131.15176862886855,130.5412856047028,131.1329803466797,21786000
2017-05-17,130.0904666845977,130.33467138529917,127.78000932323057,127.79879760742188,55642200
2017-05-18,127.75182727581513,129.3484873969707,127.61093664875783,128.91644287109375,41319900
2017-05-19,129.376701614062,130.00597314354007,129.2921758111318,129.4612274169922,36730100
2017-05-22,129.75232207809958,130.61641099496927,129.70537287433692,130.5506591796875,19509700
2017-05-23,130.93578164597366,130.94516862345273,130.34407244573745,130.68218994140625,19687500
2017-05-24,131.07666650961832,131.34904651816416,130.71037372636974,131.28329467773438,15891900
2017-05-25,131.78104034977687,132.73904210677915,131.49927344109852,132.4009246826172,23928600
2017-05-26,132.4291749946029,132.69215377007654,132.25072204025972,132.63580322265625,13851600
2017-05-30,132.57005168389693,132.90816930050514,132.48552586256199,132.74850463867188,20306400
2017-05-31,133.2180933275096,133.2180933275096,132.02530201817243,132.70152282714844,33229400
2017-06-01,132.97384249819905,133.27438335113598,132.41030869345977,133.21803283691406,20120700
2017-06-02,133.6876796359093,134.76778403020478,133.4716644895559,134.73960876464844,37222900
2017-06-05,134.73021406963136,134.94622922658962,134.52358589123128,134.71142578125,15727500
2017-06-06,134.55168971239075,134.99312110173423,133.97876903672736,134.17601013183594,22393000
2017-06-07,134.55179446183766,134.8147732392082,133.9319241044748,134.7020721435547,18842400
2017-06-08,135.00259064439268,135.0589411768329,134.1103261098744,134.84292602539062,25417400
2017-06-09,135.00256740411686,135.15283068766846,129.7147902743633,131.4711151123047,109783700
2017-06-12,130.36283818453597,131.00149649296904,129.11368249523628,130.76669311523438,104454000
2017-06-13,131.499302924892,132.01587331808048,130.81368094734916,131.82803344726562,51193000
2017-06-14,132.36337695700618,132.36337695700618,130.1937956506243,131.25511169433594,60093800
2017-06-15,129.93087963121306,130.81374320863497,129.13255621746904,130.67286682128906,55145200
2017-06-16,130.60500375524,130.69918675361774,129.62556667552838,130.10586547851562,48087400
2017-06-19,131.3678212861165,132.40376217805004,131.1700427832148,132.28134155273438,39626500
2017-06-20,132.14953032884713,132.31904248909214,131.1983308619992,131.24542236328125,40935100
2017-06-21,131.54676834042857,132.6109758027523,131.4620122691746,132.54505920410156,35743400
2017-06-22,132.752240009071,132.9970956527188,132.16833136605544,132.5073699951172,24099100
2017-06-23,132.35670840934662,133.18547285532236,131.98941768811807,133.01596069335938,21654300
2017-06-26,133.7787699567573,134.00478613181238,132.10241626367005,132.3943634033203,34411100
2017-06-27,131.89522790555057,132.0553274896133,129.98343107721064,129.9928436279297,65957800
2017-06-28,130.47309510267772,131.97993614949155,129.71968894957203,131.86692810058594,57427200
2017-06-29,131.32074537645636,131.32074537645636,128.31648912987305,129.57846069335938,88769400
2017-06-30,129.9457331790364,130.59555834152528,129.2017394121736,129.6255340576172,68898300
2017-07-03,130.21886746968232,130.36954012495758,128.17522318502222,128.25997924804688,32797000
2017-07-05,128.66494106210556,129.87040858797198,128.23173380422259,129.52195739746094,42116600
2017-07-06,128.53311083282628,129.07934062450227,127.89271241036306,128.3541717529297,48430500
2017-07-07,128.7874164330386,130.0870673545918,128.7780038793719,129.7386016845703,36970400
2017-07-10,129.8233178560467,130.89693770780713,129.49369180152087,130.58615112304688,24853500
2017-07-11,130.3977728203391,131.1135144514362,129.9080472989032,130.9534149169922,31517700
2017-07-12,132.07416275094752,132.65805702365708,131.81046763615572,132.5073699951172,36045800
2017-07-13,132.66749933685338,133.11956052388894,132.41323108574375,132.79934692382812,31073600
2017-07-14,133.3926340851869,134.01420728042848,132.96883940490602,133.8446807861328,34544800
2017-07-17,133.98594225944765,134.38148488068504,133.65631622326447,133.9105987548828,25343200
2017-07-18,133.81640368512825,134.8335193493543,133.39260908427644,134.80526733398438,25748500
2017-07-19,135.2008470763201,135.79416830275505,135.14434303005137,135.5963897705078,33752300
2017-07-20,135.94484082206378,136.0295968824157,135.16316806810605,135.7753143310547,36139400
2017-07-21,135.2761616814599,135.7187957763672,135.0030540594317,135.7187957763672,39697100
2017-07-24,135.69998036797801,136.43456168332085,135.53988078594753,136.34039306640625,26712700
2017-07-25,135.88833256231553,136.31214163634397,135.62463744131927,135.99192810058594,28120900
2017-07-26,136.33092902651842,136.5098680313344,136.11432545925283,136.4345245361328,18610600
2017-07-27,137.32928856771042,137.46113615799058,134.01424496455408,135.5775909423828,80665900
2017-07-28,134.76760583459904,135.6905385550424,134.550987884767,135.46450805664062,38013200
2017-07-31,135.8506262197417,136.0201383009885,134.59806759497786,134.8900146484375,33848600
2017-08-01,135.35150793062348,135.38917249741448,134.78643883663077,135.20082092285156,20149400
2017-08-02,136.0766956229828,136.1049476446054,134.30615895966807,135.56813049316406,41769700
2017-08-03,135.699932758769,135.7752762480508,134.79583962798972,135.0406951904297,27112800
2017-08-04,135.3421019044602,135.58695752616265,134.729941294747,135.28558349609375,29472900
2017-08-07,135.5304775532643,136.1426239013672,135.34212593617934,136.1426239013672,17933900
2017-08-08,135.8788982508515,136.99960952075836,135.52102019953898,135.9071502685547,30810400
2017-08-09,134.78643821047524,135.7941414036767,134.4756516472534,135.72821044921875,36169500
2017-08-10,134.95600389629124,135.05017252534307,132.68632869261216,132.81817626953125,63331700
2017-08-11,132.99711753498627,134.1178291423972,132.69574342832087,133.8258819580078,45862500
2017-08-14,134.8900936790028,135.7565227992662,134.852429095648,135.54933166503906,34161000
2017-08-15,135.88833404563647,135.89776096668615,135.27618773027876,135.6434783935547,25509200
2017-08-16,135.9824712369333,136.51928822493846,135.4268291537818,135.87887573242188,31913000
2017-08-17,135.35159023917532,135.5587814082806,133.1007537841797,133.1007537841797,70191000
2017-08-18,133.17598089896765,133.91997445005845,132.4602249877257,133.00645446777344,60751900
2017-08-21,132.99707465133403,133.28902174158785,132.0176234907946,132.83697509765625,37111500
2017-08-22,133.55272301110836,135.00306035103893,133.50563152365268,134.86178588867188,36294200
2017-08-23,134.18373696209008,134.68287521955745,134.0895683376534,134.3815155029297,25702300
2017-08-24,134.68291029994907,134.8335973826656,133.23258664715826,133.9860076904297,38160800
2017-08-25,134.5039117719812,134.84293596665057,133.52446064192543,133.70339965820312,26380400
2017-08-28,134.10838618920243,134.42859973183414,133.68459147638316,134.11781311035156,15362100
2017-08-29,132.96886396499207,134.87124847288263,132.8464289392922,134.6452178955078,24498300
2017-08-30,134.7582387670332,136.45343233218907,134.6734826813528,136.22740173339844,33642700
2017-08-31,136.61351373599544,137.69656071086533,136.53817021311087,137.6871337890625,38480700
2017-09-01,137.866024083182,138.05437563860164,137.13144295783363,137.4987335205078,22293600
2017-09-05,137.09379409031868,137.38574119018864,135.23850159790828,136.26502990722656,44794300
2017-09-06,136.6134971372073,136.99021470585836,135.69056424204746,136.67942810058594,30722700
2017-09-07,136.93368757109414,137.3480696850641,136.5004803576201,136.99961853027344,22721100
2017-09-08,136.82070790312955,136.88663887599915,135.6717443013824,135.81301879882812,27890100
2017-09-11,136.87714371084016,137.61172474633085,136.83947915248459,137.37628173828125,27126300
2017-09-12,137.76243665009633,137.88487163493446,137.05610749812894,137.7059326171875,30256700
2017-09-13,137.4705076951573,137.91314183838588,137.24447716341123,137.89430236816406,28450900
2017-09-14,137.35750313265925,137.77187089601594,136.9996250408044,137.08438110351562,35296400
2017-09-15,137.05608352714995,138.05435958808445,136.83005306474368,137.5552215576172,46422400
2017-09-18,137.71479600975636,138.14895150158276,136.9597260740778,137.37501525878906,24858200
2017-09-19,137.62041032664627,137.80917421487075,137.14849340520422,137.61097717285156,20871200
2017-09-20,137.56374593755098,137.71476276858695,136.1291148462247,137.18621826171875,34236200
2017-09-21,137.09184420614426,137.10127735846143,135.86485752222623,136.34622192382812,28841800
2017-09-22,135.91206235126594,136.41229309527907,135.77049304702084,136.21409606933594,21702400
2017-09-25,135.6761039194037,135.75161234892659,134.11878396555466,134.7794647216797,54947700
2017-09-26,135.4684427998655,135.723281918173,134.65674528379148,135.128662109375,29628800
2017-09-27,135.8459768158326,136.85588578238153,135.50621051130318,136.34622192382812,33249400
2017-09-28,136.01587350219694,136.44059578190866,135.70440665660593,136.2990264892578,24149400
2017-09-29,136.57273385407416,137.3844314141916,136.21408684036604,137.28060913085938,43102400
2017-10-02,137.48826189435604,137.96017877368112,136.78981972832125,137.4033203125,27351300
2017-10-03,137.58266739561665,137.85637288140643,137.28063364407845,137.6959228515625,19715200
2017-10-04,137.43167066794513,138.12066546222866,137.2995344827159,137.8280792236328,26381100
2017-10-05,138.32827533902713,139.2532284032212,138.18670603391186,139.177734375,31562400
2017-10-06,138.70582008200233,139.3665008544922,138.70582008200233,139.3665008544922,23561100
2017-10-09,139.5458201412507,139.69682258989985,139.02670871907057,139.20603942871094,13704800
2017-10-10,139.67793949823647,139.81950877738092,138.696344490309,139.30984497070312,19223100
2017-10-11,139.24380860608392,139.75348695690693,139.06447786789664,139.72515869140625,12439100
2017-10-12,139.51751622460938,140.017746975697,139.32873794726564,139.47032165527344,14513500
2017-10-13,140.03659938089973,140.16873552086713,139.47974096259128,140.00828552246094,18409900
2017-10-16,140.35751839670144,140.5274015529227,140.05548469440637,140.48965454101562,21809400
2017-10-17,140.44246494709694,140.68785653757993,140.2253872169866,140.66897583007812,13138200
2017-10-18,140.81058190557923,140.82946261608078,140.29147038000445,140.49911499023438,17218200
2017-10-19,139.67800683675344,139.9989069586914,138.99844516572904,139.9800262451172,27680300
2017-10-20,140.5463078427269,140.66899645507704,140.187646356406,140.3575439453125,30173300
2017-10-23,140.6501381547038,140.65957130949482,139.2438203956355,139.44203186035156,29297100
2017-10-24,139.71571027044246,139.97054941800727,139.15885180874477,139.67796325683594,20289500
2017-10-25,139.40423794129399,139.85727409562858,138.11119034995423,139.14939880371094,36179100
2017-10-26,139.0644728673805,139.41370117720507,138.6680643875289,138.70582580566406,28230200
2017-10-27,141.0370259398617,143.0096488015591,140.81994827820802,142.74537658691406,60165100
2017-10-30,142.64156198349065,143.64202319285633,142.50942586907925,143.0662841796875,31733400
2017-10-31,143.52878454890381,143.8119231116088,143.1134954545925,143.60427856445312,26319300
2017-11-01,144.1800176283092,144.24609289410478,142.990792459811,143.55709838867188,29481600
2017-11-02,143.39671801583853,143.45336016331723,142.30188132794683,143.28346252441406,31017400
2017-11-03,143.80250010641984,144.68025851625353,143.31170256017185,144.66139221191406,26199200
2017-11-06,144.5481381170127,145.2088332865727,144.50095794926753,145.15219116210938,28693900
2017-11-07,145.0389406616315,145.42591598230766,144.72747377438685,145.23715209960938,21333100
2017-11-08,145.161676239159,145.86010420203968,144.99177862537428,145.82235717773438,17373500
2017-11-09,144.6236761036191,145.13335451562423,143.56658665910996,145.05784606933594,40594500
2017-11-10,144.71806762298954,145.16167075106847,144.4632284128293,145.04840087890625,20150800
2017-11-13,144.50095004643748,145.41646991808943,144.50095004643748,145.22769165039062,12522400
2017-11-14,144.71802316257512,144.87847316360057,144.00071473415093,144.6991424560547,25173800
2017-11-15,144.07622000738021,144.40656758936728,143.25508923161186,144.01959228515625,24808000
2017-11-16,144.7463144468275,146.19037863259942,144.71800059234235,145.8600311279297,34790600
2017-11-17,145.89788857172599,146.0017109070979,145.16169906700395,145.3032684326172,28725800
2017-11-20,145.4070038455572,145.53913997506248,144.98228160084435,145.18992614746094,21143900
2017-11-21,145.87892262914914,146.8322038065666,145.8128617643798,146.76612854003906,20147800
2017-11-22,146.89831628612112,147.08708019690465,146.61516321906416,146.9455108642578,17299000
2017-11-24,147.09645291667042,147.530608250415,147.01149695854133,147.48341369628906,8280600
2017-11-27,147.43630014412415,147.76663336871275,147.07763865285872,147.41741943359375,22653400
2017-11-28,147.74774256156942,147.88932627822837,146.95492559462045,147.79493713378906,25227300
2017-11-29,147.62507169105783,147.6628187123115,144.51984992814866,145.21829223632812,71986300
2017-11-30,145.83173803103244,146.71894400253757,145.4919573270892,146.435791015625,56595500
2017-12-01,145.53920730721194,146.5208027820255,143.70816694998618,145.81292724609375,59015800
2017-12-04,146.72838555488553,146.88883554716259,143.99125932903348,144.13284301757812,51319100
2017-12-05,144.1045156441219,145.86949437353425,143.55710479734572,144.2272186279297,40604200
2017-12-06,143.68925367684653,145.10500428600523,143.5193561148323,144.87847900390625,28647800
2017-12-07,144.86906242589632,145.7845824100395,144.71804555388553,145.36929321289062,32666200
2017-12-08,146.43580018694917,146.79446161961877,145.7845669985502,146.01107788085938,28081700
2017-12-11,146.07715440703302,147.19087132595112,146.06770685234918,147.1436767578125,20821500
2017-12-12,147.07764704198263,147.37966641888366,146.63404393067148,146.9455108642578,20310300
2017-12-13,147.54010457339572,147.70055458905787,147.01154555492195,147.2286376953125,24418500
2017-12-14,147.48349453618832,147.86103677438172,146.96439736153863,147.12484741210938,24594700
2017-12-15,147.70055861943447,148.95585931926243,147.45515261086354,148.79539489746094,49816200
2017-12-18,149.77808275793535,150.1658673133647,149.50380492109375,150.04290771484375,26844500
2017-12-19,149.75915533099996,149.9104879938872,148.7376815043268,149.15383911132812,31415000
2017-12-20,149.67410113304234,149.70247421567328,148.406722002582,148.9931182861328,38972600
2017-12-21,149.20112148949798,149.67402520261842,148.8417100493261,149.011962890625,18638700
2017-12-22,148.7849896935368,148.89848198615073,148.4444983838165,148.84173583984375,23330400
2017-12-26,148.0094534613885,148.22698519336225,147.49870921707407,148.03782653808594,21918700
2017-12-27,148.04724878050686,148.4539535154675,147.9148363060289,148.05670166015625,22388200
2017-12-28,148.5296177218067,148.55800522686135,148.05671392636657,148.23641967773438,25393800
2017-12-29,148.36884735478753,148.3972204308688,147.2622540919781,147.31900024414062,33186000
2018-01-02,148.07563064083277,149.93887270564983,147.7067662663292,149.9010467529297,32573300
2018-01-03,150.04290260307116,151.4899869368337,150.0145295323603,151.35757446289062,29383600
2018-01-04,151.8777475162644,152.0763589799041,151.40484383652708,151.62237548828125,24776100
2018-01-05,152.34125945885108,153.24922680650232,152.05751425075476,153.1451873779297,26992300
2018-01-08,153.14514922786384,153.81667890534396,153.08840308675678,153.7410125732422,23159100
2018-01-09,154.0436557659801,154.20444130170148,153.2870213465562,153.75045776367188,24782400
2018-01-10,153.06949638901125,153.41945500981592,152.38851377194294,153.3910675048828,34004000
2018-01-11,153.65586481042982,154.45033950205965,153.41941297850136,154.4408721923828,20473500
2018-01-12,154.3085343343734,155.73671332598295,154.10992278139713,155.575927734375,37762700
2018-01-16,156.60682042695802,157.40129532847158,154.66791200655035,155.13136291503906,41231800
2018-01-17,155.86907972821922,157.04187179815207,155.11243083775716,156.805419921875,33849900
2018-01-18,156.559509021963,157.1931982936916,156.19064468672167,156.83380126953125,26432200
2018-01-19,157.29721897490228,157.58096406791066,156.5689432702849,157.32559204101562,38937600
2018-01-22,157.2688879961345,159.00917053222656,157.08918224140828,159.00917053222656,26081400
2018-01-23,159.50098930597906,160.46571707603758,159.42532296794718,160.32383728027344,37989700
2018-01-24,160.66431815741467,161.0142767520825,158.3660128203681,159.283447265625,54287400
2018-01-25,160.3805707746578,160.43731691062956,158.71594048281494,159.2266845703125,28925000
2018-01-26,160.1157614965889,161.6858055688131,159.80365769011843,161.66688537597656,32038200
2018-01-29,161.32638184730632,161.64795291301525,160.54135994086897,160.88185119628906,37277800
2018-01-30,159.41590438098692,160.2387525322913,158.72546874175313,159.55776977539062,44987700
2018-01-31,160.45625475820032,160.77784031281502,159.21724910210466,160.2198028564453,42449200
2018-02-01,158.9902768778885,160.53193358355207,158.34712015051804,158.8578643798828,38037900
2018-02-02,158.2336168834156,158.61193415668208,155.55697960101259,155.68939208984375,68478100
2018-02-05,154.23287685548271,156.7676347004097,149.43762463146143,149.55111694335938,105372200
2018-02-06,147.36624438879304,153.70315089768073,146.69472923621979,153.5139923095703,118537900
2018-02-07,153.02214901360512,154.6867790142045,151.51831894596,151.5277862548828,91028300
2018-02-08,151.91564110502628,152.08589401011625,145.1342010498047,145.1342010498047,94184800
2018-02-09,147.18656595100762,148.71878399191831,141.99409175067282,147.64056396484375,113836600
2018-02-12,149.15384393831334,151.28191087144936,147.98105184267556,150.26043701171875,63050600
2018-02-13,149.39975261974917,151.338646365796,149.1727536340436,151.03599548339844,31785600
2018-02-14,150.14699575927955,154.10046563370065,149.43763987380265,153.864013671875,52107400
2018-02-15,155.2448338289467,156.7202911376953,153.6369640548457,156.7202911376953,51633900
2018-02-16,156.20959015638903,157.7228736909428,155.7555921073318,156.0204315185547,62256300
2018-02-20,155.47183047653613,157.6471760272402,155.4056170289163,156.33250427246094,36785600
2018-02-21,157.09861756739937,158.63082096309031,155.79339871514364,155.8879852294922,41161800
2018-02-22,156.56892192468743,157.40123690220625,155.47179651017157,155.86903381347656,37074400
2018-02-23,157.12704657166086,159.05648803710938,156.48388979525734,159.05648803710938,50096900
2018-02-26,159.80365286404665,161.1656036376953,159.671240381947,161.1656036376953,39266700
2018-02-27,161.212900243204,161.47772521289122,159.09430048570619,159.16995239257812,42209900
2018-02-28,160.07797062037594,160.59816779828083,158.0444896171534,158.14852905273438,42936300
2018-03-01,158.23365228359023,158.9619283510316,154.166675742653,155.56646728515625,76809900
2018-03-02,153.69369501047083,157.26884565370287,153.18296538938407,156.99456787109375,57445100
2018-03-05,156.2568974856647,159.1415994439659,155.6704868941634,158.7349090576172,38540200
2018-03-06,159.51041146108128,159.94548921298946,158.40381854029096,159.4063720703125,29480900
2018-03-07,158.1863187377179,159.90769547131342,157.91204088784045,159.7752685546875,34609400
2018-03-08,160.43736024383568,160.76838427037057,159.79420352139914,160.65489196777344,25828400
2018-03-09,161.7993123413519,163.7760467529297,161.5628604424011,163.7760467529297,38310500
2018-03-12,164.25842508773977,165.02452703224543,163.88956065401925,164.64620971679688,37635000
2018-03-13,165.0245092813887,165.71495923404083,161.98847490700163,162.40463256835938,55638900
2018-03-14,163.25585984409247,163.37881945739667,161.66689547972572,162.37625122070312,40536400
2018-03-15,162.48974709060667,163.18018259140996,161.6385115992106,162.234375,28810400
2018-03-16,162.50867843034996,162.86807552606052,161.6763630746169,161.7520294189453,31176700
2018-03-19,160.19551070373706,160.30918709868666,156.91770158155992,158.3008270263672,71395100
2018-03-20,158.36719446254477,159.1913775540936,157.83668514130437,158.82191467285156,34075700
2018-03-21,158.40506259306204,159.87343113265456,157.43876970306263,158.1303253173828,43863500
2018-03-22,155.94193550416378,157.04085547008643,154.0283010056142,154.2272491455078,66607300
2018-03-23,154.04725422423056,154.70092239413205,150.08735789227603,150.16314697265625,80110400
2018-03-26,153.20414197611728,155.93249142966548,150.77894888642604,155.74301147460938,57481500
2018-03-27,156.8987812473998,156.8987812473998,149.37688327079044,150.7031707763672,78889100
2018-03-28,149.84109644405248,151.3663177851629,147.82325316930635,148.96954345703125,89369700
2018-03-29,149.77478797775137,153.19469344986717,148.38219396979358,151.69789123535156,68692600
2018-04-02,150.61791235754086,151.3284188696814,145.77699407661152,147.32115173339844,85549400
2018-04-03,148.6095410891103,149.60425312149945,146.3075068719996,148.97900390625,64090000
2018-04-04,146.0990683452422,151.79258793581835,145.92853928722565,151.32839965820312,65768700
2018-04-05,152.834629523697,153.0714649352588,151.08204169602513,152.1904296875,43054900
2018-04-06,150.51369098067502,152.01049296984712,147.67166518092083,148.38217163085938,59870900
2018-04-09,149.66109088022102,152.4083914592727,149.16848342904677,149.42425537109375,41810400
2018-04-10,151.77366631244024,153.21361572690864,150.69369702394317,152.72100830078125,48296800
2018-04-11,151.7641462277159,153.46936427741142,151.66942072540883,151.83993530273438,41622100
2018-04-12,152.7589258879677,154.19889004304525,152.67366856139392,153.6683807373047,30467900
2018-04-13,154.43572765470307,154.66308052861038,152.20946772906316,152.8726043701172,44604900
2018-04-16,153.94308654886183,154.59675489074692,152.9767935888885,154.03782653808594,28180800
2018-04-17,155.5914437980751,157.6945440392466,155.27881922651815,157.35350036621094,35536100
2018-04-18,157.3535358026203,158.20613794957228,156.60512741436133,157.67562866210938,29573900
2018-04-19,156.87983403538624,157.24929682081455,155.6861739168555,156.22616577148438,34705700
2018-04-20,155.82831318286088,155.9419896135075,153.21363963563772,153.75363159179688,49197100
2018-04-23,154.501980682288,155.10827889527758,152.54099054624737,153.36517333984375,33040600
2018-04-24,154.09466323613222,154.33149875157372,149.1021665231433,150.11582946777344,70256800
2018-04-25,150.38107865326495,150.92105609220243,148.2306082033008,150.29580688476562,52089300
2018-04-26,152.2378511876746,153.97148872171266,151.74522931741186,153.45993041992188,43005500
2018-04-27,155.71458005169242,155.75248182182114,152.68308892944123,153.5546417236328,51043400
2018-04-30,153.91465733686806,154.87146756191754,152.08627974300506,152.46522521972656,35615300
2018-05-01,152.0672954089885,154.2272333523926,151.7073009333254,154.20828247070312,36513500
2018-05-02,154.4735839870961,154.95673765779452,153.118891867566,153.29888916015625,38646800
2018-05-03,152.52209162346253,153.84836489894002,150.83582369237203,153.27996826171875,60337100
2018-05-04,152.61680909949462,156.54827280072413,152.50311822459417,156.1882781982422,41543200
2018-05-07,156.91770360928135,157.99767274112617,156.79454454296825,157.48611450195312,32500200
2018-05-08,157.15452894447054,157.66608715067713,156.1787680573204,157.32505798339844,26040200
2018-05-09,157.6092839910031,159.15345607744788,157.05035568000113,159.03977966308594,29122700
2018-05-10,159.5513788448711,160.8018775442783,159.42821972757616,160.6881866455078,27067600
2018-05-11,160.49871930948134,160.91555220466486,159.8355826377327,160.53662109375,24688800
2018-05-14,160.90603453192216,161.82495737152067,160.54603996849036,160.81129455566406,21821700
2018-05-15,159.54189206056438,159.6271493832493,158.18718529385288,159.0303192138672,49361600
2018-05-16,159.2387143373074,160.45131094870143,159.1629252421838,160.08184814453125,22941200
2018-05-17,159.5229484472082,160.67870705841537,158.6892827065881,159.4661102294922,27480200
2018-05-18,158.85030869131194,159.3997688173194,158.4050712247587,158.64190673828125,26217900
2018-05-21,159.8734228317834,160.57446108111606,158.85029178760507,159.53237915039062,22954600
2018-05-22,160.26184841675524,160.52710302697128,159.03978356649503,159.323974609375,19477700
2018-05-23,158.11138483153272,160.68815640418816,158.09244839804765,160.66921997070312,26557800
2018-05-24,160.62184143066406,160.90604692603907,159.0018802257309,160.62184143066406,27696500
2018-05-25,160.6028701589056,161.36074656528402,160.29972826952832,160.78286743164062,27460500
2018-05-29,160.0534368067891,160.972359753724,159.11557742662342,160.0723876953125,41220500
2018-05-30,160.65024670196001,161.5028486593802,160.30920302793382,161.21864318847656,22665800
2018-05-31,161.21864991663708,162.18494277591955,160.69762339607553,161.1144561767578,35670900
2018-06-01,161.91964521618272,163.7385395858401,161.87227523907595,163.64381408691406,45543300
2018-06-04,164.06068645303847,165.1596066813699,163.95649270641496,165.12171936035156,20459600
2018-06-05,165.51012563442046,165.90800753606914,164.90382733829512,165.63327026367188,24779300
2018-06-06,165.80381497906035,166.62799796341386,164.9701493225142,166.59957885742188,25036600
2018-06-07,166.6279834656239,166.6658707852191,164.41120665936617,165.24485778808594,39600300
2018-06-08,164.46808349473633,165.67121216236748,164.06071882312943,165.25437927246094,31780300
2018-06-11,165.13120441822338,166.1069656559999,165.10278531073814,165.69961547851562,22319700
2018-06-12,165.92696683268252,166.73221341824032,165.7469839720072,166.5711669921875,22511800
2018-06-13,166.8269153437232,167.8121445651335,166.1921835463711,166.56166076660156,37858600
2018-06-14,167.3290323693673,168.52267815882112,167.20587327610485,168.24795532226562,35916000
2018-06-15,167.61324401388285,167.9921895569005,166.83643094746188,167.66061401367188,49615700
2018-06-18,166.60489304349215,167.70615088050556,166.08273681383,167.56375122070312,31633200
2018-06-19,165.4466600431042,167.1270339654412,164.9150153341457,167.0890655517578,38236000
2018-06-20,167.85804712687775,168.96880788980405,167.70614450470885,168.27577209472656,33038000
2018-06-21,168.70297216269796,168.8738662206406,166.49093929385134,166.81373596191406,43469400
2018-06-22,167.37392095236603,167.44036931438382,165.84543479113134,166.44354248046875,30073200
2018-06-25,164.93397905598957,165.18082442692483,161.2124519058346,162.69346618652344,77799700
2018-06-26,163.29156940190373,164.2978988490256,162.6934619248961,163.3580322265625,39008100
2018-06-27,164.0510768785065,164.7915840396623,161.02258540561564,161.13650512695312,52843500
2018-06-28,160.93713752522243,163.07321911031815,160.60485237304874,162.5225830078125,46407700
2018-06-29,163.30103261199957,164.16496228148895,162.72191667254526,162.95925903320312,36408500
2018-07-02,161.4308017776073,164.09854254464045,161.07953965822534,164.0510711669922,31770000
2018-07-03,164.66816759988555,164.66816759988555,161.99095264323674,162.15234375,25512700
2018-07-05,163.20616552235504,164.2979349960398,162.37071546415442,164.16502380371094,31626200
2018-07-06,164.54476082949816,166.84223372985434,164.24095557677413,166.71881103515625,37005600
2018-07-09,167.58273510636346,168.25677944731243,166.91817924689573,168.21881103515625,27362100
2018-07-10,168.5321104195037,168.72198145912458,167.76312329298847,168.3422393798828,23902500
2018-07-11,167.0226422715026,168.10493788190004,166.89923403313426,167.4878387451172,30280600
2018-07-12,168.228286332044,170.37387084960938,168.11436661827244,170.37387084960938,27930100
2018-07-13,170.36436326407653,170.7915766653683,169.8896784879235,170.51626586914062,28049800
2018-07-16,170.5542523811973,170.83906617436733,169.8232481784128,170.10804748535156,21405300
2018-07-17,168.30426262591922,171.50363394336438,168.30426262591922,171.14288330078125,31034100
2018-07-18,171.16188786915194,171.30430204170952,170.2979722950682,170.8201141357422,23220800
2018-07-19,170.20297960546438,170.77260715619605,169.76627770463645,169.96563720703125,31094100
2018-07-20,170.47829414904234,171.04790717762205,169.73777258529864,169.9276580810547,35897300
2018-07-23,169.42451311802742,170.544762345058,168.74096581514294,170.46881103515625,22184700
2018-07-24,172.22511106723545,172.83270692049646,170.46877183444158,171.1713104248047,36900300
2018-07-25,171.24731726932373,173.66819850224707,171.16186298371963,173.56378173828125,35026600
2018-07-26,171.20933184097223,171.7599680169615,170.706167048233,170.93402099609375,40873500
2018-07-27,172.0163170899069,172.13023683078245,167.6587131666141,168.62705993652344,59456100
2018-07-30,168.63655649608893,168.7314847811326,165.4466734967147,166.244140625,60193000
2018-07-31,166.89921181830715,168.16187537613757,165.96883348114966,167.51629638671875,47285100
2018-08-01,167.90555857111977,168.6555544069097,167.18404267300323,168.1523895263672,37101900
2018-08-02,166.96562666844162,170.6396968656219,166.88967536220676,170.44032287597656,47178200
2018-08-03,170.7631046485337,170.97196711861523,170.0131090414084,170.9624786376953,28934400
2018-08-06,170.84856184575557,172.01628241302913,170.6396993720994,171.96881103515625,24808800
2018-08-07,172.45298381601836,172.91818013983732,172.08273024766632,172.59539794921875,29895700
2018-08-08,172.3581010370277,173.1175998225248,171.89290459043005,172.80430603027344,22680700
2018-08-09,172.69984436035156,173.38339169832895,172.44351048705207,172.69984436035156,18852900
2018-08-10,171.53209137264795,172.0447590659424,170.73462439000147,171.3802032470703,33818500
2018-08-13,171.69353348557266,172.7947914399371,171.11441733027837,171.19036865234375,26089200
2018-08-14,171.845412810611,172.46251183833581,170.92452299647297,172.2631378173828,20913000
2018-08-15,170.89604006822128,171.43718776830173,169.10173185601806,170.15553283691406,58528000
2018-08-16,171.4656480936295,171.8264131857617,170.38336730346373,170.7156524658203,27711800
2018-08-17,170.2694582689981,171.18084505147013,169.24413727404328,170.75363159179688,36092600
2018-08-20,171.13335974878976,171.19982257451744,169.93715926176668,170.60171508789062,24939000
2018-08-21,171.11441278257755,172.25365361081384,171.0099815282923,171.22833251953125,26258700
2018-08-22,170.86754707251347,172.09224204420946,170.6491961072137,171.8928680419922,18042400
2018-08-23,171.5890820068392,172.83275397584777,171.3612280674955,171.6460418701172,25776200
2018-08-24,172.21566102204685,173.38339620507972,172.17769260727536,173.24098205566406,23136100
2018-08-27,174.11438041131055,175.0067901611328,173.8390695987761,175.0067901611328,29343600
2018-08-28,175.4720308605582,175.65241344959531,174.89291467344478,175.26316833496094,20277000
2018-08-29,175.56698278847458,177.38028292015946,175.50053442296704,177.2853546142578,29175600
2018-08-30,176.9435354477719,178.02581636379358,176.38339629584232,176.97201538085938,29315500
2018-08-31,176.753624233041,177.70299382798368,176.56375321129852,177.1998291015625,28653200
2018-09-04,176.65868907694392,176.96247980264027,175.4909685768411,176.44033813476562,29063500
2018-09-05,176.127082860119,176.15556279417055,173.5637873918485,174.16188049316406,42623300
2018-09-06,174.237790424051,174.4466528816376,171.4371531797958,172.60487365722656,46091400
2018-09-07,171.3612068605996,173.42133708284757,171.3042470043707,171.94032287597656,46629500
2018-09-10,172.927631069843,173.0225738046932,171.57952825508923,172.5194091796875,26132000
2018-09-11,171.82642420247043,174.13338557959165,171.3802192924028,173.84857177734375,30116500
2018-09-12,173.59224083600267,173.71564903598318,171.84538972542066,173.33590698242188,36204000
2018-09-13,174.41825323743655,175.51952588684773,174.34230190096997,175.18724060058594,31133200
2018-09-14,175.31063659575625,175.5859474730021,173.98151013965605,174.674560546875,31224100
2018-09-17,174.38024385485903,174.50366656866098,171.99733079067468,172.15872192382812,33071200
2018-09-18,172.30109289366231,174.42767151381935,172.2156386206357,173.58273315429688,31877300
2018-09-19,173.611189654897,174.01942605821708,172.32004660136755,173.44979858398438,31843400
2018-09-20,174.64605322582548,175.604911390432,174.22832824758686,175.36756896972656,33295800
2018-09-21,175.84224963702727,176.08908053365826,174.19034121308673,174.40870666503906,38605400
2018-09-24,173.14375770635627,174.96032022075786,172.43044918615345,174.89373779296875,34945600
2018-09-25,174.8176732293068,175.26468112283587,174.21848934812928,175.13153076171875,25277500
2018-09-26,175.28371917395006,176.89104369070307,174.9127992479534,175.25518798828125,36210600
2018-09-27,175.9684748828475,177.36656085684913,175.87336126751808,176.7388458251953,33113300
2018-09-28,176.24429220889036,177.16683918874517,175.92092911615597,176.7008056640625,28076800
2018-10-01,177.7279618578703,178.35567689372647,176.6152022101072,177.0622100830078,27371300
2018-10-02,176.91005587644503,178.02281566116642,176.2538240897904,176.66278076171875,25618600
2018-10-03,177.40457803081972,177.8230546724379,176.57714481544647,176.8529510498047,29128700
2018-10-04,176.13964350995963,176.2537827388491,172.20218115229056,173.45761108398438,80557300
2018-10-05,173.43855836865768,174.0187164412025,169.70081484887305,171.336669921875,83325600
2018-10-08,170.7375810836834,171.80278413951612,168.2742772486154,170.2905731201172,66864500
2018-10-09,170.4141511121909,172.16414568246714,170.00519453320322,170.84214782714844,49097900
2018-10-10,169.77693652161386,169.8815556870146,163.10988465321907,163.32862854003906,114471100
2018-10-11,162.6533856466982,164.91694172482048,159.60041846791535,161.3028564453125,143084500
2018-10-12,165.64929123006252,166.30553752143064,162.56779258410438,165.79196166992188,102078400
2018-10-15,165.21175792349536,165.5256008777758,163.16693161317562,163.78514099121094,64885300
2018-10-16,165.50661703246757,168.95902070896923,165.20226507087278,168.55006408691406,71979700
2018-10-17,169.36796739254515,169.53915446200364,166.88565329931012,168.61660766601562,66987600
2018-10-18,167.97939814511517,168.03646050533132,164.0038989188648,164.7076873779297,82486200
2018-10-19,166.0391907591694,167.45630213342113,163.95632772034557,164.55551147460938,82923700
2018-10-22,165.54463343334623,166.67641856899218,164.14654762017167,165.4019775390625,52909300
2018-10-23,162.29199448125064,165.61126284893723,160.56103958617842,164.7933349609375,77567000
2018-10-24,164.60309545968425,164.87890172616557,156.96592488524988,157.25125122070312,102997400
2018-10-25,159.6955312242267,163.66152525835136,158.98222263149276,162.69142150878906,83481100
2018-10-26,157.1180575302546,161.6451973729651,156.1955108570449,158.5066375732422,130970900
2018-10-29,160.9319022472343,161.55009709422822,152.25806169357074,155.24444580078125,111871900
2018-10-30,154.78798589683967,157.91702696826593,154.0841827641855,157.8029022216797,92584000
2018-10-31,160.37074936412512,162.87208886182125,160.29466139135639,161.51205444335938,73828600
2018-11-01,161.7498354628227,163.81367289250187,160.52293676875158,163.64247131347656,52706800
2018-11-02,163.1384247739839,164.10852849610959,159.9903585957202,161.09361267089844,75966800
2018-11-05,161.30281156702583,161.35987391690819,158.9060912858911,160.69412231445312,39573500
2018-11-06,160.70367152077827,162.81506611372507,160.46590199015185,161.9115447998047,34410400
2018-11-07,163.85170481732766,166.99026489257812,163.46175938260524,166.99026489257812,51169600
2018-11-08,166.21043699968058,166.72402740398513,165.1357283986415,165.9251251220703,40296500
2018-11-09,164.37486226171814,164.7743134012144,161.83548497415413,163.1289520263672,50602700
2018-11-12,161.98761661281938,162.29195403522976,158.0501396470866,158.19281005859375,62578400
2018-11-13,158.9346629182591,161.1887133861686,157.8789656398141,158.3259735107422,64128100
2018-11-14,159.89523387671176,160.44686087599143,156.2145665418531,157.1180877685547,75270700
2018-11-15,156.8327730140756,160.29469672043106,155.46323273928124,159.86671447753906,73254300
2018-11-16,158.3069376602296,160.07594340411362,157.66971711166647,159.30557250976562,65390700
2018-11-19,158.54469995507483,158.7349126529241,153.6371339841515,154.13169860839844,67280500
2018-11-20,150.62223635404007,153.4849907666449,149.44290877989616,151.37359619140625,102652800
2018-11-21,153.45646584281948,154.0461296539405,151.44017028942017,152.52439880371094,42965800
2018-11-23,151.30700334387285,152.9713899297484,151.30700334387285,151.421142578125,23503700
2018-11-26,153.54209707859016,154.99724584933045,152.8953562292031,154.92115783691406,42012600
2018-11-27,154.0746590205919,155.83415938840167,153.29476797816355,155.4442138671875,36608100
2018-11-28,156.56645370603675,160.4468536376953,155.47271982499774,160.4468536376953,70141000
2018-11-29,159.77162087661603,160.97947965734633,158.65886120185863,159.9237823486328,44885700
2018-11-30,160.14251799729078,161.17918953248355,159.34360144937386,161.08407592773438,36722800
2018-12-03,164.64114708283992,164.83135981957128,161.21725977246928,163.89930725097656,50771700
2018-12-04,163.04330317938627,163.49983109233642,157.4224429320689,157.61265563964844,70594700
2018-12-06,154.43610577051294,158.74448949746673,153.8559474015788,158.7254638671875,71715500
2018-12-07,158.0311531283826,158.94418004999903,152.9904358956336,153.48500061035156,80432200
2018-12-10,153.19968006709112,155.76758833596898,151.61138119518407,155.0923309326172,73960800
2018-12-11,157.62213065149106,157.66018189301298,154.2933581208553,155.60585021972656,59058300
2018-12-12,157.87898527806541,159.40071624229287,156.88987030992897,156.9754638671875,53780000
2018-12-13,158.0025888912095,158.65883501700927,156.005319335497,157.02297973632812,46378500
2018-12-14,155.2254622407828,155.79610039029404,152.83824693491567,153.1996612548828,56547400
2018-12-17,152.54342340838417,153.76080227549264,148.52987246728253,149.7282257080078,74834100
2018-12-18,150.88851315534487,152.12491741077227,149.3572770531005,150.66976928710938,63642100
2018-12-19,150.44152191875799,152.8572683397856,145.83830754988435,146.9700927734375,81856500
2018-12-20,146.60866628560294,148.24452158862832,143.0326182692885,144.83966064453125,99002100
2018-12-21,145.5625050842072,146.55161991584202,139.54217901205195,140.35060119628906,141129400
2018-12-24,139.33095071341143,141.14316287543625,136.83200215120905,136.87014770507812,56163300
2018-12-26,138.3771576087863,145.49248984142335,137.43289138027703,145.41619873046875,98982100
2018-12-27,143.42275393039563,146.10292684705445,140.28476155936477,145.97894287109375,85824300
2018-12-28,147.02812487358563,148.40159790087307,144.71040005540246,145.90264892578125,77856600
2018-12-31,147.333345593052,147.8197778862638,145.65466444546112,147.13304138183594,53015300
2019-01-02,144.0141628011462,148.5542422693271,143.90924429507916,147.7244415283203,58576700
2019-01-03,145.5497537897727,146.17925015782797,142.58343789843747,142.898193359375,74820200
2019-01-04,145.3017163854788,149.74642261328574,144.72944579567928,149.01199340820312,74709300
2019-01-07,149.38401639718518,151.52053170655057,148.8975840759822,150.78610229492188,52059300
2019-01-08,152.16912043719947,152.7127929758686,149.93723376584637,152.15005493164062,49388700
2019-01-09,152.74137795572858,154.05762529049682,152.1023343442476,153.3899688720703,46491700
2019-01-10,152.22635966535626,153.91457378750476,151.36793164447067,153.8287353515625,38943400
2019-01-11,152.92262292701332,153.42813532364886,152.40756322421691,153.2659912109375,30176600
2019-01-14,151.9688009304718,152.56969897554228,151.26298441013213,151.9115753173828,30710200
2019-01-15,152.60783766859092,155.08772085223254,152.52199925281855,154.8778839111328,40874200
2019-01-16,155.13538645199066,156.21318387446902,154.7920182632074,154.84925842285156,33812200
2019-01-17,154.35330343666539,156.76641389119584,154.1053209207447,156.0701446533203,39329000
2019-01-18,157.16703911631194,158.34975542467646,156.25139998723492,157.61532592773438,57183200
2019-01-22,156.4803016938518,156.55660737985565,153.33276127684508,154.458251953125,56711700
2019-01-23,155.24990423562835,155.9557063490799,152.913099040517,154.65853881835938,38106100
2019-01-24,155.16405449624105,155.88895123831392,154.5727036203997,155.6600341796875,32417800
2019-01-25,156.90949708847936,157.99682756616335,156.37537187892516,157.51992797851562,36515900
2019-01-28,155.4883192965226,155.5836904656068,154.27699047399165,155.57415771484375,33491200
2019-01-29,155.65996785794292,155.69812796169927,153.55208057058658,154.10528564453125,30784200
2019-01-30,155.8507755007113,158.59772171367456,155.3643431729241,158.0254364013672,41346500
2019-01-31,158.99828572025933,161.1824935162581,158.77891603177008,160.39083862304688,37258400
2019-02-01,159.5991870838414,160.81051587879605,159.2748989194654,159.71363830566406,32143700
2019-02-04,159.7422796075396,161.69757080078125,159.59921555474006,161.69757080078125,26718800
2019-02-05,161.91695154621317,163.31903757429606,161.85019316830605,163.12828063964844,28156400
2019-02-06,163.16640756447123,163.45253563132246,161.90738585505278,162.64181518554688,27970000
2019-02-07,161.22066857074765,161.6212624658246,159.23676459954268,160.45762634277344,42036200
2019-02-08,159.05552814293827,160.8009821926445,158.87431854431162,160.77236938476562,29020700
2019-02-11,161.35414964828067,161.74521066955154,160.2191266885906,160.61972045898438,21434100
2019-02-12,161.79296917770318,163.2332007857361,161.50682649593057,162.9947509765625,29722100
2019-02-13,163.71959215340195,164.2060389567309,162.9279517925752,163.10916137695312,26094100
2019-02-14,162.52735653255726,163.8912967775756,161.98369862787976,163.30947875976562,30326800
2019-02-15,164.54942103207952,164.58756659152394,163.2331736470539,163.9962158203125,32521700
2019-02-19,163.49069510718962,164.8164751757798,163.46208230061575,164.32049560546875,19487700
2019-02-20,164.43496468316638,165.083555661496,163.4048744270413,164.29190063476562,32593000
2019-02-21,163.8531383606397,164.30142509476437,162.82304815650116,163.6909942626953,25207400
2019-02-22,164.043915108817,165.01677972784492,163.958062127522,164.90232849121094,27735400
2019-02-25,166.16131265606276,166.5905192499983,165.38872332239936,165.50318908691406,32608800
2019-02-26,165.10262552813538,166.1994886416893,164.8260156465415,165.67489624023438,21939700
2019-02-27,164.91183792263308,165.77026573745533,163.82450766691218,165.56996154785156,25162000
2019-02-28,165.05499100346466,165.7798733165321,164.72115538804633,165.1885223388672,25085500
2019-03-01,166.38074646298122,166.58103615890968,165.17895007212329,166.3330535888672,31431200
2019-03-04,167.4298528964969,167.66830262205826,164.50169783458765,166.36160278320312,38063500
2019-03-05,166.4856719970703,167.00071721932144,165.66540401065376,166.4856719970703,22319900
2019-03-06,166.64776164597535,166.67637445153284,165.27428876394416,165.54135131835938,27194600
2019-03-07,165.12165754416753,165.17888314839018,162.8993044060204,163.50973510742188,39407400
2019-03-08,161.67848499805746,163.3476334725752,161.51634089270553,163.2617950439453,39303200
2019-03-11,163.9389993236759,166.77178390757285,163.91038651404622,166.65731811523438,30518400
2019-03-12,167.09606797553548,168.00217421691826,166.6954740968342,167.57296752929688,33953500
2019-03-13,168.44098454603076,169.70952497594507,168.20253468939924,168.83203125,42426100
2019-03-14,168.94641596390522,169.14670559717183,168.49812928436165,168.5458221435547,23751500
2019-03-15,169.20395610773068,170.6155892677394,169.08950487187784,170.11007690429688,38192000
2019-03-18,170.03739987809783,171.03116414818632,169.69340679695992,170.51516723632812,32935100
2019-03-19,171.21280219943665,171.99634811718647,170.36237639473634,171.08859252929688,36893300
2019-03-20,171.09803538647876,172.81800070561513,170.3145045401678,171.76690673828125,50105000
2019-03-21,171.25096340867483,174.70044492980986,171.23184862847233,174.45201110839844,42428500
2019-03-22,173.69715474087008,174.1653721495044,170.4387768239273,170.62033081054688,70794500
2019-03-25,169.99921193867974,170.8878523677577,169.06277726981511,170.29542541503906,46336500
2019-03-26,171.61413984238382,172.65566978448547,170.21905193676312,171.08859252929688,33248100
2019-03-27,171.34654232354583,171.72875048947122,168.74748597039365,169.9896697998047,37096700
2019-03-28,170.4292341369057,171.02166120928345,169.35903953382123,170.38145446777344,30368200
2019-03-29,171.70009738051198,171.83387170579024,170.64900298167709,171.6714324951172,35205500
2019-04-01,173.43913955393558,174.15579075002466,172.73205303852342,173.94557189941406,30969500
2019-04-02,174.136747015967,174.77695387576742,173.69719439116562,174.60494995117188,22645200
2019-04-03,175.5891005501768,176.69752461283161,175.06356798178433,175.60821533203125,31633500
2019-04-04,175.65598032171602,176.29618694744408,174.5284415714045,175.54132080078125,28530800
2019-04-05,176.0477585050576,176.55419084506906,175.83753965671633,176.44908142089844,25674700
2019-04-08,176.162427351247,177.04151777250735,175.46489090682536,176.898193359375,22697500
2019-04-09,176.2961686112773,176.87904541591425,175.90439584842375,176.2770538330078,25631900
2019-04-10,176.5064170252318,177.28039800142153,176.31531295140692,177.2230682373047,24563000
2019-04-11,177.51929408417732,177.51929408417732,176.4777644161394,176.80264282226562,20654100
2019-04-12,177.586222940804,177.68176771271948,176.83134196702832,177.56710815429688,24989100
2019-04-15,177.57663411745852,177.7964176816377,176.41088016426886,177.5957489013672,21073000
2019-04-16,178.24552089895994,178.5990788199297,177.66264387283064,178.20730590820312,27195700
2019-04-17,179.4016959718589,179.5736852730449,178.3028365556854,178.828369140625,29651600
2019-04-18,179.1246184553909,179.4399322115816,178.00662954402543,179.05772399902344,28580900
2019-04-22,178.27413891009672,179.63099660900178,178.14035003779625,179.56410217285156,17936000
2019-04-23,180.02274914304076,182.06759301655282,179.76476524678682,181.8478240966797,33665600
2019-04-24,182.00076806311395,182.23010173148836,181.21722229806582,181.27456665039062,24977100
2019-04-25,182.6313755487261,182.71737018359985,181.02606946289478,182.01026916503906,29517500
2019-04-26,181.72364212756767,182.21097431654303,180.20434495321368,182.17274475097656,26359500
2019-04-29,182.1727178169316,182.81293901290226,181.8765043389689,182.52627563476562,21716200
2019-04-30,181.05477655329352,181.40833443515652,179.8412575418928,181.1121063232422,31495300
2019-05-01,182.29696616346737,182.8129632285239,180.40501094564308,180.5292205810547,34797100
2019-05-02,180.47188308279468,181.40831784065404,178.5608131643482,179.7456817626953,44110100
2019-05-03,181.23633187738542,182.7460790117996,180.9114534584161,182.6123046875,30386200
2019-05-06,178.73281308384202,181.7427423066702,178.45569978682755,181.4943084716797,38371800
2019-05-07,179.51638999569118,180.28082105743428,176.3057912006181,177.95887756347656,58818100
2019-05-08,177.3759607950994,178.8474782306468,176.73575411610557,177.50973510742188,37165300
2019-05-09,175.53175463923606,177.16572570029467,173.9933428983536,176.55418395996094,55351700
2019-05-10,175.92354600739012,177.62439710784426,172.98049651506432,176.7739715576172,58526400
2019-05-13,172.27339143020075,173.20026150732562,170.14255255303516,170.63943481445312,67185800
2019-05-14,171.53764811826764,173.55382756130334,170.90699151592122,172.5122833251953,43360600
2019-05-15,171.3752217211992,175.38846612453608,171.33699215318475,174.94891357421875,40944500
2019-05-16,175.02538604953585,177.79644696029027,174.81516713284722,176.70712280273438,39281200
2019-05-17,174.9584216039611,177.32814374274412,174.74820278887597,174.9010772705078,44702300
2019-05-20,172.46451390020727,173.12382078937435,171.3656399243154,171.94851684570312,38608300
2019-05-21,173.42960577643723,174.22270159105724,172.8753937163302,173.74493408203125,31613800
2019-05-22,172.77985842639774,173.97427726438477,172.7129639729226,172.97096252441406,24332600
2019-05-23,170.9834334143133,171.0598779631371,169.26346751654503,170.32411193847656,45351300
2019-05-24,171.24142803581208,171.85296983213837,170.02789454392942,170.2381134033203,25903300
2019-05-28,170.7158130743361,171.67134766280057,169.57872458121525,169.59783935546875,24763800
2019-05-29,168.54679770708913,169.1296745698925,167.30459944107972,168.2028045654297,42178800
2019-05-30,168.6519745400848,169.38774077778928,167.9544378780152,168.90997314453125,30354800
2019-05-31,166.92243327246365,167.49574559911812,166.1388874716343,166.21533203125,45446200
2019-06-03,165.76616996171487,166.21527247584942,161.74337669293996,162.55557250976562,75842300
2019-06-04,164.38068394455345,167.18995916135464,163.75002734888238,167.13262939453125,47797800
2019-06-05,168.72834486307886,168.75700974203565,166.62617111785553,168.3748016357422,34412700
2019-06-06,168.6614758691006,170.12344323766305,167.91615974317884,169.7125701904297,29913200
2019-06-07,170.62031348465143,173.68758700221593,170.40054453489006,172.9900360107422,45888300
2019-06-10,174.14623475308252,176.63063131419244,174.10801977258635,175.00621032714844,41385300
2019-06-11,176.83129342625585,177.15617180614643,174.6526749324039,175.24510192871094,41260300
2019-06-12,174.76733600710307,175.13044395272945,173.90736038676354,174.23223876953125,27758100
2019-06-13,174.9585185136326,175.69427019366066,174.6145252238918,175.2642822265625,23715800
2019-06-14,174.3660165457863,174.9680082401769,173.85003407938473,174.51890563964844,22844100
2019-06-17,174.90112115549545,176.05732492857044,174.71001707027756,175.57000732421875,20379500
2019-06-18,177.64353980726776,179.37305606253875,177.1848724462973,178.12130737304688,48177300
2019-06-19,178.36015806066956,179.19146880517414,177.31862845980422,178.79014587402344,31672900
2019-06-20,181.2841154141498,181.32233040177601,178.83794795744515,180.4528045654297,40922000
2019-06-21,180.2425562026463,181.33186542567978,179.8030037251425,180.1852264404297,39980400
2019-06-24,180.54533452353826,180.72728993947257,180.09523889860986,180.19100952148438,19375200
2019-06-25,180.0664764566091,180.17181827675842,176.82962290342388,177.09776306152344,33921100
2019-06-26,178.27568049044962,179.39612642748287,177.63405835279175,177.9213409423828,22595700
2019-06-27,178.56298836507654,179.02265514843864,178.1128927977586,178.60128784179688,19709200
2019-06-28,179.03227463676743,179.22380129709748,178.1895544088057,178.8311767578125,21179200
2019-07-01,182.25953421406788,182.49894616131468,180.4016951654254,181.24441528320312,31025600
2019-07-02,181.18692374560092,181.98177301038794,180.66980046898456,181.96261596679688,18035800
2019-07-03,182.42236018804437,183.33212280273438,182.23081891122723,183.33212280273438,15792100
2019-07-05,182.0775687415627,183.29377084538314,181.36890415632922,182.95860290527344,21415600
2019-07-08,181.77109474081703,181.82855126074557,180.92836014841646,181.6753387451172,17598800
2019-07-09,180.81347455060197,182.81495489877454,180.66024739917512,182.5851287841797,19193500
2019-07-10,183.69595224593346,184.9121540617014,183.3607697726656,184.40460205078125,28374500
2019-07-11,184.68233437177597,185.15157231546146,183.68637274479178,184.27053833007812,23736100
2019-07-12,184.47171042461963,185.34315886448854,184.29932621271874,185.33358764648438,20211900
2019-07-15,185.76447827203089,185.96559069854086,185.24735499500105,185.92727661132812,15606100
2019-07-16,185.69741060851257,185.86978012627773,184.40458077511536,184.96958923339844,20190900
2019-07-17,184.96962249946242,185.2952337791448,184.04070318655974,184.0598602294922,16765100
2019-07-18,183.1883919312997,184.6248632447046,182.61381217346283,184.27053833007812,28877000
2019-07-19,185.5346459623956,185.6208307369131,182.72873097636193,182.92025756835938,29387900
2019-07-22,183.3320830129603,184.76855460203484,183.3320830129603,184.37591552734375,18954900
2019-07-23,185.3814674476852,185.60172235560228,184.14609357220408,185.5825653076172,23786700
2019-07-24,184.8738972642855,186.89453455980075,184.85474021816623,186.88494873046875,20422900
2019-07-25,186.25288421506173,186.28161247363113,184.75894170673973,185.11328125,23434700
2019-07-26,186.29117506263273,187.26797964638865,186.1954044634744,187.01898193359375,20431200
2019-07-29,186.84661768140214,186.91364541267765,185.19946269451825,186.3773651123047,20451700
2019-07-30,184.95045675524148,186.3007285546541,184.81638669669908,185.5729217529297,18705000
2019-07-31,186.070954764303,186.19543903126953,181.3018732141678,183.00648498535156,41627500
2019-08-01,183.32255957777326,186.72221308483566,181.21573678591264,182.09677124023438,63251600
2019-08-02,180.72725573544125,180.9858246782299,178.32356552668065,179.415283203125,55214000
2019-08-05,175.66129876956953,175.7379123339164,171.61045336282845,173.07565307617188,75040000
2019-08-06,174.67491188066572,176.01562725354177,173.40125346461988,175.4984893798828,41897200
2019-08-07,173.59279308262504,176.6955621072244,172.27123465360327,176.4465789794922,49990600
2019-08-08,177.2414156190324,180.34419903453096,176.7530206144114,180.28672790527344,38418100
2019-08-09,179.42485405422948,180.0377479307687,177.19353340349727,178.59170532226562,33608900
2019-08-12,177.49038958289015,178.02666986132,175.72832163589445,176.54232788085938,24642900
2019-08-13,176.3890925921364,181.64656793252112,176.2262942731987,180.4112091064453,40241900
2019-08-14,177.50960458985895,178.07461330966677,174.69411759617745,175.01971435546875,51000500
2019-08-15,175.2495267936558,175.81453542220947,173.48745855585585,174.81858825683594,36685000
2019-08-16,176.40833982962764,178.07463795339154,176.30299796792025,177.62454223632812,32781400
2019-08-19,180.19096960387927,180.83259171987305,179.55891870303446,180.44952392578125,22494100
2019-08-20,179.9994527453012,180.6506461116526,179.00349103935514,179.05137634277344,19902900
2019-08-21,180.62191046179072,181.21564728476403,179.99944538045042,180.6410675048828,20418500
2019-08-22,180.9762795177709,181.43596098881173,178.6396165172244,180.05694580078125,24243700
2019-08-23,178.83114572484195,180.46871519092247,173.87052279160073,174.3589324951172,55372400
2019-08-26,176.3412388944307,177.04031759220717,175.3261347164842,176.99244689941406,27598900
2019-08-27,178.2278440425409,178.52471254152226,175.92949502054924,176.61898803710938,28012800
2019-08-28,176.04439140852605,177.54789080972168,175.16335721315144,177.2510223388672,21792400
2019-08-29,179.45358380349634,180.47827375307992,178.77364757561327,179.9611358642578,25358900
2019-08-30,180.9283390820433,180.9666531658967,178.51507785077297,179.53018188476562,26319800
2019-09-03,178.33315869214982,179.2524923157097,177.19355557306363,177.78729248046875,27964200
2019-09-04,179.50145405463053,180.50698687631967,178.9843162091714,180.353759765625,21592100
2019-09-05,182.34568128511157,184.18436290608233,182.27863893973,183.65765380859375,33932600
2019-09-06,183.96411765668537,184.03114539302393,183.0734977521511,183.4757080078125,19487800
2019-09-09,184.05028365152512,184.12689720848027,182.16371682256218,183.09263610839844,24407600
2019-09-10,182.10628170313407,182.66171909690937,180.90922213358658,182.56594848632812,23744700
2019-09-11,182.9106917941761,184.37589145472813,182.48932451172195,184.28012084960938,25063600
2019-09-12,185.41016016887008,186.46357841790996,184.7972662637587,185.04624938964844,28689900
2019-09-13,184.7781065630711,185.20904507237648,184.14605562273354,184.38546752929688,27669800
2019-09-16,183.1979934876602,183.9449574657598,183.01603810099996,183.5618896484375,20319000
2019-09-17,183.5810405282784,184.44293212890625,183.18840150841046,184.44293212890625,20953400
2019-09-18,184.05984827339097,184.4429160444452,182.05836848695952,184.36630249023438,29781300
2019-09-19,184.69193231368405,185.8219495630687,184.3184503026534,184.6727752685547,26039400
2019-09-20,184.93132556879306,185.12285216312398,182.10626811792028,182.7191619873047,29086100
2019-09-23,182.665403219067,183.34671054340487,182.05127343237203,182.79974365234375,22485900
2019-09-24,183.63458653292358,184.03760786367937,179.5851629079833,180.3720245361328,40820700
2019-09-25,180.18969448692457,182.8765178852551,178.683163480131,182.396728515625,34704900
2019-09-26,182.15684414982042,182.31997078769447,180.38161752482029,181.72503662109375,26826000
2019-09-27,182.0608762343886,182.15683996835182,178.2417568232152,179.4700164794922,40773500
2019-09-30,180.19929559700967,181.46594663546347,179.82506045237747,181.17807006835938,26307700
2019-10-01,181.8402202261938,182.88615782053563,179.40289601234977,179.7003631591797,32367600
2019-10-02,178.48164928563085,178.51043547705805,175.6221086817851,176.6104736328125,48544300
2019-10-03,176.59132451614954,178.68321437744967,174.47066309784645,178.5488739013672,39392500
2019-10-04,179.51800285160743,181.4371604429541,179.32609002087486,181.17807006835938,31887600
2019-10-07,180.6599202283045,182.07050235631786,180.31447124507648,180.63113403320312,21216000
2019-10-08,179.49880320893644,180.26646915691148,177.7811636451263,177.9250946044922,32379300
2019-10-09,179.431636739127,180.4775740684059,178.89426033682744,179.66192626953125,20147400
2019-10-10,179.7099249414196,181.77301360160826,179.5563888121188,181.05332946777344,25177700
2019-10-11,183.1164661404923,184.84371130486537,183.01091186261357,183.38514709472656,40976700
2019-10-14,183.12601106644976,183.95124940385548,182.9436887553237,183.36590576171875,14975000
2019-10-15,183.93207187062168,186.1295156955563,183.81692709097854,185.6977081298828,23234200
2019-10-16,185.0643434139425,185.7072593676499,184.65171697081178,185.237060546875,20457100
2019-10-17,186.3502065912057,186.63808316974118,185.0163925979353,185.7264862060547,19045200
2019-10-18,185.39065514895654,185.84165843882877,183.0013128707113,183.9416961669922,27700800
2019-10-21,184.92041527372405,185.6976716677226,184.37344839379395,185.5729217529297,15801200
2019-10-22,186.3022191227195,186.56130949981684,184.03761255737552,184.09519958496094,22392300
2019-10-23,183.72095126174352,184.4886025370391,183.42346955425552,184.45022583007812,14828400
2019-10-24,185.76486998867455,186.35981884483283,184.94923673412043,186.24465942382812,18998500
2019-10-25,185.28509589617926,187.82798889826606,185.24671918067423,187.73202514648438,21507100
2019-10-28,188.605270651134,189.833530699234,188.605270651134,189.58404541015625,18818700
2019-10-29,189.26733579009644,189.55519772866606,188.0870432739165,188.11582946777344,18569700
2019-10-30,188.48046835214672,189.34409806749397,187.39613960997087,189.02743530273438,21764300
2019-10-31,189.5743479056367,189.66070646648075,188.01983524241373,189.11375427246094,26801800
2019-11-01,189.92942971940695,190.84104131635925,189.641567785644,190.83143615722656,22131900
2019-11-04,192.09809259132643,192.42434588669738,190.83144147939979,192.01173400878906,19015900
2019-11-05,192.25163476925573,192.4435476171573,191.4839687356377,192.11729431152344,15048900
2019-11-06,191.8965791046757,191.91577478191718,190.75467790200145,191.6854705810547,19725500
2019-11-07,192.64503189719576,193.56623397467524,191.77182632945127,192.328369140625,17832400
2019-11-08,191.98296887421657,193.11526501483303,191.47437855656915,193.0960693359375,15258800
2019-11-11,192.1172757472704,192.91371325700177,191.8581853745327,192.8369598388672,10147600
2019-11-12,193.00004703967505,194.036393676856,192.70258001865233,193.39346313476562,14778300
2019-11-13,192.72178325767757,193.62378958150563,192.59704798281408,193.44146728515625,15774600
2019-11-14,192.71217969302663,193.41266799924588,192.12683613796446,193.2879180908203,16945400
2019-11-15,194.45867575180836,194.7081756591797,193.83495526740668,194.7081756591797,18427900
2019-11-18,194.40102503060533,195.16869083889108,193.61417819256786,194.86163330078125,18365900
2019-11-19,195.60058522293878,195.60058522293878,194.40111143996546,195.1495819091797,16923300
2019-11-20,194.64094773161312,195.22629134756303,192.51068176156647,193.9788360595703,36629000
2019-11-21,193.76774187298645,193.9020969625765,192.9425181535776,193.5470428466797,17883600
2019-11-22,194.0268076172865,194.14196701631283,192.62583093354382,193.67176818847656,17189600
2019-11-25,194.50666103498816,196.00360193737149,194.47787483625106,195.96522521972656,17752800
2019-11-26,196.0899465294158,196.5889169959748,195.8020699420863,196.3394317626953,14780600
2019-11-27,196.8480090183812,197.72122930510557,196.6081143006225,197.7116241455078,16963100
2019-11-29,197.21265271448692,197.5101198203373,196.71366760421546,196.80963134765625,9854600
2019-12-02,196.81919104678744,196.88635394307028,193.6237921651035,194.7944793701172,28007000
2019-12-03,192.11730702251805,193.34556690076715,191.17690911416116,193.268798828125,31104100
2019-12-04,194.25716375407754,194.70816702909067,193.9692871424928,194.24755859375,15300100
2019-12-05,194.93843578925498,194.93843578925498,193.68138984964185,194.63137817382812,14962300
2019-12-06,196.05154185119744,196.85758452733026,195.89800572945487,196.71365356445312,16555300
2019-12-09,196.3586356467797,197.2798231943227,195.734900574494,195.82127380371094,13984100
2019-12-10,195.91726306415197,196.59857066754887,195.21677442100847,195.65817260742188,21799800
2019-12-11,196.09949341294015,196.89594544912885,195.79242121691203,196.69442749023438,18780800
2019-12-12,196.49297030247928,198.93989936174515,196.22428938888265,198.16262817382812,32612000
2019-12-13,198.057064296654,199.50603769821797,197.63486191150753,198.8151397705078,32519400
2019-12-16,200.12021336435856,201.0605967315197,200.0530358028399,200.8111114501953,21296600
2019-12-17,201.07012419254266,201.23326546449198,200.59033481906977,200.9261932373047,15996100
2019-12-18,201.0989686280824,201.63633050016185,200.8686644077571,201.07977294921875,15443300
2019-12-19,201.1660591406905,202.40390910465163,201.14686346873543,202.3367462158203,17865900
2019-12-20,203.2963662667182,203.92969179226816,202.73021828570108,203.15243530273438,27672600
2019-12-23,203.8717587409716,204.01600175737101,203.515949518016,203.6890411376953,23774700
2019-12-24,203.87179535365837,203.95834117904053,203.33326843071416,203.79486083984375,7089000
2019-12-26,204.121771762973,205.61234642306343,204.09292316154423,205.59310913085938,17067500
2019-12-27,206.3144260278153,206.33366332678074,204.87193675436325,205.4200897216797,18134100
2019-12-30,205.31423383027519,205.439254218607,203.06395488282948,204.07369995117188,21815500
2019-12-31,203.41979545237197,204.60263231119663,203.1024461148811,204.45838928222656,18170900
2020-01-02,206.1797389919156,207.8722686767578,205.77584386451167,207.8722686767578,30969400
2020-01-03,205.12187441980728,207.20867275798454,205.10263713052043,205.96812438964844,27518900
2020-01-06,204.3525676827395,207.3240909099311,204.10254158836148,207.2952423095703,21655300
2020-01-07,207.37221682881275,207.8530464926408,206.61251241641742,207.2664337158203,22139300
2020-01-08,207.23757833348864,209.77635828853565,206.9106176944784,208.82431030273438,26397300
2020-01-09,210.54567936135098,210.99766038450863,209.362842587904,210.59376525878906,23547000
2020-01-10,211.4207752385872,211.43999785696082,209.68015980798006,210.05520629882812,21898500
2020-01-13,210.92070875003898,212.5074405203136,210.58412216906947,212.4785919189453,22756900
2020-01-14,212.37283882640196,212.72866274980547,211.3150223880236,211.64198303222656,24418100
2020-01-15,211.7573489677741,212.71900814989277,211.03610458118513,211.72850036621094,25742100
2020-01-16,212.7863891567964,213.79613450715146,212.33440804448279,213.75765991210938,18805000
2020-01-17,214.7192884050941,214.98855183654163,213.60376008980765,214.81546020507812,24325200
2020-01-21,214.2192475670915,215.25784150372635,214.12309042914424,214.7193145751953,21146300
2020-01-22,215.80597111924962,216.51758962351428,215.01740343492136,215.2866668701172,20736400
2020-01-23,215.16163291482707,216.0752062125364,214.1614991377784,215.97903442382812,26496100
2020-01-24,216.98881031485513,217.21961383626785,213.17102160647414,214.16152954101562,37436500
2020-01-27,209.32433296366096,210.87260468998016,208.85311472564965,209.73785400390625,42264400
2020-01-28,211.2187958077449,213.44985187516596,210.66103179088964,212.9593963623047,26731900
2020-01-29,214.14224175032783,214.38265652578335,212.3631812162091,213.30560302734375,28924500
2020-01-30,211.9304686998726,214.16151051361587,211.26692147430174,214.0653533935547,39568100
2020-01-31,214.95969213399204,214.98854073774663,209.92059235435522,210.6707000732422,52015800
2020-02-03,211.69963805463203,214.3442006341921,211.5553950561575,213.853759765625,25408600
2020-02-04,216.77719210579664,219.1236426526683,216.03671049170111,218.74859619140625,30691200
2020-02-05,221.3835863748112,221.4220462890494,218.15241064983184,219.46987915039062,38534800
2020-02-06,220.01803275105772,221.42206183630995,219.23909103767573,221.36436462402344,22467100
2020-02-07,220.37381731161216,221.6047398663341,219.77757865240778,220.4122772216797,25884900
2020-02-10,219.68143963008012,223.08570689092443,219.62374242335056,223.0760955810547,21478900
2020-02-11,224.3070104308403,225.04749213019588,222.52793502523087,223.1145477294922,30198000
2020-02-12,224.43205714045064,225.39371646192143,223.8742929731468,225.28793334960938,24471300
2020-02-13,223.72038123429328,225.92257420343753,223.45111784960545,224.9993896484375,22773200
2020-02-14,225.3552218286464,225.8552887399871,224.5955174887056,225.6437225341797,23438500
2020-02-18,224.54743362348628,226.15340280118477,224.30701881232625,225.7302703857422,24394500
2020-02-19,227.07661086604313,228.365230781721,226.8073474410882,227.89401245117188,22230500
2020-02-20,227.3939613203851,227.86516497952084,222.98956002778772,225.7783660888672,42604000
2020-02-21,224.6531452187581,225.03780292467286,220.52763482888147,221.4412078857422,66017200
2020-02-24,213.18057755727614,215.6520484333361,211.81502342615175,212.90170288085938,84522600
2020-02-25,214.6904126277907,215.40204570583873,206.50669826213408,207.11253356933594,97743000
2020-02-26,208.4011543208731,211.83426974841416,206.66053898797708,208.17996215820312,79537700
2020-02-27,202.81392215344522,208.12228511788928,197.62096827271532,197.75559997558594,121822600
2020-02-28,191.0240155514803,199.22696875565467,190.57203447632585,197.9095001220703,148173700
2020-03-02,200.8713799671269,208.26654162093126,198.04409954915047,208.12228393554688,112933900
2020-03-03,208.78584443303924,211.1899926050038,199.6596926897097,201.44837951660156,131953500
2020-03-04,205.14117711324192,209.95908511612862,203.26592966433486,209.85330200195312,73086200
2020-03-05,204.53532441433688,208.0646123802442,202.0446302814599,203.4774932861328,78705500
2020-03-06,196.8227629810049,201.13099156910252,195.1302482755477,200.04432678222656,89828400
2020-03-09,186.06181598568404,193.4473661957579,184.74434759089254,186.14837646484375,116424000
2020-03-10,193.39932354257274,196.46701939257895,186.2541865324748,196.2843017578125,100599200
2020-03-11,191.7067801363465,193.05309723636302,185.3405858308963,187.73512268066406,89168800
2020-03-12,175.10851167650665,183.46533206523446,170.155972907254,170.5214080810547,137820700
2020-03-13,179.89761172445756,187.0234959628267,171.300375261894,184.96554565429688,134882000
2020-03-16,167.4729527492574,177.5992234918401,162.67428247633464,162.8089141845703,92054400
2020-03-17,168.74235073756225,177.3203495358263,163.27050722593142,175.1566162109375,121257100
2020-03-18,165.03034044579172,172.3485677463704,160.40476191415064,169.8290252685547,114156300
2020-03-19,168.95390365488956,176.45484819243686,165.0495697325168,170.84837341308594,120896500
2020-03-20,174.77198627119193,175.85865142518767,163.57827133757576,164.15525817871094,118983900
2020-03-23,164.7170709112178,167.8876804162375,158.94445114673107,164.27377319335938,124639800
2020-03-24,173.3808431962751,177.1585796979988,171.49196759289904,176.9947509765625,94881800
2020-03-25,177.72715500911454,182.63242871653205,173.4482860687637,175.68409729003906,88754900
2020-03-26,177.19709029439093,185.7259170321689,176.9465313596692,184.9356689453125,79887600
2020-03-27,180.1459840534481,183.59606150510174,177.95837681715136,178.5751495361328,58845000
2020-03-30,180.27132260101388,185.504267778362,179.57745125479065,185.07058715820312,49356900
2020-03-31,184.76219935570143,188.16408926824647,182.33364975836622,183.49009704589844,62659300
2020-04-01,178.06440899449427,180.84952574187153,174.29630554068285,175.6936798095703,53715400
2020-04-02,174.66255053471346,183.20100924934582,174.40234509742618,179.25942993164062,56465300
2020-04-03,178.81610198325504,180.28094291307997,174.7106946635517,176.7152099609375,47487600
2020-04-06,183.5672201272307,190.47700940543538,182.32404243492905,189.34947204589844,64763500
2020-04-07,195.02569536983114,195.30517908530896,188.8868765863819,189.27235412597656,69904500
2020-04-08,190.9588583276287,193.86926249506448,189.0507193658785,193.29104614257812,45940400
2020-04-09,195.00641123463416,195.84483288265525,191.80689211409904,193.5704803466797,68252600
2020-04-13,192.74170747225978,196.0375889054324,191.53707180055815,195.6617431640625,42853900
2020-04-14,199.7093049229107,204.78805274847983,198.92870340406157,204.17127990722656,63959600
2020-04-15,200.91397800191098,204.14240790588903,199.60333363165753,201.82949829101562,47036000
2020-04-16,204.0074811557882,206.5902132120809,202.08006390600804,205.5108642578125,64657400
2020-04-17,208.3248901888642,208.6525475897785,204.38332547044286,207.47682189941406,62863200
2020-04-20,205.61685800215838,208.04540767957292,204.85553471347845,205.0193634033203,38249100
2020-04-21,202.95702103378133,203.49669545441034,196.23997144518634,197.45423889160156,72932800
2020-04-22,201.5114985556661,204.6435518851227,200.7694387263562,203.31362915039062,40089100
2020-04-23,204.10382786291873,206.6576643500485,202.47517276142193,202.8799285888672,43278500
2020-04-24,203.31361341719932,206.52276496026323,201.896960536792,206.07945251464844,34231900
2020-04-27,208.34414056532552,208.7681746532398,206.71547086630224,207.73699951171875,36451700
2020-04-28,209.43313115803485,209.43313115803485,203.54487183502485,203.8243408203125,46862800
2020-04-29,208.34419635012236,211.98701423708962,207.33229922484733,211.05221557617188,48716400
2020-04-30,211.96765858600622,212.0543888123698,209.46202558146734,210.9654083251953,43359500
2020-05-01,206.71548516729402,208.80673096825288,203.99781998220683,205.0193634033203,48795000
2020-05-04,203.78580881579072,207.63099637496566,203.45813674525172,207.4093475341797,32841000
2020-05-05,209.54881665532153,212.15082713694665,208.98023206624958,209.76083374023438,37783100
2020-05-06,211.43769319292974,213.0181749496826,210.1945153796114,211.05221557617188,36455200
2020-05-07,213.76986694335938,214.64683066833777,212.42066596526703,213.76986694335938,38624800
2020-05-08,215.4370527987556,216.83442727798635,214.40587757506572,216.6995086669922,31852300
2020-05-11,215.37925611327955,219.6581102590585,215.14796073849664,218.63658142089844,35714100
2020-05-12,219.2340853946227,219.8219482574798,214.03004987793034,214.0589599609375,41054100
2020-05-13,214.57937207940446,216.45860101063872,208.84530853844777,211.37985229492188,65521200
2020-05-14,210.05953421880275,213.817991331083,208.15139558526235,213.77944946289062,51549300
2020-05-15,210.84017915709876,215.22505649483804,210.40651320172393,215.167236328125,55747200
2020-05-18,218.067995191492,220.38089010178686,217.28739352689314,219.17625427246094,42398100
2020-05-19,219.4364955227234,221.5084783101549,218.48243320149135,218.62698364257812,36237300
2020-05-20,221.17108433417138,223.3490600887081,221.15180604819534,222.99249267578125,37417000
2020-05-21,223.04070280504075,223.71529582980037,220.05320050321595,220.56396484375,43642900
2020-05-22,220.15920834518346,221.52767267831032,219.2436881926368,221.32530212402344,28762400
2020-05-26,224.8910108840865,225.0933961345601,220.48685608376448,220.727783203125,33055300
2020-05-27,220.3905395405132,222.04811964018646,215.8129233279914,221.93246459960938,55665600
2020-05-28,220.79527281052464,224.99704279722127,220.73745264867057,221.64334106445312,42784300
2020-05-29,222.01915938072713,225.12230179358139,220.45794167849934,224.89100646972656,50691800
2020-06-01,224.02373345457852,225.94150437846727,223.58042097725615,225.56565856933594,25776000
2020-06-02,225.98966364871228,227.13647922003233,223.59002397330252,227.0786590576172,33383400
2020-06-03,227.68577163635135,228.85186542597955,226.8088080512865,228.1001739501953,37228700
2020-06-04,227.75323600269516,229.1602422052679,225.1993996049713,226.5004119873047,38716100
2020-06-05,227.64724771524354,231.5791805859278,227.0786631678352,230.99131774902344,47365600
2020-06-08,230.84678005791002,232.90911612818007,229.27594484550295,232.78384399414062,32937300
2020-06-09,231.92611626901564,235.31835996895643,231.74300928137154,234.47030639648438,35046300
2020-06-10,236.15676460729784,238.82624119895738,235.6363537962761,237.2843017578125,58084400
2020-06-11,233.37170312498114,234.7497995123142,225.46929469876937,225.52711486816406,72919400
2020-06-12,230.41309179061233,231.67554773748168,223.32984221469624,227.31959533691406,72034800
2020-06-15,224.00444975136463,230.76004235922355,223.06965114777003,230.08544921875,45307400
2020-06-16,234.93287828048682,235.5207411070532,230.42272914947344,234.03663635253906,48890100
2020-06-17,235.53036275410633,236.59044803668823,233.9209712469323,234.77867126464844,34749300
2020-06-18,234.46067228292986,235.65567630933816,233.68971712269445,235.4147491455078,30578600
2020-06-19,237.7758151519114,238.03602058736965,233.6511435829129,235.37619018554688,49422100
2020-06-22,235.24491583235553,238.32449511005223,234.95531223243438,238.19900512695312,24068700
2020-06-23,239.79186774049785,242.45632379498457,239.2416062070122,240.22628784179688,32767400
2020-06-24,239.47324745203312,240.69928974179143,233.77748549023374,235.27383422851562,46032400
2020-06-25,235.36076159255003,237.81283192389154,232.79283509576436,237.51356506347656,36940800
2020-06-26,237.27221409891433,237.4459909782495,231.38336243732027,231.90467834472656,52824600
2020-06-29,231.66329618153986,234.4436079737528,229.13399376148874,234.43394470214844,34377800
2020-06-30,234.36636655136516,239.5697876925052,234.18294116501352,239.0291748046875,38909200
2020-07-01,239.06783146578198,242.8135282663668,238.52721846994487,241.81918334960938,34689200
2020-07-02,244.2616286945885,245.46835950919814,242.99697715777376,243.46035766601562,31956500
2020-07-06,246.60747686295844,249.96701092486788,246.58816504766384,249.4457244873047,34589000
2020-07-07,249.19468282354921,251.84948995484675,247.42801285245338,247.72727966308594,36578200
2020-07-08,249.04993810873444,251.0193015470516,247.6211582465427,250.99034118652344,30426300
2020-07-09,252.90178494537264,253.77062512478344,248.71201964631373,253.10450744628906,40312900
2020-07-10,252.95965630431283,255.08351362732364,250.28555230046044,254.83250427246094,32885300
2020-07-13,257.6707943842964,260.4511066086535,248.76994763383044,249.5905303955078,64108100
2020-07-14,247.07083785613037,251.76262165305263,244.0105708846234,251.35714721679688,72230500
2020-07-15,252.76655948778497,253.59680530948566,248.5767951415403,251.86875915527344,54523900
2020-07-16,249.08850751890424,250.78759373084495,246.7715905233838,250.1504364013672,47594100
2020-07-17,250.60413180802655,251.2992097515547,248.26791806810806,250.44003295898438,35137900
2020-07-20,251.07711058774117,258.17269037300156,249.83178617775567,257.5451965332031,40610100
2020-07-21,259.1091816789686,259.1188449510955,254.02161621010976,254.8614959716797,43243800
2020-07-22,255.35387810523346,256.68611350510577,253.4617031651141,255.7593231201172,29865500
2020-07-23,255.35384085608533,256.05855262336553,247.66935970613696,249.07884216308594,51363500
2020-07-24,245.24626504091694,248.03622557867962,242.62043282649148,246.71365356445312,54054500
2020-07-27,248.35482864976262,251.50196212102415,247.57286955299298,251.11581420898438,36445700
2020-07-28,250.33385618454435,250.85517207168962,247.63079132748985,247.92039489746094,31302400
2020-07-29,249.45536669724797,251.63714525042082,248.9823376860977,250.77793884277344,27556900
2020-07-30,248.81819840304507,252.65077615124386,247.66938845975037,252.0908660888672,41774500
2020-07-31,256.7053494618797,256.7439730840232,251.82050713302314,256.5895080566406,53686300
2020-08-03,258.7230017206213,260.7985721481566,258.59749704330943,260.05523681640625,32081600
2020-08-04,259.5532571357138,261.11720474062406,258.8099216921895,261.0206604003906,24911300
2020-08-05,261.5033205903856,262.12115126200456,260.61515401476714,261.66741943359375,21612100
2020-08-06,261.4743636830434,265.46140586287095,260.83720646063387,265.1331787109375,28048200
2020-08-07,264.5924532254306,265.3647781589662,259.92966112526864,262.07281494140625,44969400
2020-08-10,262.36251698917204,262.56526893234684,257.43907994534675,260.95306396484375,35088400
2020-08-11,259.79469854527446,261.0786768728145,255.46979334397864,256.0104064941406,43104300
2020-08-12,258.1630619729033,263.39542796522966,258.11477508502236,262.4493408203125,38773400
2020-08-13,263.2217357684701,265.3166035911343,262.1115495090623,263.0479736328125,31895700
2020-08-14,263.6657744179316,263.9360808630811,261.3488578221937,262.739013671875,30799500
2020-08-17,264.44774386522494,266.2916316202141,262.7776476942178,265.7896423339844,24803000
2020-08-18,266.85159671620556,268.8209598860868,265.39385669218433,268.3479309082031,23529500
2020-08-19,268.30936566764206,269.36163146732724,266.03107189097386,266.542724609375,31999400
2020-08-20,265.7510796690975,270.72280461950794,265.34560516171996,270.2401123046875,27723400
2020-08-21,270.43318582301333,272.56667748553065,269.78636519456194,272.1129455566406,34748900
2020-08-24,275.3758992103282,276.09993750798907,271.5336587047118,273.8119812011719,36418500
2020-08-25,273.03960864300245,276.1578103100463,272.5955401466036,275.9647216796875,34866600
2020-08-26,277.21011080123054,282.10461653685104,275.93579638582776,281.8536071777344,42216700
2020-08-27,282.8286792529537,283.6782222700031,278.71613213005304,280.9751281738281,49482700
2020-08-28,282.2108114800972,283.0313941204514,280.85927919896955,282.4039001464844,28021000
2020-08-31,282.92523337247576,286.4778411473566,282.4907985769904,284.6725769042969,36321000
2020-09-01,287.31771454912666,289.6539578749861,285.5510739731401,289.5381164550781,36216200
2020-09-02,292.7817744292629,292.9941601719209,286.6129835431573,292.27978515625,50836800
2020-09-03,287.7811450077344,288.2831343760069,274.56502794271665,277.461181640625,110083300
2020-09-04,275.67514343024635,278.9284838673966,262.39144578992153,273.763671875,123959000
2020-09-08,262.7969109863751,268.58921669075966,260.32552957606623,260.6054992675781,99568600
2020-09-09,266.0986258002592,270.35594596864087,263.5499963099518,268.2610778808594,64837900
2020-09-10,271.21515535547724,272.43154939464466,261.1944583653085,262.912841796875,69667500
2020-09-11,264.6601619053472,265.6931304188339,257.6611240919877,261.0882568359375,71809000
2020-09-14,264.86292848023083,267.6239440037951,263.5113958112006,265.63525390625,38525200
2020-09-15,269.3711861331687,270.7420448330477,265.60619317039027,269.400146484375,41849900
2020-09-16,270.1918125867291,270.65517828129555,264.756693258372,265.1042175292969,42321000
2020-09-17,258.28854377971,264.9014317710496,257.44866419770193,260.9626770019531,81570800
2020-09-18,262.3819076873853,262.6715113038813,253.53898057555057,257.6322021484375,86251100
2020-09-21,253.3844841341912,258.38516903481747,251.10616127531384,258.2500305175781,57168600
2020-09-22,260.64414624476314,263.62718075167135,257.3135874665396,263.0479736328125,41128900
2020-09-23,262.7293416062294,262.9127669872832,254.13742689315325,255.01593017578125,48837300
2020-09-24,252.34183170516394,259.3987890115736,252.1777034012321,256.203369140625,70631700
2020-09-25,256.7053739728496,262.97070941435624,255.15108974097413,262.1597900390625,55242400
2020-09-28,267.0059292804725,267.6044921875,262.265919135685,267.6044921875,58438300
2020-09-29,267.0446793576808,268.0969450206519,265.83794862566816,266.39788818359375,27050000
2020-09-30,266.5909403635849,271.3599424470923,266.3206338652208,268.2224426269531,49380800
2020-10-01,272.0356677704886,273.0879331903187,270.15315647905015,272.479736328125,50020200
2020-10-02,266.4654355785202,272.4701287186663,263.97475637727064,264.81463623046875,75497400
2020-10-05,266.77435178899657,270.78069161071824,266.6681736343385,270.4621276855469,28184600
2020-10-06,269.77676246099503,271.45652238813244,264.75675030607965,265.63525390625,49704200
2020-10-07,268.2706180158763,271.0219392993592,267.68171835922305,270.2303466796875,27539700
2020-10-08,272.62454435548824,272.69212833310576,270.6068945267459,271.6688232421875,25443300
2020-10-09,273.3099109206747,275.8971630069366,272.9237631269782,275.8199157714844,30201100
2020-10-12,280.49247559449736,287.1632865219897,279.44987321972303,284.334716796875,79370700
2020-10-13,286.13033655298915,286.7674644204196,282.96384699452096,284.3250427246094,64240000
2020-10-14,285.12628771203356,286.09167210959504,280.21248466378864,281.9501647949219,36949100
2020-10-15,277.25843532490256,280.64691482689796,276.62127803072656,280.05804443359375,42514200
2020-10-16,281.69913398569054,283.118250120554,278.1754870949915,278.5230407714844,40570700
2020-10-19,280.43446681634396,281.39021727606575,273.0010256232922,273.9760437011719,36756800
2020-10-20,274.70977368694014,277.6638474991976,273.155518994216,274.5649719238281,32195400
2020-10-21,274.8159952243082,277.37425803966994,273.869907888675,274.35260009765625,29306100
2020-10-22,275.18286694417264,276.0806970077862,271.09930896361976,274.3429870605469,32196200
2020-10-23,274.91259683783807,275.04776484037444,272.026105944964,274.8836364746094,24658500
2020-10-26,272.6052709268055,275.42417707653493,267.17981492766694,270.7613830566406,38421100
2020-10-27,271.755760697536,273.69619314111293,270.5007725214233,272.8756103515625,30559100
2020-10-28,268.38652388422213,268.99472076414986,261.98602066013467,262.2370300292969,53413500
2020-10-29,263.5499944350886,269.8153310290568,263.0865992234565,266.8226623535156,43246300
2020-10-30,264.8435348677736,265.71237487683584,257.82520135996344,260.05523681640625,65838300
2020-11-02,262.4398779971665,264.0520542022752,257.7287952040205,260.6346130371094,39987400
2020-11-03,262.54596606498586,267.2377501565641,261.46474011532763,265.1428527832031,43604100
2020-11-04,273.7734616557793,278.77414766203225,272.112998683443,276.9785461425781,75728200
2020-11-05,283.3692780328617,285.16490831310557,281.89224109870327,284.19952392578125,52054200
2020-11-06,283.54302522376497,285.1359034867487,279.79732928436107,284.411865234375,40959800
2020-11-09,287.3466610782748,288.785103869441,278.1465489147807,278.60028076171875,86537100
2020-11-10,275.29864488242225,276.73705801527933,270.9061287828949,273.6092224121094,69024900
2020-11-11,276.12890289129274,280.20282629878744,273.5706400851964,279.72979736328125,36102900
2020-11-12,280.6951312095447,281.95978220776846,277.30662309763795,278.41680908203125,34414600
2020-11-13,280.12561131852397,281.47714362009503,277.9052094662623,280.8592834472656,24806900
2020-11-16,280.56001194389313,283.34998702443323,279.9518150530518,283.05072021484375,30168400
2020-11-17,283.24381280742364,283.572040009496,281.5157662642447,282.1529235839844,21843500
2020-11-18,281.60264461079413,283.21482007968325,279.98077640901397,280.0676574707031,28069600
2020-11-19,279.51743631186287,282.56805486647227,278.8513186501274,282.2591247558594,22718400
2020-11-20,282.18186025104586,282.9252251255996,280.2414575587215,280.3283386230469,25907300
2020-11-23,281.3227248815685,282.61633668750983,278.0983439095298,280.3380432128906,26875600
2020-11-24,281.3998169848468,284.7690277082863,279.6042166038411,284.27667236328125,24516800
2020-11-25,285.33869416384647,286.6612661706886,284.39260677955264,286.02410888671875,23326800
2020-11-27,287.98394783477596,289.7795789480954,287.5881365169948,288.65972900390625,17163100
2020-11-30,288.978198152015,289.58639511229234,284.57604710577607,289.2485046386719,27836200
2020-12-01,291.51706185368187,294.5773426655312,290.4165097477137,292.9554748535156,27521300
2020-12-02,291.7874408040852,293.6699522066538,289.9532162992099,293.3320617675781,23620000
2020-12-03,293.6411362561345,295.2919361762151,293.0232757824149,293.747314453125,22828700
2020-12-04,293.7954345408346,295.08907562015474,293.11968310753093,294.9442443847656,19332100
2020-12-07,295.1277099070999,296.9812612523506,294.94428448111995,296.6144104003906,20851000
2020-12-08,296.1412799364189,297.91758340895296,294.3939368127397,297.6183166503906,18341500
2020-12-09,297.4059824076703,297.6859226746501,289.81804562146607,290.8799743652344,48839300
2020-12-10,288.85270568689265,293.1679758446329,287.77147969446355,292.0481262207031,27519500
2020-12-11,290.3973892986263,291.5269024385352,288.1383924800135,291.4013977050781,26760400
2020-12-14,292.5887126250947,295.4559056835624,292.52115810260653,293.5155029296875,28804800
2020-12-15,295.7648484221678,296.65301513671875,293.5830699960298,296.65301513671875,25709000
2020-12-16,297.0488547823218,299.066505071695,296.00622291051167,298.2845458984375,25461900
2020-12-17,299.87743154225626,300.4663020236316,298.68036403178786,300.234619140625,23730500
2020-12-18,300.87164699837416,301.1805770168491,296.9618232636966,299.3270263671875,41173400
2020-12-21,296.38797917126954,299.29906295575813,293.62198914828383,298.76715087890625,37095500
2020-12-22,299.66656735343423,300.49828868052975,296.7651644670326,299.57952880859375,26176300
2020-12-23,299.6279035023062,299.98573850486457,297.91608625441927,298.0708312988281,21201300
2020-12-24,298.33196590397483,299.83101250031694,298.2546081341577,299.3861389160156,16785000
2020-12-28,301.9877342376432,302.8775109246239,300.15983594666613,302.4035949707031,22497700
2020-12-29,303.72858103303963,304.3475612863948,301.7749799482679,302.6744079589844,25871900
2020-12-30,303.8349131664459,304.1540544968562,302.0650408812908,302.68402099609375,18138100
2020-12-31,302.58733923764623,303.9123086618413,301.51383420564,303.4287414550781,21611400
2021-01-04,304.75371603198596,304.9278226604605,295.15007822679723,299.14434814453125,45305900
2021-01-05,298.1578267845956,301.88129955735786,298.1578267845956,301.6104736328125,29323400
2021-01-06,296.9102343236711,301.62985449714506,295.92376794889293,297.4324951171875,52809600
2021-01-07,300.082477496206,305.4597427044686,300.0534646431421,304.6280212402344,30394800
2021-01-08,306.91043183426524,308.89307509454994,304.7246986108392,308.5448913574219,33955800
2021-01-11,305.59509181926586,306.7653160010453,303.43837181030807,304.08636474609375,32746400
2021-01-12,304.1250755644642,305.20826137156917,300.97223748619797,303.60284423828125,29266800
2021-01-13,303.8639024822471,306.4461343175592,303.2642839890913,305.6531066894531,22898400
2021-01-14,306.0980403511594,307.09418761152864,303.5447913452034,304.0187072753906,23500100
2021-01-15,303.805887273983,304.76334073870083,300.37254297095495,301.6104736328125,35118700
2021-01-19,303.92197256919115,306.5138855699689,302.8291060202741,306.010986328125,24537000
2021-01-20,309.618355977653,314.06714967193494,306.1076541204,313.1290283203125,30728100
2021-01-21,314.46368698602504,316.378623374527,313.09037291631284,315.6339111328125,25130600
2021-01-22,314.599151841025,315.73068254143016,314.03819737047615,314.7248840332031,21609400
2021-01-25,318.1001717442031,319.46383475865406,310.8466639106973,317.3264465332031,39080600
2021-01-26,318.042144313173,318.9222401339376,316.46571056359466,317.7906799316406,25498100
2021-01-27,315.53724544224883,315.5468967153011,306.9297265802239,308.93170166015625,55264000
2021-01-28,310.1309816193833,315.6920040712482,309.5120014751254,310.7596130371094,42836300
2021-01-29,309.0767439271352,310.17929111523523,302.48091091623917,304.22174072265625,55259000
2021-02-01,307.65514001906774,312.906702757702,305.63383246639074,311.8235168457031,35646000
2021-02-02,314.7828752767005,318.0614451299476,314.6184494630977,316.9105529785156,33930800
2021-02-03,318.98023406628533,319.34774981358413,315.5952640995163,315.6532897949219,24824500
2021-02-04,317.04599545052486,319.47348264312365,315.73067736307894,319.3864440917969,22350900
2021-02-05,320.3342515437262,321.47546303225465,318.6997920751562,320.4696350097656,22732000
2021-02-08,322.1525240423457,322.771474805857,320.5180642940395,322.6167297363281,20462800
2021-02-09,321.6882474260004,323.806274175975,321.6785666370871,322.54901123046875,17597500
2021-02-10,323.9803364095967,324.43489074863766,318.67077810973893,321.81396484375,28068700
2021-02-11,323.3420176794661,323.9900106872639,321.204659007378,323.58380126953125,22046100
2021-02-12,322.74242657687114,325.5567913465972,321.6979343652846,325.39239501953125,20346800
2021-02-16,326.1853916025806,327.07516819101284,323.35169504055517,324.51226806640625,27080800
2021-02-17,321.5430706240913,324.62823071836164,319.31867403301914,322.955078125,31360300
2021-02-18,319.37678040107613,322.89713401446414,317.56821441182797,321.54315185546875,32236200
2021-02-19,322.8874353914516,323.0131675697343,319.1252984033846,320.1407775878906,39157700
2021-02-22,315.76933617548235,317.02659890878084,311.63968350680307,311.8427734375,47256900
2021-02-23,306.5815348913549,312.57777860989364,300.778729814547,310.914306640625,97241900
2021-02-24,308.2644260540503,313.78678503028857,305.5757934557348,313.477294921875,58206300
2021-02-25,310.8272800316736,313.3804990158397,301.01084412177386,302.548583984375,110182600
2021-02-26,305.4693122920439,308.62214939745417,300.6626546202336,303.8155212402344,104739800
2021-03-01,308.7769893965296,313.29352003291035,307.4907136303961,312.95501708984375,49164500
2021-03-02,313.5932572013674,313.67061494918283,307.68408154107715,307.9355163574219,48370000
2021-03-03,306.8426818915918,307.7808033222508,298.9412113650089,298.9992370605469,86301100
2021-03-04,298.6317729423768,301.78464067981696,290.24670431230294,294.1055908203125,139131600
2021-03-05,296.7168168178065,299.4344620721289,287.67413395089676,298.5350341796875,121523700
2021-03-08,297.9934585333565,299.86970170562427,289.6664451830615,290.0823059082031,88409800
2021-03-09,297.36480208609765,303.4190726088207,296.83288999530305,301.5234680175781,80391100
2021-03-10,305.7691566789716,306.0689659241823,299.97603218104314,300.6626892089844,76798100
2021-03-11,305.3919582843167,309.3475336539254,304.50221134098524,307.5873718261719,53484800
2021-03-12,303.5447727415262,307.77117464074803,301.1559792324763,305.0921936035156,69315600
2021-03-15,305.4113429475461,308.5158357263482,303.7768836510257,308.3514099121094,42955700
2021-03-16,310.5371016224292,313.5449041856283,308.61251410276867,310.0438537597656,54925900
2021-03-17,307.0168563763712,313.206511223967,305.30500943571104,311.3205871582031,78258700
2021-03-18,306.45585279723394,307.4326679227673,301.33005261439087,301.78460693359375,82718100
2021-03-19,301.6202006470969,304.3862203790687,299.4828418868912,302.8484802246094,78446200
2021-03-22,305.23545836255033,310.59046536709064,305.23545836255033,308.5278625488281,56194800
2021-03-23,309.6124062108261,310.92935589537336,306.3684084161531,307.18182373046875,53455400
2021-03-24,308.54722404329397,308.58596655116986,301.85588168569967,302.0011291503906,64803700
2021-03-25,300.16123030839066,302.9888420757685,297.66288549869734,301.4781799316406,78729000
2021-03-26,301.2651232398127,306.3199411020231,299.87071823990976,306.0003967285156,63519600
2021-03-29,305.4678336717442,306.959080251903,302.58212289321926,305.91326904296875,54608000
2021-03-30,303.95721029800524,304.9449225559997,301.6815683021682,304.37359619140625,44635700
2021-03-31,306.15541480723346,310.59047197006834,305.81648432087945,309.03143310546875,55032500
2021-04-01,312.8467520186459,314.4348403495648,312.594970024574,314.2992858886719,55685600
2021-04-05,316.77818958545873,321.33913643787946,316.536100672139,320.5741271972656,42172500
2021-04-06,320.2643529812838,322.2978767014356,319.5767990245168,320.35150146484375,33537200
2021-04-07,319.87694195811866,321.9589304625294,318.9473287124585,321.1261291503906,32046400
2021-04-08,323.9730891965119,324.6606134871722,323.1790304090611,324.47662353515625,29940800
2021-04-09,323.1209901971692,326.6458198643711,322.38505980712984,326.44244384765625,36664900
2021-04-12,325.406319005224,326.43277387644633,324.137775163395,326.0163879394531,25833000
2021-04-13,327.5366559147575,330.2867828370007,327.32361645695613,329.8219909667969,30374000
2021-04-14,330.0640493918683,330.1899403623639,325.04797391065114,325.86138916015625,42564300
2021-04-15,328.7277218911483,331.1873537276986,325.5805657586344,330.79998779296875,36342800
2021-04-16,331.3229323752514,331.4004173886084,329.3184287688422,331.1873779296875,40860100
2021-04-19,329.6185985792197,330.7709146313987,326.2390172173536,328.1563720703125,34533100
2021-04-20,327.49789124778533,328.7760982408891,323.79876558818336,325.7645263671875,38081800
2021-04-21,324.4863000995778,328.73739570440756,323.4017464701722,328.55340576171875,36598100
2021-04-22,328.1661309889233,329.1441503104855,323.44054967233905,324.5928955078125,45936100
2021-04-23,325.2223143696923,329.986608547514,325.2223143696923,328.6793518066406,36381900
2021-04-26,328.92142787751504,331.1002284294274,328.1757749976614,330.81939697265625,30812000
2021-04-27,331.1098719910095,331.3229114364668,328.43723023657543,329.3861999511719,33187200
2021-04-28,329.0569793528501,330.0640776511694,327.62380214185237,328.2726135253906,33615700
2021-04-29,331.5359076393752,331.95229346195475,326.23900123589914,329.4539489746094,37708900
2021-04-30,327.01372327807235,329.4927114419972,326.3842684478075,327.2945251464844,38263400
2021-05-03,328.49535414501815,329.2409774847648,325.1061087885574,325.5515441894531,29729700
2021-05-04,323.0047842346644,323.3243582233889,315.88736262246255,319.6930236816406,65147000
2021-05-05,321.7362098397695,322.5980606740514,317.8434302194345,318.61810302734375,46219300
2021-05-06,318.3567050301668,321.174624332929,316.1198051958289,321.0196838378906,46814300
2021-05-07,323.7891461844968,325.99699637689076,321.19395955608,323.6245422363281,53324500
2021-05-10,322.2494462901448,322.423743244047,315.2482231230004,315.45159912109375,60700500
2021-05-11,309.5834064906865,315.8099281055479,308.9249019906725,315.015869140625,71963600
2021-05-12,310.09660973504145,312.4109648887553,306.0004537815061,306.8623046875,91164900
2021-05-13,309.796312411477,312.19781519912544,306.87185981419293,309.2346496582031,69877800
2021-05-14,312.39159912628935,316.97190332502765,311.88803517752746,316.0616760253906,44370000
2021-05-17,314.3573876294072,316.0423174767768,311.27802289046355,314.14434814453125,39395000
2021-05-18,315.09325999195045,316.31336801898453,311.7524211696528,312.0235595703125,36528500
2021-05-19,306.6395241594255,312.6820543624818,306.2909007351647,312.3818664550781,66319100
2021-05-20,313.86352081637887,319.27662694494916,313.640817864607,318.4244689941406,46466100
2021-05-21,319.97383955478745,320.390225507939,316.30379189532044,316.6620788574219,50330400
2021-05-24,318.94732487034537,323.11127227713473,316.55548501410874,321.98797607421875,32475800
2021-05-25,323.49860786465933,324.2151816528038,321.2617084783262,322.43341064453125,31280300
2021-05-26,323.10157328938845,324.02149349285776,322.4140490022699,323.55670166015625,25444900
2021-05-27,323.1113229043898,323.95378780061185,322.14296701413423,322.3463134765625,27931700
2021-05-28,323.54705760586285,324.9511854339894,323.04352319361703,323.3630676269531,29927400
2021-06-01,324.6896809091866,325.164195336216,320.9421487723958,322.2881774902344,31145400
2021-06-02,322.7046240806725,323.7601285321903,321.2036841615139,322.91766357421875,22047900
2021-06-03,320.09001798475106,321.3585617983206,317.89186081928625,319.55743408203125,37057800
2021-06-04,321.3489203994139,325.4256905790055,321.2811283920492,324.9802551269531,38736500
2021-06-07,324.44757823806424,326.006646343419,323.76005393851955,325.94854736328125,32611900
2021-06-08,327.69157313772666,328.55342392236736,324.42821905576574,326.1034851074219,27282800
2021-06-09,327.4688683834402,328.24354114235416,325.99694876888356,326.1809387207031,21485300
2021-06-10,326.51988721420577,329.68639997023377,326.07445183075987,329.57989501953125,33702100
2021-06-11,329.5895536252261,330.45140444001976,328.9407718124438,330.44171142578125,21222800
2021-06-14,330.8678733536931,333.6180008671345,329.6864778431693,333.60833740234375,27827700
2021-06-15,333.2596510178802,333.5695319741018,330.7128704717063,331.4294738769531,35963800
2021-06-16,331.8942919709,332.95948937211466,326.77171053321524,330.21905517578125,55399500
2021-06-17,329.21195144745354,335.4191162173193,329.163545473948,334.4120178222656,59722700
2021-06-18,332.75610603760833,333.89875878145057,331.0420973699714,331.7877502441406,55414900
2021-06-21,331.9786746623673,334.1697065893708,329.7682638070909,333.8497619628906,32992600
2021-06-22,333.6463121871359,337.40789679668796,333.34577595570727,336.9619445800781,28941600
2021-06-23,336.90377818672863,338.2707476197592,336.2930014628041,337.1267395019531,27188500
2021-06-24,339.0559088589476,340.73308863109816,338.51300297376974,339.2110290527344,32581600
2021-06-25,339.7733422968147,340.01571207248264,338.19308662567505,338.7941589355469,28682800
2021-06-28,340.07383191194555,343.050139450511,340.01566554063777,342.9143981933594,39130300
2021-06-29,342.73987305049826,344.18438713852333,341.90613540097047,344.1553039550781,29426000
2021-06-30,344.00024298344687,344.3880582776562,343.03076392022973,343.6124572753906,32724000
2021-07-01,343.263490404532,344.2523484884269,341.9159001820731,343.74822998046875,29290000
2021-07-02,345.6386493530222,348.01388478506476,345.40598385592966,347.6939697265625,32727200
2021-07-06,348.29507731218075,349.47784301928783,345.6096012208607,349.1966857910156,38842400
2021-07-07,351.38772088557204,351.6882570475963,347.9848396873654,349.9335021972656,35265200
2021-07-08,344.8824565641127,348.6731230766814,343.60276674520327,347.8199768066406,50890000
2021-07-09,347.23829097900955,350.4666428872852,346.6565976876928,349.9916076660156,35184500
2021-07-12,351.38766472864074,351.81423784259704,349.8170839439016,351.35858154296875,25717700
2021-07-13,350.9804705430824,354.3154805688404,350.50543531505616,351.35858154296875,39723000
2021-07-14,353.6950325588301,354.33489228898003,351.16470641274697,351.98876953125,35336400
2021-07-15,351.901541498852,352.1051238298536,347.5194769429288,349.5166015625,53391600
2021-07-16,350.3697387037261,351.34892205637334,346.33670212177947,346.68572998046875,47262000
2021-07-19,343.2440519345141,344.3395680143202,341.295419127874,343.84515380859375,64404600
2021-07-20,344.77588922936053,349.2839615476672,343.0017257426105,347.8394470214844,42183700
2021-07-21,347.41282185679904,350.52484130859375,347.189831025329,350.52484130859375,30259900
2021-07-22,350.7283714201638,352.8515325805871,350.7283714201638,352.84185791015625,30252200
2021-07-23,354.16047097216614,357.2434079606675,352.81291016704466,356.9622802734375,31960800
2021-07-26,356.27383762485954,357.6311319295246,355.41101667693584,357.2433166503906,28438100
2021-07-27,356.9815232722843,356.9815232722843,349.1675256716675,353.30718994140625,57933100
2021-07-28,354.44155900950165,356.2351012320406,352.15357298657875,354.6645202636719,42066200
2021-07-29,354.1022079027435,356.45803479304226,354.1022079027435,355.294677734375,25672500
2021-07-30,351.3780283416142,354.0247170935877,351.34894515032465,353.4430236816406,36484600
2021-08-02,355.1008248184004,355.68251823044733,352.76437649721845,353.47210693359375,27334100
2021-08-03,354.131352583683,355.7309873084682,350.951462066636,355.6146545410156,35558500
2021-08-04,355.57583829951596,357.0785486538567,354.47064751204573,356.1284484863281,29602200
2021-08-05,356.94281561050246,358.62002514057286,356.23511478742773,358.3873596191406,21443900
2021-08-06,357.12707396317813,358.0965532331973,355.71164251307476,356.81683349609375,33332100
2021-08-09,357.272370785182,357.9994799952035,356.1768844277817,357.4759826660156,25960200
2021-08-10,357.9898904195648,358.2807223382452,354.46097201340746,355.64373779296875,35130800
2021-08-11,356.90401491335444,357.3984290870602,353.7047164468552,355.03289794921875,34249800
2021-08-12,354.52887532307733,356.67141621785606,353.18128494132463,356.3127136230469,25969200
2021-08-13,356.6616545422443,357.89288225930954,356.1672107693837,357.5632629394531,19336200
2021-08-16,356.44836862435176,357.75714164830333,352.5995356848266,357.7183837890625,34856900
2021-08-17,354.9747916356551,355.94427080417313,352.1439290318299,354.567626953125,44793900
2021-08-18,354.0343219764067,355.43037405541605,350.8253489633624,351.15496826171875,38541900
2021-08-19,349.22581118175174,354.51915952022125,348.9737371131052,352.8516540527344,48499400
2021-08-20,353.9179784637907,356.903990158749,353.6077381031964,356.5065002441406,39486000
2021-08-23,357.5438994702056,362.52703651349634,357.53422479727027,361.8387145996094,34034700
2021-08-24,362.4300859196335,363.5449810373115,361.96472527143777,362.94390869140625,21732900
2021-08-25,363.1959534152346,363.9327669855129,362.4494355865621,363.3607482910156,20441900
2021-08-26,362.50765499712105,363.186272647079,360.61715882948744,361.0534362792969,29133300
2021-08-27,361.68354287333295,365.06701516480854,361.19880336630655,364.5628967285156,27104700
2021-08-30,365.3482773837065,369.1389449686322,365.3288688627094,368.6542053222656,27295700
2021-08-31,368.8964825609371,368.96432360892027,366.8120789357701,368.35357666015625,29628200
2021-09-01,369.4103982809534,371.0294121328558,368.7608341363952,368.96441650390625,28138300
2021-09-02,370.31191465167024,370.64153397899037,367.57797662453237,368.7898254394531,25453400
2021-09-03,367.64585158469265,370.32162326709056,367.6264726544409,369.92413330078125,24605400
2021-09-07,370.0307324548538,371.0971652572,368.8770500940635,370.4476013183594,23970200
2021-09-08,370.2731286393922,370.2731286393922,366.8993604607253,369.1582336425781,32949200
2021-09-09,369.38118948219346,370.48638011617885,367.6458138527887,367.88818359375,29399000
2021-09-10,369.59455848575453,370.3119636114685,364.766541517772,365.0961608886719,40249400
2021-09-13,367.42284238816677,367.8494155216135,362.79843813812363,364.8440246582031,48741800
2021-09-14,366.32738486764987,367.0544942449371,362.85666245797427,363.8067626953125,41826600
2021-09-15,364.26239710955736,366.8605940269488,361.97441102227873,366.5115661621094,34097900
2021-09-16,365.18344643953344,367.3356916148543,363.2638964089497,366.7637023925781,35193100
2021-09-17,366.2885907439303,366.3370528631563,361.3830289976606,362.42034912109375,60912300
2021-09-20,356.63967301539986,358.3769725228314,350.3019582067277,354.9315185546875,76203200
2021-09-21,356.75620166605563,357.9499936664905,354.24247053381623,355.3683166503906,41927500
2021-09-22,356.28057704187444,360.1433916785794,355.1838465514636,358.68756103515625,46972900
2021-09-23,359.84259194683136,363.0260077177791,359.20202278561584,361.9972229003906,44652000
2021-09-24,359.7357758377113,362.7542136900679,359.366960638489,362.33685302734375,36056800
2021-09-27,359.2990334475324,360.3181031036793,356.9017643444819,359.4446105957031,43338100
2021-09-28,354.9024852233279,359.3961252495881,348.76857699013846,349.27325439453125,97701600
2021-09-29,350.53498374428244,352.6701846665054,348.07948343140464,348.70062255859375,58076600
2021-09-30,350.3408715888025,352.0005106024478,346.5848324226256,347.41949462890625,61384600
2021-10-01,348.04063454964916,350.6125964614928,343.9448959058806,349.5740966796875,56375500
2021-10-04,347.9629561353116,348.2929408905077,340.00443232533587,342.2366943359375,76766000
2021-10-05,343.29468184457266,349.098606015709,343.07147335808,346.85662841796875,47232900
2021-10-06,343.65367970478,349.35085544429865,342.7510717708365,349.0791015625,56806500
2021-10-07,352.11703621804185,354.9219519481252,351.58324327941926,352.28204345703125,39411200
2021-10-08,353.35930026976814,353.5922533792177,349.99147658127896,350.5252990722656,41822300
2021-10-11,348.99178500719063,352.505215273685,347.74947710498463,347.83685302734375,34847200
2021-10-12,349.282965612208,349.7196971250203,345.9830880554813,346.6236572265625,43905100
2021-10-13,348.9238521158695,350.0690986423029,346.9050833591156,349.3994140625,40120800
2021-10-14,352.98082757270936,356.0477821227285,352.3208578847075,355.8342590332031,43433900
2021-10-15,357.0474175012273,358.19266413590714,356.0186326098765,358.0762023925781,40419900
2021-10-18,356.7853404816781,361.8904639819842,356.1836017428047,361.67694091796875,34513500
2021-10-19,362.7445558549217,364.4624257643063,361.72548600712634,364.4139099121094,29091000
2021-10-20,364.8700168600347,365.4814705247708,362.46303264841004,363.93829345703125,31390300
2021-10-21,363.14241948492446,366.3549502475722,362.8415501713679,366.16082763671875,25469300
2021-10-22,364.9089666427096,365.8698057906857,361.4246807348654,363.0843200683594,36275800
2021-10-25,364.50133545885996,367.7138675131684,362.5602270456723,366.8015441894531,32597800
2021-10-26,369.0337206133316,371.4406753328108,366.7820284534052,367.9563903808594,47191300
2021-10-27,368.4028401652596,371.86772473288306,368.140801272355,368.81048583984375,45760500
2021-10-28,370.7031031363797,373.1586035119321,369.93635720171,372.90625,38007000
2021-10-29,369.83928448608606,374.905577271606,369.4898992824427,374.7405700683594,37310100
2021-11-01,375.1773208269469,376.1478747466398,373.1003508406609,376.0216979980469,30765300
2021-11-02,375.4102781419764,378.06961626262824,375.3617622891989,377.5940246582031,25135300
2021-11-03,378.0793012111743,382.01974810624137,377.04083093510326,381.6024169921875,33748900
2021-11-04,382.86415603997733,387.44517214610084,382.3206481645862,386.4940185546875,40265300
2021-11-05,388.26042359114336,389.18243210347316,385.4652233815129,386.8628234863281,43383800
2021-11-08,386.8337066070788,387.8527764376792,385.698145419048,386.3387145996094,29256300
2021-11-09,387.40633663249736,387.80426732516804,382.3206431710661,383.6794128417969,50490700
2021-11-10,380.9133283638062,383.718214013105,376.11878924940595,378.0404968261719,54937400
2021-11-11,381.01033032423055,381.1850229079121,378.7489232770812,379.088623046875,32243000
2021-11-12,380.2338609862939,383.61139895682,378.64216811670263,383.0776062011719,34730600
2021-11-15,384.2520639854391,384.57233379501116,380.5542553619455,382.9903259277344,33716900
2021-11-16,382.2624512717048,386.21261385311277,382.06835820903535,385.7176513671875,27872900
2021-11-17,386.0378179314082,387.9498103200001,384.96051730776765,385.9213562011719,28703300
2021-11-18,387.95956602076205,390.42475188648945,385.7467040573551,389.9200744628906,45721500
2021-11-19,391.5505473687928,393.3654783977314,390.72557064137874,392.09405517578125,45191700
2021-11-22,393.62747444526104,396.6749976863973,387.4353370494543,387.5420837402344,61715400
2021-11-23,386.38724201638104,388.4448413938439,381.35009396288643,385.77581787109375,70098700
2021-11-24,383.3007983141152,387.2994751600256,380.98119017518985,387.0180358886719,46954400
2021-11-26,384.4461499286158,385.83406472835935,378.2928408154908,379.6807556152344,51533300
2021-11-29,384.2326523524898,388.9301303425207,383.50473682393,387.9207458496094,54447100
2021-11-30,387.0375420797313,389.37658088970477,380.2145483069959,382.2236022949219,81332700
2021-12-01,386.55214759900076,388.6873777033957,375.2549173147973,375.72076416015625,77766500
2021-12-02,374.4397488205954,380.20484237302816,373.02274816995504,378.4287414550781,84416600
2021-12-03,379.78754509111917,380.78721468882077,367.74296443943626,371.8484191894531,105349100
2021-12-06,372.33361117070314,376.18671148100873,368.13109604161446,374.82794189453125,67588800
2021-12-07,381.45680108951217,386.7269016988199,381.4179706399039,386.1154479980469,56005300
2021-12-08,386.4455080706862,388.04691628360314,384.55291587972,387.84307861328125,39204000
2021-12-09,386.6201233807701,388.41565388670045,381.9420468203761,382.13616943359375,49973700
2021-12-10,384.9410161939667,386.55213894230235,381.7770015516611,386.29010009765625,52545800
2021-12-13,386.2804424231825,386.6007121697364,380.34065744455205,380.70947265625,50166400
2021-12-14,375.89552074702993,378.6033744726611,372.333604453133,376.76904296875,75199200
2021-12-15,376.5167564381815,385.7176198838369,372.5763091981742,385.3584899902344,73858000
2021-12-16,386.3193444641887,386.7463906180366,373.86711934809614,375.4491271972656,82591400
2021-12-17,372.0424662855791,377.72992834906864,370.52840435609505,373.5759582519531,80492500
2021-12-20,368.8637138036954,370.73926838457805,366.82294125737684,369.9521179199219,65336800
2021-12-21,373.21726221519094,378.54270099200215,369.47588116207265,378.2317199707031,48899500
2021-12-22,377.9402260261032,383.04214206825503,377.27941354208144,382.83807373046875,37042200
2021-12-23,383.18793796010414,387.191722908839,383.0227496533543,385.7243347167969,29595500
2021-12-27,387.01684296389,392.0993347167969,386.98769033901556,392.0993347167969,32820700
2021-12-28,392.99335611331765,393.16827185713237,389.40743508116805,390.28204345703125,33113700
2021-12-29,390.4180644232136,391.68138419397815,387.85251517842977,390.22369384765625,32248500
2021-12-30,390.0099560416265,392.1867941156094,388.4745350309547,389.0576171875,23850100
2021-12-31,388.3870569415254,389.74756213146014,386.1324885371826,386.62811279296875,34752900
2022-01-03,387.79424508803385,390.60274297844256,385.6854694703421,390.3500671386719,40575900
2022-01-04,390.8942563348898,390.9331363836019,382.1967212273756,385.2870178222656,58027200
2022-01-05,383.60575524836423,384.7233414945628,373.19785520664453,373.4505310058594,75739800
2022-01-06,371.633325336353,376.4242607153945,369.40790966584495,373.18817138671875,70814300
2022-01-07,373.19786937744817,374.879082866367,367.3768356036122,369.1454772949219,72652300
2022-01-10,364.247661267894,369.9035067803641,358.8930693798572,369.388427734375,91770500
2022-01-11,368.6596305357724,375.1026272800993,366.5800075141089,374.93743896484375,68295700
2022-01-12,377.5029014224506,379.1938423091481,374.15023158187194,376.4242248535156,54576400
2022-01-13,377.80421225379126,378.4844796816255,366.0746852629771,367.0075988769531,77994000
2022-01-14,364.4906577143769,369.62172708866956,364.28655969146627,369.29132080078125,80121200
2022-01-18,363.4896631089423,365.60816590328847,359.3400857230348,360.09808349609375,75450900
2022-01-19,361.65290470505374,364.12126822329196,355.8804495871659,356.1428527832031,81791500
2022-01-20,359.35956284867154,363.3244676788671,350.9827067803879,351.5171813964844,88610700
2022-01-21,349.33063330077016,351.9641855527727,341.4882521292177,341.77008056640625,143388900
2022-01-24,336.1531465939222,343.9955285035301,324.7248437265914,343.3346862792969,198685800
2022-01-25,336.8916353592966,341.12864040252816,332.04236606432556,335.3756103515625,124398400
2022-01-26,342.95564528881357,346.8136666435928,331.16778546967276,334.85089111328125,146559500
2022-01-27,339.54463373353155,341.3618827840196,330.458358824308,331.478759765625,95255700
2022-01-28,333.35436427188864,342.09077942524294,328.4176657314298,341.8769836425781,108167900
2022-01-31,343.2374887444185,353.3927134005564,341.6048530649411,352.80963134765625,94326400
2022-02-01,354.1507095470386,355.86107565255384,349.0099431185774,355.2099609375,74433000
2022-02-02,359.33038818012415,359.66079442430265,354.014676339823,358.09619140625,78777100
2022-02-03,348.41717982324013,351.7212723367331,342.5183851878919,343.57763671875,95384800
2022-02-04,344.0926331636336,351.20616877842735,342.042163091647,347.91180419921875,86318300
2022-02-07,348.504617817624,350.8660691597223,343.8594455728271,345.1130676269531,58198100
2022-02-08,343.9760806328479,350.07894372085246,342.84879641190577,348.99053955078125,64720900
2022-02-09,353.49960591720173,356.4635641696809,351.90585037410443,356.3858337402344,55766400
2022-02-10,349.379228283614,356.15263093726315,346.4833023037305,348.3199768066406,112468500
2022-02-11,348.31991658227116,349.9136720637054,336.04616065472436,337.2706298828125,101569100
2022-02-14,336.7167744589985,341.080148142114,334.1901346782162,337.6885681152344,80254400
2022-02-15,342.9556624755889,346.3180598271027,341.89641107359364,346.0848388671875,55128800
2022-02-16,343.8399623458286,347.0177162208431,340.81766932337564,345.9973449707031,58947100
2022-02-17,342.79043865220996,343.49013117675463,335.28819145000847,335.7060852050781,61801400
2022-02-18,336.63897933491177,337.0276907913628,329.57405148795016,331.877197265625,80001500
2022-02-22,328.9424147753113,334.335887190417,324.9192045876381,328.5439758300781,85967100
2022-02-23,331.6926034563906,332.52833172919344,319.81728430674264,320.1282653808594,86215400
2022-02-24,309.84666126748215,331.4204905908158,309.28303404047006,330.885986328125,130614100
2022-02-25,331.6828380897231,336.2211267970796,327.87342416629815,336.01702880859375,78842100
2022-02-28,332.84903222013645,338.70894638542165,331.6925954747324,337.01800537109375,77515500
2022-03-01,335.99757652942674,338.2618421595854,329.340785640076,331.85772705078125,67407000
2022-03-02,333.40293820348495,338.7575304772675,330.6430479137597,337.4261779785156,70609000
2022-03-03,340.0597816311154,340.1666943657165,330.75001050551754,332.60614013671875,71089400
2022-03-04,330.25431360650526,331.68285129887664,325.47310598980715,327.78594970703125,76936300
2022-03-07,327.7762547430773,328.9326914399779,315.49277003733135,315.69683837890625,89933800
2022-03-08,314.90969938541224,323.8113321836429,310.9156419859536,314.2294616699219,116153900
2022-03-09,322.39247538843205,326.89188378400235,319.80750126584053,325.54107666015625,64723400
2022-03-10,321.48876658130735,323.13110014148594,317.4946794549364,321.9260559082031,69362700
2022-03-11,324.89005326370767,325.20103434271135,314.76395059746164,315.2498474121094,66228400
2022-03-14,314.0156131922107,317.37801012839185,308.49583367294395,309.1955261230469,79802600
2022-03-15,311.829144478583,319.6715261837505,310.22569092178213,318.8940734863281,76471000
2022-03-16,322.800653231215,330.83737463264583,319.1369728320609,330.72076416015625,105243000
2022-03-17,328.8257548036188,334.7828535760516,327.53328252529974,334.72454833984375,67810000
2022-03-18,333.07246081620576,341.8672088905822,331.9160242963079,341.5756530761719,85446300
2022-03-21,340.74282192680533,342.96124908547716,336.2475605981634,340.62603759765625,73799100
2022-03-22,341.122308670876,348.18626177305254,340.7428560668275,347.3202819824219,63345900
2022-03-23,344.4499479211533,348.0013735104719,342.27041906584384,342.32879638671875,70615500
2022-03-24,344.2456558101581,349.986350676726,342.0953449451577,349.93768310546875,53555300
2022-03-25,349.87926124638847,350.9301124529747,345.354840528707,349.645751953125,57584200
2022-03-28,349.63598379052814,355.1528779384518,348.4002909572127,355.0555725097656,56833900
2022-03-29,358.9378487657722,361.7887169830254,356.1745465351108,361.166015625,68073000
2022-03-30,359.3076500976555,360.9617537405955,355.6978463822823,357.1767883300781,68757700
2022-03-31,357.32269270861195,357.6729863672548,351.9128426053536,352.7496337890625,67011400
2022-04-01,353.0123751542418,353.7907594126433,348.9063343502432,352.07830810546875,54527800
2022-04-04,352.91499315262814,359.3367658186783,352.6522952034234,359.3270263671875,45950200
2022-04-05,357.87726798482333,358.58756498360026,350.2100630749874,351.3484802246094,62738700
2022-04-06,346.04568812065344,347.14517729248894,341.0931468145804,343.7202453613281,90077100
2022-04-07,342.72775047428837,346.72677537860693,339.2736300898147,344.53753662109375,63777400
2022-04-08,342.8055985586758,343.55479400380557,339.08875060779496,339.72119140625,61956100
2022-04-11,335.49841960824415,336.4130373274305,331.34374144933133,331.6842956542969,66107400
2022-04-12,336.4228310000177,338.30070461598547,328.91130684268944,330.2832336425781,72790200
2022-04-13,330.623631187413,338.04758648746486,329.9036245154841,336.99676513671875,61367800
2022-04-14,337.0844416078651,337.60012784881053,329.07668084639755,329.2907409667969,73519400
2022-04-18,328.23986095023514,331.8302147855973,326.72199116380807,329.5436706542969,58560600
2022-04-19,328.90154118292037,337.4833653188138,327.8799081782232,336.9093017578125,56515700
2022-04-20,337.7167896010132,338.17409838271,330.77933135021743,331.9955749511719,65500000
2022-04-21,335.86806055331436,338.47567936019027,324.2018629879423,325.1261901855469,75801000
2022-04-22,325.2819686952848,326.49821249247435,316.1844591536162,316.6125793457031,82562100
2022-04-25,314.9876603786092,320.99102248743816,313.72274914952385,320.6796569824219,101755900
2022-04-26,318.62667850838835,318.8115499365744,308.303185966465,308.5756530761719,105819600
2022-04-27,308.67292069034227,314.1606266790587,306.49342141772047,308.2059020996094,111204200
2022-04-28,313.1584468432036,320.98133496122966,308.9453618627923,319.152099609375,99450000
2022-04-29,314.95845789599684,318.39312867132884,304.15820867399975,304.7906494140625,91977900
2022-05-02,304.38198013377917,310.11293432187523,301.28786349211373,309.8794250488281,115511800
2022-05-03,309.8989310807388,312.49684099353664,307.44699418380907,310.2102966308594,78185500
2022-05-04,310.6870604224948,321.37055722131646,305.4134436526735,320.6991882324219,116083400
2022-05-05,316.388786116127,316.4666126482784,301.2586965808234,304.54742431640625,154607400
2022-05-06,302.55281558180513,306.58099955377276,296.8704984927838,300.8987121582031,139572800
2022-05-09,295.28450156266166,300.9959768480374,287.73405167201895,289.12542724609375,113387300
2022-05-10,296.28670102456,297.50294470917896,288.5611187643844,292.6379699707031,124124600
2022-05-11,290.38063535798904,295.87805126741296,283.09291217982707,283.9588623046875,140326100
2022-05-12,279.68741206372414,287.76325832357395,277.24518522152556,283.2874755859375,120910900
2022-05-13,287.73398275428775,294.81738270886206,286.1382572550913,293.7860107421875,83684900
2022-05-16,292.0444589770364,294.097493977759,289.10602460905653,290.3806457519531,59190400
2022-05-17,296.2283334335822,298.2813385877997,292.4336292581644,297.9018859863281,62715300
2022-05-18,293.39691278746375,294.0877309048691,282.02259916541067,283.27777099609375,79477100
2022-05-19,281.477801489962,286.44008315611245,279.8139582491124,281.75994873046875,79920700
2022-05-20,285.2140563496369,285.8659464335845,272.6429466835041,280.88421630859375,91764200
2022-05-23,281.9252233576135,285.9339568990988,279.5316646330899,285.55450439453125,63648400
2022-05-24,280.3490118990601,281.05927913833256,274.62779740934184,279.4830322265625,73491100
2022-05-25,277.99436128506386,285.4669845959224,277.7900406726398,283.3945007324219,67144500
2022-05-26,282.59661264754214,292.7936088613913,282.31443584081836,291.24652099609375,59462200
2022-05-27,294.36990205158577,300.898689886617,294.2531474079172,300.75274658203125,66985600
2022-05-31,300.7235693775658,302.9225178684783,296.1115529228091,299.95489501953125,60968300
2022-06-01,302.0857387437467,304.2068605762267,295.52776238187124,297.7364501953125,65341700
2022-06-02,296.6175558367454,306.06532974173575,295.2067010945053,305.89019775390625,59291300
2022-06-03,300.68465418988353,302.0857694144157,296.6856588527265,297.93109130859375,60914700
2022-06-06,302.35819408690884,303.9149920144616,297.366725021666,298.92352294921875,51785000
2022-06-07,295.6056357754856,302.28039753027656,294.51588602616147,301.5019836425781,44900300
2022-06-08,300.7041112591163,303.30202113308343,298.48568371120905,299.33221435546875,38342100
2022-06-09,297.64890422197186,300.70409308352015,291.1493047438415,291.314697265625,55900500
2022-06-10,285.7199592604515,286.9070142794272,280.5922865971238,281.03985595703125,85963500
2022-06-13,272.1953595630183,274.7154131267683,267.11632432016336,267.9725646972656,94442000
2022-06-14,270.16178660559007,271.13478157440943,265.95844121386256,268.45904541015625,64697500
2022-06-15,271.8742356794198,279.08410143084166,269.14009281658394,275.1629333496094,86051400
2022-06-16,268.1477188735857,268.6050277631465,262.00812210331577,264.0611572265625,81910300
2022-06-17,264.8297459443836,269.70445991716934,263.20486108242034,267.27197265625,82703400
2022-06-21,271.74374383104197,276.32562334024476,271.63652291193824,274.0151672363281,51633700
2022-06-22,271.51955472177656,278.0121631524504,270.9249009892758,273.61553955078125,67472900
2022-06-23,276.0916057256148,278.5385272590604,273.26450217830984,277.6903991699219,57457800
2022-06-24,280.50781727099184,287.62435397714046,280.2738590479584,287.20513916015625,58422300
2022-06-27,288.56015599287156,289.12556482992136,283.96854832732276,285.0993957519531,54151500
2022-06-28,285.63551643685923,288.2189033828553,276.22807278418054,276.4132995605469,61609800
2022-06-29,276.27680789416553,278.16804887285934,273.7811552161931,276.666748046875,57302700
2022-06-30,273.69341734704597,276.80323985651665,268.8483358926801,273.2352294921875,79313600
2022-07-01,271.93872292223625,275.4287280627205,270.0669682110584,275.0387878417969,56675100
2022-07-05,271.31479546811505,279.86435457980684,269.79400777721827,279.74737548828125,61829300
2022-07-06,280.1275702404381,283.6370915253108,278.41179766771586,281.5411071777344,63194700
2022-07-07,282.35026024883626,288.2677001508207,282.35026024883626,287.5657958984375,56620100
2022-07-08,284.7385941034455,289.29122735114765,283.8027319087154,287.9264221191406,59895500
2022-07-11,285.51859569774575,285.74279570928866,280.8977430182285,281.7751159667969,55273900
2022-07-12,283.0229697590792,284.9336978808897,277.45646612405415,279.0455017089844,55797100
2022-07-13,273.5472478351174,280.8099774974258,272.98180922081616,278.4703063964844,73939400
2022-07-14,275.87716370186166,280.3323059408434,272.7673405416562,279.4646911621094,63741800
2022-07-15,282.4477089432289,284.6411556730268,280.83915754095693,284.5339050292969,63818100
2022-07-18,287.31226644957485,288.71607468593385,280.956156199217,282.1259765625,59519600
2022-07-19,285.74275384118346,291.0947845692624,284.14399021924294,290.80230712890625,55172600
2022-07-20,291.22151286932126,296.59300027762254,290.44160280286565,295.4134216308594,67769400
2022-07-21,295.8715712154252,299.71254226297543,293.2199368336219,299.654052734375,55049400
2022-07-22,298.72797102452967,300.79468073009497,292.5765732733218,294.3995666503906,57127700
2022-07-25,294.42885390109404,294.89680002951445,290.7243770736636,292.72283935546875,40582400
2022-07-26,291.0266360064873,291.28011059104534,286.1620660217167,286.97119140625,50074100
2022-07-27,291.5237860365318,300.78500824162353,290.9583473889746,299.0984802246094,69304400
2022-07-28,298.8839126594258,302.5981466237993,295.14043392960536,302.0229797363281,55139900
2022-07-29,303.56326636526245,308.4375920032889,302.1399418585824,307.53094482421875,57501000
2022-08-01,305.7664871766876,310.7967955595493,304.674642830118,307.34576416015625,46358800
2022-08-02,305.0548788766701,310.5433458150814,304.00200763677066,306.4294128417969,48676500
2022-08-03,308.106216586072,315.59320592571174,308.0477270385424,314.7743225097656,53735700
2022-08-04,314.8522267070254,316.5582408713588,312.7075112859387,316.24627685546875,38973700
2022-08-05,311.16731065282454,315.6906709474075,310.387430179786,313.6629638671875,53894000
2022-08-08,314.579322597665,318.2643126699159,311.1867802491914,312.6490783691406,43878500
2022-08-09,310.7577539801021,311.0112284399424,307.49197951935304,309.1102294921875,39764200
2022-08-10,316.4315380147607,318.03033145703176,313.9651298877678,317.73785400390625,51459600
2022-08-11,320.0581097552997,322.056572253908,315.232513331099,315.9344177246094,45897700
2022-08-12,317.9815802708066,322.28074013641935,316.9287387580482,322.0857849121094,40928400
2022-08-15,321.14016517050663,325.18585052977204,321.12064882265224,324.68865966796875,38266600
2022-08-16,323.71384260428925,326.0145407047035,320.8867385427882,323.9283142089844,41186900
2022-08-17,320.7988979479699,323.09956553572937,318.15699184017217,320.23345947265625,47842200
2022-08-18,320.1847787832666,322.18324085585533,318.57625690160626,321.003662109375,41937200
2022-08-19,317.97176495582306,318.6249079170469,313.98454048879444,314.74493408203125,51770600
2022-08-22,310.4946053994254,310.7285635567942,305.6495235537209,306.4586486816406,51098900
2022-08-23,306.22468679134613,309.03230364766176,305.45453486535706,306.2052001953125,39497100
2022-08-24,305.7275412706282,308.9056121762643,305.12312944820155,307.0923767089844,38057100
2022-08-25,308.86656343289775,312.54182469616995,307.82348016039754,312.5223083496094,38098300
2022-08-26,312.2299475086039,313.4290428850245,299.6249426696106,299.7126770019531,69047700
2022-08-29,296.9634719339838,299.49812774097546,295.6571559624215,296.7587585449219,48321900
2022-08-30,298.40625044577376,299.0204202958032,290.938779274153,293.45391845703125,51184500
2022-08-31,296.3493211651862,297.2462104165781,291.6407344093384,291.7479553222656,50044000
2022-09-01,289.26206269221797,292.24514843632187,285.58683084422876,291.87469482421875,57990700
2022-09-02,294.7408372208639,296.1154011716756,286.1425162096766,287.7510681152344,64666800
2022-09-06,288.22867904775904,289.1450548125981,283.5590659163592,285.68426513671875,57005400
2022-09-07,286.1620234334771,292.4498879753912,285.89879071160016,291.4555358886719,49260400
2022-09-08,289.3887830676894,294.2825963801712,288.02397753736875,292.9665222167969,55649800
2022-09-09,295.2185532672854,299.8686814828288,292.96661598386754,299.3714904785156,56125200
2022-09-12,300.74590746831177,303.26104653778367,300.43394347116856,302.9295959472656,45905700
2022-09-13,294.21422267387004,295.4035590732359,285.43070992372947,286.3178405761719,79562200
2022-09-14,287.45853861960694,289.46675884397393,285.69403473072657,288.5893859863281,54907200
2022-09-15,286.678645807711,289.07680611469806,282.1845013060577,283.7832946777344,65299400
2022-09-16,280.48824424377034,282.4379748363864,278.44102117141784,282.04803466796875,79920400
2022-09-19,279.41020817475714,284.40070814116905,279.351613522611,284.24444580078125,52613800
2022-09-20,281.744290332558,284.2639794331516,279.68364231837523,281.97869873046875,51271100
2022-09-21,282.8185346717677,287.07660060929834,276.79282401992526,276.9295349121094,82931000
2022-09-22,275.40607392081404,276.41198853056363,272.30043811253796,273.5212097167969,62757100
2022-09-23,271.0601491433292,271.35315224756005,265.65945607971884,269.06787109375,74815200
2022-09-26,268.59900813829785,272.9547121940601,267.16337976468253,267.9544372558594,71176700
2022-09-27,271.31407346333293,273.6579492275771,265.7473424447554,268.06195068359375,69780100
2022-09-28,268.0423230761711,274.6735615836087,266.56765151002577,273.3941955566406,79652100
2022-09-29,269.4096019608169,269.790496968335,262.5537600614113,265.5129089355469,81216000
2022-09-30,264.6925166849334,268.7552471712326,260.85441884856453,261.01068115234375,78482400
2022-10-03,262.77842001017177,268.726015698941,261.2744210462549,267.1341247558594,61267400
2022-10-04,272.4664578321804,276.2362162029278,272.4664578321804,275.5330505371094,66696900
2022-10-05,271.7731002272136,277.1737934825495,268.97998865251145,275.3865966796875,55766300
2022-10-06,274.3904289105847,277.5351382745961,272.89620541239293,273.218505859375,53489400
2022-10-07,268.5891726208745,268.716137588172,261.4794026880602,262.8076171875,71354700
2022-10-10,263.003011358752,263.3936820987609,257.47538399634095,260.18060302734375,60393000
2022-10-11,258.5106168700104,261.37209846846383,254.92641818707722,256.606201171875,66522500
2022-10-12,257.2409978311836,259.1551594459445,255.82492059020063,256.518310546875,50580200
2022-10-13,249.19364630263112,263.8526798927362,248.31468188857926,262.53424072265625,112894100
2022-10-14,264.8585952804451,265.45431746364756,254.057211485012,254.64315795898438,77244300
2022-10-17,260.60056088370277,263.92105379550384,260.50289319135663,263.0518798828125,64576500
2022-10-18,270.06401669504305,270.72810939440785,262.45615857108817,265.1321105957031,69781000
2022-10-19,263.6182883721529,267.28060307677697,261.8017945845762,264.1651916503906,53115400
2022-10-20,263.2764857007387,268.4135023741708,261.655327166655,262.8174743652344,60605500
2022-10-21,261.7138851597254,269.5170469661977,260.5810056434781,268.97991943359375,77897700
2022-10-24,269.2435533194643,272.8667941816801,265.61053674960255,271.93902587890625,63963600
2022-10-25,272.87667101411233,277.94531769892717,271.40196920443464,277.5644226074219,59014500
2022-10-26,271.9489110341405,277.33985891346197,270.94299616309354,271.4313049316406,63492400
2022-10-27,270.31785407941084,271.7730040137343,265.97189608491686,266.489501953125,57760300
2022-10-28,265.86450811669073,275.11307408957737,265.69847008078847,274.644287109375,62651300
2022-10-31,272.3981563143735,273.2185114080804,269.5366444923248,271.4508361816406,47742000
2022-11-01,274.91781546221085,275.4744945683269,268.3158718839912,268.6772155761719,45895900
2022-11-02,268.6478471155482,271.7046637298962,259.3992810100123,259.4676513671875,79803100
2022-11-03,256.86012727932194,258.315277528499,254.01816734137591,254.39903259277344,70038900
2022-11-04,259.32115839513125,260.3758918348881,253.02196566783292,258.49102783203125,78313200
2022-11-07,259.5361265621313,261.87025692631653,257.4071073523248,261.3330993652344,47333800
2022-11-08,262.84678581141725,266.47002753052357,259.3114062659565,263.2374267578125,63213800
2022-11-09,261.4990554724208,262.2803373839128,256.87964495483965,257.1628723144531,64862100
2022-11-10,269.55606917342607,276.43143143195243,267.44657286547397,276.1384582519531,99256700
2022-11-11,275.95295757603617,281.8908069268004,274.61499676162816,281.2266845703125,66961800
2022-11-14,279.1757569845967,282.4474303134182,277.7889773576387,278.7655944824219,55290700
2022-11-15,285.3772674842541,286.4027332966316,279.2831864661924,282.62322998046875,73985400
2022-11-16,280.6700097973448,282.71113601166286,277.94523967408276,278.7655944824219,48859800
2022-11-17,274.31223132284265,279.6250310314814,274.1559690015309,278.15032958984375,55462100
2022-11-18,281.1583477721119,281.2559856516127,275.7185826650507,278.1601257324219,53588600
2022-11-21,276.7733167687713,277.925717946162,274.46851441398985,275.29864501953125,40083500
2022-11-22,276.0311319845541,279.4199654529086,273.90208358861463,279.26373291015625,41873400
2022-11-23,279.28325456645376,282.6916394561302,279.10747060283614,282.0666198730469,46390000
2022-11-25,280.4747049756863,281.1778705742173,279.7227204371987,280.2110290527344,15498800
2022-11-28,278.2382202134206,280.2500491591081,275.17165785896117,276.09942626953125,38714200
2022-11-29,276.32413047917765,276.7245471910179,272.6422935981072,274.0095520019531,35618900
2022-11-30,274.2731605730631,286.607840114557,273.42350840960466,286.5003967285156,74718100
2022-12-01,286.8227229382906,288.83455209178715,284.0784308462688,286.8520202636719,51547300
2022-12-02,281.7931358717761,286.58832991112297,281.61732212434396,285.7093505859375,53583200
2022-12-05,283.5900753418602,284.8596656371709,279.45897432203,280.9141540527344,41482100
2022-12-06,280.75793423830896,280.8946451535179,273.70675658958163,275.0935363769531,53937600
2022-12-07,273.91183381771685,275.9627359474948,272.2613483259807,273.9704284667969,45614300
2022-12-08,275.31815931385347,278.1796405660975,273.247735611834,277.2127990722656,42594900
2022-12-09,276.19708332447607,278.96092644431246,275.0056092545373,275.4450988769531,47860500
2022-12-12,275.6208939066993,278.96093768122927,274.5856821096089,278.9023132324219,35732500
2022-12-13,289.71351202089016,289.9381447261777,279.2246519032776,281.90057373046875,80667700
2022-12-14,281.31454628132803,284.5959952651229,276.568201438254,279.8105773925781,64984400
2022-12-15,275.7283281481141,276.3924505124557,269.22408365411695,270.4155578613281,60554100
2022-12-16,269.7416650941332,271.27493134781093,266.23558334566127,267.8372497558594,68300400
2022-12-19,268.10647203993534,268.19457442821647,262.83968796572054,264.07318115234375,44167900
2022-12-20,262.90822781580704,265.6101539508655,261.33212415391915,263.86761474609375,51064200
2022-12-21,264.9053445923875,268.99737110826237,264.06342738976014,267.69537353515625,46394700
2022-12-22,264.68996240368404,264.81723138409126,256.9366225909554,261.1461486816406,60278400
2022-12-23,259.8832799000987,262.3992023384686,257.9841041168896,261.7334899902344,39373600
2022-12-27,261.12658406180833,261.23428470345584,257.4946674725042,258.0330810546875,38009000
2022-12-28,257.63174346128824,259.88332926061383,254.2641340024927,254.6263427734375,47139000
2022-12-29,257.42604987120274,261.7726133297164,256.73100004741883,260.83282470703125,45893600
2022-12-30,258.07221410162435,260.8035079939195,256.77021658327436,260.6762390136719,37858300
2023-01-03,262.9963506430321,264.46478367830906,256.6135724714864,258.91412353515625,42335300
2023-01-04,261.0286054739642,261.8215567248701,257.00508442738703,260.14752197265625,47754900
2023-01-05,258.48341681871744,258.6498225223838,255.76192174232918,256.0751647949219,45396700
2023-01-06,257.80792959551763,264.25924257268844,254.8612640638941,263.1432189941406,54659700
2023-01-09,265.13043312506403,269.4965949830019,264.2396101515992,264.8465576171875,45568700
2023-01-10,263.8186715744141,267.19607953150717,263.309625540085,267.08837890625,35247800
2023-01-11,268.15540234846856,271.81668497447413,267.3722203192831,271.708984375,44077000
2023-01-12,272.26700805799834,274.2053500565388,267.97917961826204,273.17742919921875,60600000
2023-01-13,270.6811365481586,275.30180669256583,270.3482953359978,275.05706787109375,44802900
2023-01-17,274.8612670906476,276.8975108319857,273.69630790097455,275.6150817871094,36269700
2023-01-18,277.1520216088116,278.69878771839575,271.82653224356756,272.0321044921875,47754500
2023-01-19,270.40698622570585,271.54257775743986,268.12603392620423,269.3594970703125,44150400
2023-01-20,270.9651076400739,277.06398142957494,269.90781894478795,276.73114013671875,60613600
2023-01-23,277.5729554754568,284.1025696870242,276.78000418290173,282.8788757324219,52799900
2023-01-24,281.26367076042936,283.45652127430446,280.7448255986518,282.3013610839844,44875100
2023-01-25,277.79812038931897,282.29152139938293,275.2626298782115,281.6748046875,50872000
2023-01-26,285.0913675625283,287.34295283320364,282.44817626621796,287.166748046875,51596300
2023-01-27,285.8550002018985,291.9832710677088,285.73753032433734,290.0253601074219,56441900
2023-01-30,286.76537113929567,288.1848682857215,283.78936851387857,284.1613464355469,49405800
2023-01-31,284.20053500918095,288.51773183569037,284.09286425715686,288.4198303222656,46705100
2023-02-01,288.2143007401595,297.0444688523918,286.1486890397739,294.5873107910156,67562200
2023-02-02,301.0973142806732,307.07871732986723,300.2749953441006,305.15997314453125,83070600
2023-02-03,298.52261628075865,305.81584484231445,298.1310401558854,299.73651123046875,76170800
2023-02-06,297.1228380507999,299.4723256290801,295.8599769007741,297.2011413574219,40802300
2023-02-07,297.0737669255531,304.4844657154547,295.95777341891034,303.3586730957031,67584000
2023-02-08,302.04688701348005,302.9866757686997,297.27937931859657,297.9646301269531,56720900
2023-02-09,302.3406240485,302.4874614037787,293.882463755572,295.331298828125,49137800
2023-02-10,293.1775729536534,295.2235861476785,290.9944916639258,293.3929443359375,50050100
2023-02-13,294.7928138514629,298.67926758197126,293.61805554298905,298.0918884277344,39636700
2023-02-14,296.5158625945339,301.2442047832247,294.5775198391969,300.29461669921875,64079100
2023-02-15,298.4834986177221,302.76152898056733,297.79824775573866,302.5951232910156,43100600
2023-02-16,297.97446390652266,301.93922151897635,296.7703379509055,296.91717529296875,59498600
2023-02-17,294.7341021910548,295.5759894741586,291.8266035296301,294.82220458984375,58230700
2023-02-21,291.00426047826875,292.44332595656886,287.70518591500763,287.84222412109375,46526700
2023-02-22,288.41979533784604,290.12316793850295,286.40314988236787,288.0575866699219,51389200
2023-02-23,291.6993400918778,291.8559765400383,286.39338870857665,290.57354736328125,69294400
2023-02-24,285.6199969766415,286.80452447929275,283.94596196734597,285.7080993652344,74332000
2023-02-27,288.8603441290352,290.2504439084221,287.16674072491605,287.7541198730469,48995000
2023-02-28,287.1276031524654,289.888264514807,286.79476190581636,287.38214111328125,48243100
2023-03-01,287.0884842115543,287.74436763145235,284.09288293100525,285.07183837890625,58287000
2023-03-02,282.5852198180112,288.2337807308163,282.3013144366762,287.4310302734375,53565900
2023-03-03,289.17362474347476,293.6082911239611,288.6645488596202,293.3733215332031,60511500
2023-03-06,294.60682883540926,297.6024298511197,293.5104036107501,293.7061767578125,56736300
2023-03-07,293.75509026442063,294.6753105306391,289.4966292239997,290.10357666015625,65955800
2023-03-08,290.52459959908583,292.1496692392816,288.6743893244841,291.5525207519531,50876300
2023-03-09,292.05166584300946,294.6459207938577,285.6884576057452,286.5010070800781,71456700
2023-03-10,286.667559450301,288.1555911045752,281.33226927646217,282.4776306152344,98593600
2023-03-13,280.69585526234823,288.2729594904219,279.18825578177353,284.572509765625,97123600
2023-03-14,288.1162771828889,291.66008991516503,287.2743901250948,291.11187744140625,73602500
2023-03-15,288.50793666855026,292.97197088859144,287.06887104002726,292.6391296386719,83631500
2023-03-16,291.7287370132938,300.7155412720084,290.935785453722,300.35333251953125,98198100
2023-03-17,300.2652329091514,302.6440876100418,296.98572600084447,298.933837890625,89923700
2023-03-20,298.3180930386969,300.31823218096145,296.1120334587537,299.99468994140625,56359500
2023-03-21,301.9262335612874,304.7303661793029,300.4162998861101,304.27935791015625,49757000
2023-03-22,304.2107024963731,309.09345846451083,299.9750908495816,300.1417541503906,75791900
2023-03-23,303.86752938637034,308.0149018008704,301.0143557125229,303.7008361816406,74576000
2023-03-24,303.279226703165,304.91659613807786,300.9555157584749,304.8185729980469,57195200
2023-03-27,305.5147277600081,306.59325169668057,301.87718922602744,302.7301940917969,50287400
2023-03-28,302.15170469311755,302.18111762074943,298.8180799796666,301.1221923828125,48585900
2023-03-29,304.80879117992583,307.2305554441771,303.9949835955194,306.61285400390625,53274300
2023-03-30,309.0836355781901,310.1425609016153,306.7010984828793,309.5150451660156,58354800
2023-03-31,309.74055315519803,314.89783945673923,309.4366095821471,314.6625061035156,62138100
2023-04-03,312.54468103976296,314.16248187414095,311.22106933395645,313.8977355957031,47126800
2023-04-04,314.3389251874852,315.3488088526903,311.62300208821887,312.83880615234375,45875400
2023-04-05,311.8878162255016,312.82905996261115,307.9365194806115,309.7503967285156,62795700
2023-04-06,308.10321383756394,312.3290416783946,306.71096169967643,311.83880615234375,46916500
2023-04-10,308.91698582089475,311.7113339803602,307.13252153137245,311.66229248046875,45134700
2023-04-11,311.6229897418977,311.6818455118232,309.1522143470826,309.66204833984375,40113600
2023-04-12,311.61322373714347,312.201512176731,306.4657522535402,306.92657470703125,62813300
2023-04-13,308.6816800977096,313.4075576264741,307.50513281890755,312.93695068359375,54613800
2023-04-14,311.38773010113204,314.10362355280955,309.44638706855096,312.3486022949219,56278300
2023-04-17,311.93678450997794,312.9662968210018,309.86800544803737,312.6133117675781,43007000
2023-04-18,314.72128091692093,315.1429060589985,311.4367280039879,312.63287353515625,46746900
2023-04-19,310.23085986764687,313.54485692531114,310.10339383902857,312.4859313964844,38960100
2023-04-20,309.5248582838529,313.0349309116495,308.81891804476123,310.10333251953125,62462100
2023-04-21,309.7405682000311,311.2014602783377,307.96591824991697,310.4268798828125,59002300
2023-04-24,310.2013804516317,311.53480648026124,307.6129229773322,309.77978515625,44043100
2023-04-25,308.1521690047282,308.8188819521726,303.83810356851995,303.9361267089844,57121600
2023-04-26,307.3187345878107,308.7894406186017,305.2597401603852,305.7793884277344,55400500
2023-04-27,309.53471825160346,314.5939224699134,308.89738814047394,314.0939025878906,65430400
2023-04-28,313.8584852685594,316.348889413881,312.7309498621825,316.2606506347656,59712600
2023-05-01,315.79980461156106,317.3097378697063,314.8193339101976,315.8978576660156,41013400
2023-05-02,315.8292415818343,316.15281369401094,311.407308807106,313.14276123046875,56519400
2023-05-03,313.5055780252668,316.1724601360595,310.9857605687903,311.0936279296875,59882100
2023-05-04,310.8680562966972,312.01522024964464,308.9659406314772,309.9954528808594,50224500
2023-05-05,312.2505645476067,317.4372639173498,310.0346907683038,316.5842590332031,51806100
2023-05-08,316.12343457922753,317.7117926187996,315.0449106259388,317.3686218261719,36465800
2023-05-09,315.71168935907775,316.57450870130435,315.0449762024855,315.3587341308594,31768800
2023-05-10,317.7901534376491,319.6432573935133,315.31937808475413,318.7902526855469,60446600
2023-05-11,319.33941538088317,320.36889795809157,317.79025445103406,319.82965087890625,44278500
2023-05-12,320.35903083067103,320.7806560298409,316.63325362889475,318.68243408203125,48432800
2023-05-15,319.1531099474747,320.64341502641423,317.6333620151676,320.4081115722656,33375600
2023-05-16,319.69228918290435,322.47682251213666,319.6530619750018,320.77081298828125,40019200
2023-05-17,321.8297425794394,325.231977629507,320.6531955111161,324.65350341796875,47486100
2023-05-18,325.0457029529377,330.89911544003,325.02610430665504,330.68341064453125,64213500
2023-05-19,330.89910524485487,331.60504547004615,328.87933764086796,329.9382629394531,61554900
2023-05-22,329.68333472224884,332.0560874268677,329.67352043849854,331.04620361328125,43015900
2023-05-23,329.3303205442426,330.4774545167614,326.4967458351413,326.8497009277344,48216700
2023-05-24,324.89859560084017,326.40852897088314,323.1239458935844,325.1731262207031,62891200
2023-05-25,332.5169418049666,334.35041774617036,330.09517729270715,333.0856018066406,66862800
2023-05-26,334.1053167657876,342.4295062108616,334.0072636787585,341.5960998535156,63007000
2023-05-30,345.82193044815233,347.0181063079632,341.72356870219113,343.145263671875,72652200
2023-05-31,341.5667061131397,343.753167398188,339.7430442626459,341.1941223144531,65105400
2023-06-01,340.9391751193457,346.45920144834014,339.89006401888,345.1355895996094,50488600
2023-06-02,346.8906232177797,348.88097812444437,345.1356016946734,347.7240295410156,53372100
2023-06-05,347.50823273703185,350.5182850513824,346.9395728806308,347.96905517578125,47266200
2023-06-06,347.3611865599489,348.8711199384058,346.03754502332214,347.9102478027344,41390400
2023-06-07,348.1946737169717,350.14580144718644,341.38038824550114,342.0079040527344,69225900
2023-06-08,342.3019691584915,346.7140878648296,342.07648001887725,346.2532653808594,47153900
2023-06-09,347.70437029041926,350.6751956662481,346.13561100038805,347.576904296875,53196900
2023-06-12,349.2339381988758,353.54800424786055,348.26328156629364,353.449951171875,44606500
2023-06-13,356.19524544667877,356.9992087625755,352.99890106254253,356.16583251953125,57097800
2023-06-14,356.1756293780162,359.0386173810698,353.3813114361752,358.7542724609375,69525600
2023-06-15,357.48943002914655,364.50960427288277,356.8717585834689,363.02911376953125,71138800
2023-06-16,365.4410616920559,365.56852767790195,360.3034045010426,360.7445983886719,80932000
2023-06-20,359.2954729797386,361.6223714308522,357.2729350033405,360.2281799316406,49204700
2023-06-21,359.0893221292644,359.5213235035701,354.39624352898204,355.31915283203125,53378300
2023-06-22,354.0722672543528,359.66859981894015,353.66971914615306,359.51153564453125,47603000
2023-06-23,355.6235547510104,358.24501657924264,354.25884613080376,355.94757080078125,48922900
2023-06-26,355.41729341976225,358.2056464908537,351.0874824651817,351.17584228515625,52685500
2023-06-27,352.71734684864873,357.94061440220145,351.9908127020582,357.21405029296875,49428100
2023-06-28,355.39768681283925,359.8551088807115,355.319124771365,357.9111328125,46498000
2023-06-29,357.61657056755206,358.2547747954641,355.55478139707867,357.19439697265625,46151000
2023-06-30,360.86634156845207,363.75288206761866,360.5521833221343,362.7023620605469,58712500
2023-07-03,363.340578916159,364.18492611888274,362.2605755477355,363.55657958984375,19432900
2023-07-05,361.99552753787094,365.2453357090174,361.9562465130662,363.5467834472656,34460900
2023-07-06,359.84530813103913,361.2198442191098,357.8914743704505,360.77801513671875,49374700
2023-07-07,360.5522181880964,363.74311945992883,359.3544017429337,359.5802001953125,47133700
2023-07-10,359.3053082299297,360.37548387562833,356.8016898800324,359.6980285644531,48498800
2023-07-11,360.1201872029611,361.92672448646726,357.9896339609882,361.47509765625,38214100
2023-07-12,365.569214554658,367.3855793954897,363.5663023540168,366.0404968261719,61975400
2023-07-13,369.21182760798246,373.0801843408442,368.6325598689431,372.2554626464844,46960000
2023-07-14,372.6874438132465,375.89797058834614,371.30307998472483,372.1769104003906,55148500
2023-07-17,372.89365716262023,376.52638788344984,372.4125769721447,375.6525573730469,40868900
2023-07-18,375.0143841544682,380.09038542435553,373.090033424241,378.72564697265625,55262000
2023-07-19,379.7860057687003,380.92491572466935,377.31181070611046,378.63726806640625,54093000
2023-07-20,375.65253408673993,377.115460023706,368.88783871111735,369.908935546875,71941700
2023-07-21,372.2849030541567,373.0114671113866,368.36746765069796,368.7994689941406,60499600
2023-07-24,369.7714729152002,370.7140077219881,367.5329340224281,369.3885803222656,40380100
2023-07-25,370.095471695657,373.5514524681498,370.0758162038911,371.8921813964844,38894400
2023-07-26,370.8514960109942,372.3438453645333,368.3576752820925,370.6551208496094,47075700
2023-07-27,376.1042086566428,377.7143710863636,368.4853079954955,369.771484375,63940200
2023-07-28,373.8165789418556,377.52784187278996,373.3060454566325,376.50677490234375,56902900
2023-07-31,376.8110487527904,377.8812242499964,375.3874040297104,376.7030334472656,44019900
2023-08-01,375.3579718103383,376.58524148091766,373.7674351112896,375.8292541503906,41060600
2023-08-02,372.36350031009584,372.36350031009584,366.34496417048905,367.5820617675781,72687100
2023-08-03,365.17661551334044,369.1137069387702,365.00969362345404,366.99298095703125,47666400
2023-08-04,368.9172470740112,371.2245199477733,364.77398364622474,365.27471923828125,61702800
2023-08-07,367.081316303995,368.465680253714,364.7544175239334,368.36749267578125,37230400
2023-08-08,365.86385012005445,365.88347564929074,362.11330661375916,365.2354736328125,44726500
2023-08-09,365.5202065601103,365.6773006810435,360.46386126579614,361.2198486328125,51150900
2023-08-10,364.22420808465364,367.55254806206125,360.36567918634705,361.8874816894531,72035300
2023-08-11,359.3347462513254,361.3082055490264,358.05839772764824,359.5802001953125,48707200
2023-08-14,358.7848714913994,363.7332305597523,358.06816527154604,363.61541748046875,42130800
2023-08-15,362.64349965171095,363.4387980814516,359.08933095428296,359.7569885253906,45539900
2023-08-16,359.21700480326405,360.74863532223833,355.84938321107353,355.94757080078125,53190500
2023-08-17,357.34168326886675,357.68532480398335,351.647163405317,352.05950927734375,62604300
2023-08-18,348.7998996743189,352.87442935667116,348.25988299283443,351.6177062988281,61191400
2023-08-21,353.08063546796353,357.9602617765913,352.6191807882189,357.2828063964844,50696500
2023-08-22,359.88458677069144,359.89441451720785,356.084964236424,356.7722473144531,44530200
2023-08-23,357.9503558004392,363.48781074718164,357.73435514728317,362.3979797363281,51770600
2023-08-24,365.8638383962967,365.96199600197286,354.44531633819787,354.6514892578125,66842500
2023-08-25,355.4860812682195,359.08932875257835,352.05952348779107,357.4006042480469,69960500
2023-08-28,360.3165882637422,361.0234968724042,357.6264224298036,360.0907897949219,40910000
2023-08-29,359.894349351779,368.3085168289508,359.5703633644609,367.9550476074219,58492400
2023-08-30,368.0631343691088,370.5864083201941,367.0616630158769,370.0071105957031,41731500
2023-08-31,370.0856215876183,372.81506810320485,370.01688729587056,371.11651611328125,35730700
2023-09-01,373.48274660106966,373.9049202292134,369.2412949010862,370.7238464355469,39801200
2023-09-05,369.9187507989002,372.41257147292936,368.99584149345577,371.19512939453125,32344200
2023-09-06,370.4195105332614,370.7631520991207,365.9228067858147,367.9256896972656,42998700
2023-09-07,363.4779770278723,366.0699848231413,362.43725479685475,365.2943420410156,52060700
2023-09-08,365.2452889138303,368.0336420648667,364.84274085842384,365.8049011230469,35800100
2023-09-11,368.8289055609646,370.6256151868504,366.86527407523045,370.1150817871094,39936600
2023-09-12,368.44602304662743,370.09549644535633,365.7264039301276,366.0111389160156,41391000
2023-09-13,366.2467380119388,369.0056379476659,365.11765586117525,367.4052734375,46300700
2023-09-14,369.1528840069852,371.3914226563391,367.09109495933035,370.40960693359375,48039400
2023-09-15,369.07440557821735,369.47695367857045,363.13440161463706,364.067138671875,69811200
2023-09-18,363.1290299811099,365.5576261295409,362.84388290130045,364.4465637207031,36903500
2023-09-19,363.12912296972536,364.4663109860004,360.6513463421351,363.6698913574219,37621700
2023-09-20,364.73178260120466,365.0857335236067,358.3505539717861,358.4292297363281,45514200
2023-09-21,354.7518946939296,355.5385022910984,351.69404205184406,351.8611755371094,69734800
2023-09-22,353.6015081048086,355.73511547676003,351.59569633093804,351.91033935546875,51589700
2023-09-25,350.94681043902585,353.67039640628593,349.9635733403217,353.5818786621094,39168000
2023-09-26,351.00576704465425,351.54656539828693,347.28913238471915,348.2723693847656,53657700
2023-09-27,349.42273688914025,350.99592194189563,345.47010531826623,349.08843994140625,56066000
2023-09-28,348.17404910105444,354.13249308803233,347.3186376888386,352.0086975097656,56453300
2023-09-29,355.4795169704476,356.86588475516515,351.0352664817327,352.2643127441406,64829600
2023-10-02,352.5298479643452,356.60043406755216,351.9202457464846,355.2042541503906,51625100
2023-10-03,352.7657699218875,354.9583992356811,347.35796641786914,348.9704895019531,60478500
2023-10-04,349.8062792129742,354.5651435428626,349.34415654013293,353.7195739746094,54786700
2023-10-05,353.7097246571762,354.1128554915843,349.1868577474628,352.6773376464844,45897400
2023-10-06,349.688234949587,359.776256226346,348.90165734771625,358.5865478515625,75049100
2023-10-09,356.22680543610494,360.9561737004849,354.7322957786889,360.4154052734375,45304800
2023-10-10,360.7496733940791,365.0562565426873,360.2482428946755,362.4113464355469,46968800
2023-10-11,363.73874162546696,365.18410138834133,362.0180766699506,364.9972839355469,38215100
2023-10-12,365.49869589817166,367.4749818375131,361.3395926419249,363.7288513183594,49587900
2023-10-13,364.3581312910555,364.93823750281996,357.76058961591417,359.15679931640625,52469900
2023-10-16,360.4743809378837,364.2696917484524,360.32690137403074,363.2176208496094,44201100
2023-10-17,359.6779421188621,363.71906198916196,357.5639884669209,362.02789306640625,50999100
2023-10-18,359.54030231128763,361.7427436832014,355.9514631035713,357.2788391113281,54280500
2023-10-19,358.6947468339087,359.88445539879183,353.139462867254,353.9358825683594,72274200
2023-10-20,353.4343398496626,354.0046340746767,348.429667456951,348.65582275390625,72559700
2023-10-23,347.33831149401016,353.2377334816468,345.23416991553404,349.7079162597656,60665200
2023-10-24,351.5171458663562,353.87690917799586,349.8259766585777,353.1099853515625,47082100
2023-10-25,350.7206266292562,350.8976020760696,343.88711793030996,344.46722412109375,71190500
2023-10-26,343.267696574336,344.2017837265647,336.611192887755,337.89923095703125,78621400
2023-10-27,340.6227965987471,342.99240143827143,338.3121835804546,339.5215759277344,63476700
2023-10-30,341.99931460839315,344.66390849909146,340.64247274510757,343.34637451171875,55298500
2023-10-31,343.3758796725124,345.3620076760577,340.8096154144831,344.9883728027344,47671900
2023-11-01,345.82413531822857,351.53674015994443,345.7258056123409,350.9762878417969,58992700
2023-11-02,355.47954231671883,357.5836540648614,354.26030793338845,357.3476867675781,58162400
2023-11-03,358.6357083226237,362.8341196576423,358.40955300253114,361.54608154296875,53280500
2023-11-06,362.313003197506,363.58138736654087,360.7595018944036,363.02093505859375,38848700
2023-11-07,364.06313450375467,367.31764640624897,362.86358422507635,366.4524230957031,50777400
2023-11-08,366.8260836356328,367.5242035801458,364.40732877415047,366.6884460449219,35663400
2023-11-09,367.37671014263054,368.51723872892944,363.3749281000011,363.8665466308594,53859400
2023-11-10,365.5871838961083,372.1945376523924,365.05622752117154,372.04705810546875,58309800
2023-11-13,370.47383709370797,371.9388504614795,368.9498019068637,370.88677978515625,40733500
2023-11-14,377.2778578949994,379.7851302288468,376.7567434893468,378.8706970214844,67792600
2023-11-15,380.758534408368,381.2501529163194,377.7989813885765,379.1558532714844,54141400
2023-11-16,378.3889379647799,379.716313966797,377.13039575684087,379.4803466796875,45343500
2023-11-17,378.7527136312029,380.58155004111273,377.8481524011065,379.5688171386719,46571900
2023-11-20,379.5786789735627,384.8488455509978,379.5786789735627,384.1900634765625,44429600
2023-11-21,382.4890863357972,382.70539970508605,380.21781096127205,381.9581298828125,43337000
2023-11-22,384.0228838137554,386.4809763234996,382.5185323980325,383.52142333984375,44121000
2023-11-24,383.1183199603073,383.70826820602935,381.98760332618167,382.9806823730469,15718800
2023-11-27,382.4890102765454,384.5931217175673,381.7712365107241,382.6463317871094,34139700
2023-11-28,381.8990703724216,384.22933716140074,381.5450894644949,383.64923095703125,35491100
2023-11-29,386.1073622905768,387.53306802554647,382.93149579449295,383.275634765625,38811700
2023-11-30,383.54108852724886,384.0032111328756,379.35251917187975,382.3120422363281,52834400
2023-12-01,381.25021162109743,383.993451719553,379.5983803814753,383.40350341796875,40490100
2023-12-04,379.6180524022556,380.1195129833872,376.24555595923835,379.8442077636719,51186900
2023-12-05,377.94650066186034,381.9875904982216,377.769495189878,380.7978820800781,42933000
2023-12-06,383.72792726280227,383.8262569727363,378.2513194910496,378.5954284667969,41994100
2023-12-07,381.56479841909,384.7111388866254,380.4733897212856,383.8852233886719,49593500
2023-12-08,382.1547095742688,386.0384774318509,381.96789215768024,385.5960388183594,46687500
2023-12-11,385.1733183210806,389.1554468523065,384.96684691762977,388.88995361328125,41198000
2023-12-12,388.92923880289453,392.10510522515955,387.7985222148973,391.98712158203125,39221200
2023-12-13,392.92117519092295,397.58170908822694,392.15425151154363,396.97210693359375,55408100
2023-12-14,398.1913339633251,399.48918400821196,393.6290998471996,396.62799072265625,55447800
2023-12-15,397.40472954774,399.7251845064211,396.804969371436,398.5452880859375,62896600
2023-12-18,398.937396570173,401.9521089442053,398.61229349945984,401.0555725097656,46610000
2023-12-19,401.5087767415231,403.223016658827,401.3215861682606,403.10479736328125,35711900
2023-12-20,402.30686657439776,404.3954880510741,396.93750866811394,397.1148376464844,54042400
2023-12-21,401.03589782139267,402.099931688355,398.48423095913716,401.7353820800781,45568900
2023-12-22,402.94718451843084,403.9028306330073,400.46448897301167,402.33636474609375,34314000
2023-12-26,403.19346466087075,405.46927631391304,403.09493855857704,404.7993469238281,22722500
2023-12-27,405.0812491322591,405.909249511166,404.22364830383907,405.6233825683594,31980500
2023-12-28,406.7767300193373,407.0231598039009,405.07142508072366,405.42626953125,27029200
2023-12-29,405.40656720929155,405.7614417426566,401.75939435396884,403.67169189453125,42662100
2024-01-02,400.0442549519048,400.29068473861986,394.52422171313583,396.8406677246094,58026900
2024-01-03,394.2186667232616,395.2733934715993,392.20782124327246,392.6415100097656,47002800
2024-01-04,390.7785377799552,393.88354736855206,390.40395965579967,390.6208190917969,39432800
2024-01-05,390.7884332020524,393.8540058225515,389.6942691234185,391.0841369628906,44922800
2024-01-08,392.30633507346994,399.452798550121,392.1584832247877,399.1669616699219,42473800
2024-01-09,396.17040827853845,400.8821448631222,395.97325240533735,399.95556640625,39132900
2024-01-10,400.271030200219,403.67174362426346,399.3838888757624,402.66632080078125,33962800
2024-01-11,403.9378081334988,405.3276755701282,398.4670494895205,403.50408935546875,54536200
2024-01-12,404.5391210569186,405.3769883257372,402.3212530356836,403.71112060546875,39595000
2024-01-16,402.47898015651396,405.24884853688053,401.0201049980327,403.67169189453125,43903000
2024-01-17,400.36958802757596,401.76929247140635,397.1660005689436,401.39471435546875,54386000
2024-01-18,404.6573747867297,407.67367268220954,403.31681131396454,407.09210205078125,59562500
2024-01-19,409.29031383636556,415.322910326965,408.70874313748874,415.1651916503906,70325100
2024-01-22,417.3633373322154,418.6644937937395,415.1060321184477,415.70733642578125,44880600
2024-01-23,416.3973498492195,417.64923247175653,414.5639265966631,417.432373046875,33003800
2024-01-24,421.3358334298966,423.7114204029084,419.2559501955319,419.7488098144531,46948000
2024-01-25,422.24268883620135,422.9130007968281,417.92526373522617,420.26141357421875,44367200
2024-01-26,418.37866783333135,420.12338002200374,417.1070816175798,417.7576599121094,37137000
2024-01-29,418.2110796891318,422.2328309241424,417.5605013987106,422.0356750488281,38694700
2024-01-30,421.0006920698981,421.5723959912881,418.31953454242796,419.22637939453125,36739000
2024-01-31,414.83985337942465,416.83099495981367,410.8378365860268,411.0152587890625,64010600
2024-02-01,412.8093558640843,416.3480842137605,411.84334021005407,415.855224609375,51008600
2024-02-02,417.74774363318977,424.0957770602316,416.7521877951985,422.88336181640625,59602400
2024-02-05,422.94250089138296,423.4747675458047,418.9306169401223,422.33135986328125,39889200
2024-02-06,423.4748150690589,424.0761194292499,419.14752338273905,421.4836730957031,35846100
2024-02-07,424.26340818520896,426.6488318242442,422.96225161022807,425.8208312988281,37712700
2024-02-08,425.939093623751,427.3683984446145,425.2589750756409,426.6094055175781,29889900
2024-02-09,427.7429909674589,431.5971566394753,426.95442764216807,430.8085632324219,36943900
2024-02-12,430.7001425501812,432.86873678711555,428.44283719652174,429.12298583984375,33203300
2024-02-13,421.17807914380745,425.11108894421386,419.2559147597717,422.429931640625,64491700
2024-02-14,425.1012326116575,427.45708563986375,422.7552163189453,427.0332336425781,45092700
2024-02-15,427.7232693956781,428.7681292944683,425.1702303097586,428.3048400878906,38796100
2024-02-16,428.6794261127702,428.777973964782,423.711393051843,424.4211120605469,53716500
2024-02-20,422.42991403651456,423.9380630768234,417.45204454629345,421.2174987792969,53999500
2024-02-21,418.4870919149259,419.62069310797756,415.60880857574824,419.5319519042969,49779000
2024-02-22,428.28507368953393,432.8489578456421,427.51621400996174,431.81396484375,53887800
2024-02-23,433.3714286486903,434.29800707839775,429.566567077912,430.54241943359375,39853900
2024-02-26,431.35072755384294,432.3364467529688,430.1284152913282,430.3157043457031,33043200
2024-02-27,431.4197155682474,431.73512283553583,428.81740256122896,431.3507080078125,33713200
2024-02-28,429.21161269121444,430.43392469467966,428.09774541918654,429.05389404296875,32938800
2024-02-29,431.97175042801547,433.80517376266243,428.8075700303294,432.7307434082031,42495200
2024-03-01,433.6178894301376,440.2024867605996,433.5587486820372,439.246337890625,43853000
2024-03-04,439.246244733917,439.6701267810901,437.4325253193824,437.678955078125,34325700
2024-03-05,434.6430576497629,434.65292446863515,427.4571557431224,429.8228759765625,57917100
2024-03-06,434.03186124713403,435.67799537388134,430.65085179861904,432.5237121582031,46234500
2024-03-07,436.10189511921516,440.34047558255,434.56414551519805,439.088623046875,44526700
2024-03-08,439.4434689579782,442.233071106835,432.08014541762924,432.75042724609375,72096000
2024-03-11,431.26201928456317,432.3955903546936,429.22157330927075,431.14373779296875,45860000
2024-03-12,433.4503189575067,437.67903270870585,430.22699788911217,437.3241882324219,55300900
2024-03-13,436.32858007461937,436.348313710143,432.84899264375196,433.9628601074219,37928700
2024-03-14,435.19502676907297,435.7174567417653,430.158016096677,432.8687438964844,52195200
2024-03-15,429.8425567567074,432.6025583426968,426.5600951429745,427.7232666015625,73069800
2024-03-18,433.0364516339832,435.3164715118296,431.5657674247215,431.80267333984375,47323800
2024-03-19,429.7990038245889,433.28319240263966,427.7064906075456,432.8785095214844,43004100
2024-03-20,434.0727457479022,438.3465398397025,432.3750658747095,438.0109558105469,43653500
2024-03-21,443.05468775339364,443.50870969307005,439.8863537969903,440.083740234375,39345700
2024-03-22,439.57049567083743,441.68270825024166,438.72164062042333,440.5871276855469,28253900
2024-03-25,437.79384020612855,440.46869300537145,436.7969679128137,438.9881591796875,27789200
2024-03-26,440.50811062334685,441.4260644009586,437.3397769695949,437.5668029785156,34142000
2024-03-27,440.6463730296431,440.74508131419196,436.1948914538814,439.0572509765625,41359200
2024-03-28,439.0078908107103,439.8567458712152,437.8925505041075,438.2478942871094,36839600
2024-04-01,439.19538878529454,441.7221638936199,437.2706829241046,439.1756591796875,38729000
2024-04-02,434.36889648212224,435.7013830284785,432.34551218244235,435.3855285644531,44259700
2024-04-03,433.26337536409767,438.23797705114055,433.25352562203335,436.3626403808594,39949800
2024-04-04,440.53779879163534,441.1497781265479,429.46340363802244,429.6904296875,57267700
2024-04-05,431.1116991543282,437.4187875750618,430.3023334511116,434.7538146972656,54744600
2024-04-08,435.68162696824743,436.7574779320718,433.5003155689901,434.88214111328125,28144900
2024-04-09,437.21153507302864,437.4879002041386,431.7631810076288,436.49102783203125,39443600
2024-04-10,431.3288751692714,433.5397961490954,430.618217694108,432.68109130859375,61502200
2024-04-11,434.54659973375743,440.53780430215016,432.2764295752059,439.59027099609375,45474600
2024-04-12,435.37562694426873,436.50081692117146,431.2103908260492,432.58233642578125,53665000
2024-04-15,436.3232218411674,436.41205026337076,424.6269976397498,425.4659729003906,63453600
2024-04-16,425.30804607148355,428.13094646198545,424.12363698609965,425.5054626464844,47619000
2024-04-17,427.47948372681793,427.49921333458576,419.3858865543037,420.3136901855469,56880500
2024-04-18,420.9552383732777,422.68252783849687,417.3427322200064,417.91522216796875,46549400
2024-04-19,416.74072039081034,417.26384121041116,407.7094688229833,409.2689514160156,75231000
2024-04-22,411.8943216217803,415.71409354864323,408.5680609024508,413.3847351074219,47807700
2024-04-23,415.30946540362476,420.7479692653061,413.4341285924877,419.5536804199219,44384700
2024-04-24,422.64304601856844,424.1531892368131,418.6949560235198,420.9749755859375,48440300
2024-04-25,413.799362808419,419.8004773400626,412.7136619994115,418.9417724609375,57392200
2024-04-26,422.0705970919879,426.9366112542954,421.3796993486773,425.40673828125,41874900
2024-04-29,427.5090760688762,428.1309050863392,424.39996110309824,427.1340026855469,30022200
2024-04-30,425.5547604471097,426.9464658376995,419.0009464701138,419.07989501953125,43665900
2024-05-01,417.6585952639436,424.5579035239852,415.200918698871,416.04974365234375,52251700
2024-05-02,419.7806821980599,422.2581184594753,415.1713037166456,421.35992431640625,36559000
2024-05-03,428.8020404524184,430.8155747072914,427.00565234387034,429.82855224609375,48515300
2024-05-06,431.62498384078225,434.62554106855646,430.85510739461773,434.5367126464844,30227200
2024-05-07,434.980847312053,436.2343550995329,433.87535676036975,434.60577392578125,30996100
2024-05-08,431.99015297025323,435.7507063041749,431.87168496757545,434.34912109375,24896700
2024-05-09,434.6155829578941,435.869120749492,432.76985579243,435.296630859375,24580100
2024-05-10,436.79699336550215,438.54401253785653,434.7834588112103,436.3232116699219,27116600
2024-05-13,438.2281502264412,438.3268585097785,435.9185209797342,437.3299560546875,22994200
2024-05-14,436.9055419740339,440.6759754843591,436.71800527283966,440.1429748535156,34478300
2024-05-15,442.6105298202424,447.2692776184925,441.1003864725861,447.02252197265625,41464700
2024-05-16,446.8350091997646,448.7893248631938,445.9466948514933,446.114501953125,34780400
2024-05-17,446.2427421383118,446.8448415455645,443.7061171254062,445.8973083496094,35803700
